01_55.txt  ok  pieces 25  dropped 0  tries 1  toc 25  chunks 20  $0.021
    class canonical | title 'The Wonderful Wizard of Oz' | author 'L. Frank Baum' | date 1900-04 from 'Chicago, April, 1900.'
    body 2028-213433 of 232242 (9% outside) | body_start 'Introduction' | end matter '*** END OF THE PROJECT GUTENBERG EBOOK THE WONDERFUL WIZARD OF OZ ***'
    contents 'Contents' .. ' Chapter XXIV. Home Again' at 1004-1994
        2028    189 w  -            opening                                  | Introduction Folklore, legends, myths and fairy tales have f
        3261   1145 w  -            Chapter I: The Cyclone                   | Chapter I The Cyclone Dorothy lived in the midst of the grea
        9369   2004 w  -            Chapter II: The Council with the Munchki | Chapter II The Council with the Munchkins She was awakened b
       20232   1962 w  -            How Dorothy Saved the Scarecrow          | Chapter III How Dorothy Saved the Scarecrow When Dorothy was
       30775   1441 w  -            Chapter IV: The Road Through the Forest  | Chapter IV The Road Through the Forest After a few hours the
       38433   2061 w  -            Chapter V: The Rescue of the Tin Woodman | Chapter V The Rescue of the Tin Woodman When Dorothy awoke t
       49061   1500 w  -            Chapter VI: The Cowardly Lion            | Chapter VI The Cowardly Lion All this time Dorothy and her c
       57083   1806 w  -            Chapter VII: The Journey to the Great Oz | Chapter VII The Journey to the Great Oz They were obliged to
       66732   1930 w  -            The Deadly Poppy Field                   | Chapter VIII The Deadly Poppy Field Our little party of trav
       77038   1390 w  -            Chapter IX: The Queen of the Field Mice  | Chapter IX The Queen of the Field Mice “We cannot be far fro
       84495   1957 w  -            Chapter X: The Guardian of the Gate      | Chapter X The Guardian of the Gate It was some time before t
       94855   3609 w  -            Chapter XI: The Wonderful City of Oz     | Chapter XI The Wonderful City of Oz Even with eyes protected
      114013   3674 w  -            Chapter XII: The Search for the Wicked W | Chapter XII The Search for the Wicked Witch The soldier with
      133430   1192 w  -            Chapter XIII: The Rescue                 | Chapter XIII The Rescue The Cowardly Lion was much pleased t
      139902   1887 w  -            Chapter XIV: The Winged Monkeys          | Chapter XIV The Winged Monkeys You will remember there was n
      150053   2761 w  -            The Discovery of Oz, the Terrible        | Chapter XV The Discovery of Oz, the Terrible The four travel
      164814    930 w  -            Chapter XVI: The Magic Art of the Great  | Chapter XVI The Magic Art of the Great Humbug Next morning t
      169857   1158 w  -            Chapter XVII: How the Balloon Was Launch | Chapter XVII How the Balloon Was Launched For three days Dor
      175904   1168 w  -            Chapter XVIII: Away to the South         | Chapter XVIII Away to the South Dorothy wept bitterly at the
      182255   1018 w  -            Chapter XIX: Attacked by the Fighting Tr | Chapter XIX Attacked by the Fighting Trees The next morning 
      187749   1506 w  -            Chapter XX: The Dainty China Country     | Chapter XX The Dainty China Country While the Woodman was ma
      196132    900 w  -            Chapter XXI: The Lion Becomes the King o | Chapter XXI The Lion Becomes the King of Beasts After climbi
      201000    938 w  -            Chapter XXII: The Country of the Quadlin | Chapter XXII The Country of the Quadlings The four travelers
      206191   1257 w  -            Chapter XXIII: Glinda The Good Witch Gra | Chapter XXIII Glinda The Good Witch Grants Dorothy’s Wish Be
      213007     78 w  -            Chapter XXIV: Home Again                 | Chapter XXIV Home Again Aunt Em had just come out of the hou

02_54.txt  ok  pieces 24  dropped 0  tries 1  toc 24  chunks 22  $0.024
    class canonical | title 'The Marvelous Land of Oz' | author 'L. Frank Baum' | date 1904-06 from 'Chicago, June, 1904'
    body 936-243458 of 262265 (8% outside) | body_start 'Author’s Note' | end matter '*** END OF THE PROJECT GUTENBERG EBOOK THE MARVELOUS LAND OF OZ ***'
    contents 'LIST OF CHAPTERS' .. ' The Riches of Content' at 2319-3084
         936    351 w  -            Author’s Note                            | Author’s Note After the publication of “The Wonderful Wizard
        3115   1255 w  -            Chapter 1: Tip Manufactures a Pumpkinhea | Tip Manufactures a Pumpkinhead In the Country of the Gilliki
        9979   2051 w  -            Chapter 2: The Marvelous Powder of Life  | The Marvelous Powder of Life After considering the matter ca
       21448   1391 w  -            The Flight of the Fugitives              | The Flight of the Fugitives Tip reflected. “It’s a hard thin
       29368    972 w  -            Tip Makes an Experiment in Magic         | Tip Makes an Experiment in Magic The boy, small and rather d
       34961   1631 w  -            The Awakening of the Saw-horse           | The Awakening of the Saw-horse The Saw-Horse, finding himsel
       44284   2067 w  -            Jack Pumpkinhead’s Ride to the Emerald C | Jack Pumpkinhead’s Ride to the Emerald City At daybreak Tip 
       56052   1559 w  -            His Majesty the Scarecrow                | His Majesty the Scarecrow I suppose every reader of this boo
       65454   1741 w  -            Gen. Jinjur’s Army of Revolt             | Gen. Jinjur’s Army of Revolt Tip was so anxious to rejoin hi
       75598   1679 w  -            The Scarecrow Plans an escape            | The Scarecrow Plans an escape Tip slipped away from the girl
       85343   1605 w  -            The Journey to the Tin Woodman           | The Journey to the Tin Woodman Tip was well soaked and dripp
       94556   3823 w  -            A Nickel-Plated Emperor                  | A Nickel-Plated Emperor Tip awoke soon after dawn, but the S
      117249   1739 w  -            A Highly Magnified History               | A Highly Magnified History “It is but honest that I should a
      127647   1630 w  -            Old Mombi indulges in Witchcraft         | Old Mombi indulges in Witchcraft They soon discovered that t
      137114   1672 w  -            The Prisoners of the Queen               | The Prisoners of the Queen Approaching the gateway of the Em
      146896   1504 w  -            The Scarecrow Takes Time to Think        | The Scarecrow Takes Time to Think “It seems to me,” began th
      155561   1510 w  -            The Astonishing Flight of the Gump       | The Astonishing Flight of the Gump When the adventurers reas
      164142   2967 w  -            In the Jackdaw’s Nest                    | In the Jackdaw’s Nest “This,” said the Gump, in a squeaky vo
      181205   1905 w  -            Dr. Nikidik’s Famous Wishing Pills       | Dr. Nikidik’s Famous Wishing Pills The Tin Woodman was usual
      192300   2548 w  -            The Scarecrow Appeals to Glinda the Good | The Scarecrow Appeals to Glinda the Good “Hooray!” shouted t
      207401   1628 w  -            The Tin-Woodman Plucks a Rose            | The Tin-Woodman Plucks a Rose The Army of Glinda the Good lo
      216806   1159 w  -            The Transformation of Old Mombi          | The Transformation of Old Mombi The Witch was at first frigh
      223523   1975 w  -            Princess Ozma of Oz                      | Princess Ozma of Oz “You are my prisoner, and it is useless 
      234851   1507 w  -            The Riches of Content                    | The Riches of Content When the wonderful tidings reached the

03_486.txt  ok  pieces 22  dropped 0  tries 1  toc 22  chunks 20  $0.022
    class canonical | title 'Ozma of Oz' | author 'L. Frank Baum' | date 1907 from 'MACATAWA, 1907.'
    body 1933-221089 of 239882 (9% outside) | body_start "Author's Note" | end matter '*** END OF THE PROJECT GUTENBERG EBOOK OZMA OF OZ ***'
    contents 'Contents' .. "  21.  Dorothy's Magic Belt" at 1246-1898
        1933    274 w  1907         Author's Note                            | Author's Note My friends the children are responsible for th
        3449   1787 w  ~1907        Chapter 1: The Girl in the Chicken Coop  | 1. The Girl in the Chicken Coop The wind blew hard and joggl
       13033   2152 w  ~1907        Chapter 2: The Yellow Hen                | 2. The Yellow Hen A strange noise awoke Dorothy, who opened 
       25029   1752 w  ~1907        Letters in the Sand                      | 3. Letters in the Sand Walking a little way back from the wa
       35134   2042 w  ~1907        Tiktok the Machine Man                   | 4. Tiktok the Machine Man After an hour or so most of the ba
       47278   1811 w  ~1907        Chapter 5: Dorothy Opens the Dinner Pail | 5. Dorothy Opens the Dinner Pail "Now Tiktok," said Dorothy,
       57462   3753 w  ~1907        Chapter 6: The Heads of Langwidere       | 6. The Heads of Langwidere They walked slowly down the path 
       79221   2209 w  ~1907        Chapter 7: Ozma of Oz to the Rescue      | 7. Ozma of Oz to the Rescue Nanda brought Dorothy bread and 
       91816   1529 w  ~1907        The Hungry Tiger                         | 8. The Hungry Tiger The first thing Dorothy did was to rush 
      100591   2072 w  ~1907        The Royal Family of Ev                   | 9. The Royal Family of Ev The Tin Woodman was the first to a
      112184   2153 w  ~1907        Chapter 10: The Giant with the Hammer    | 10. The Giant with the Hammer The road led for a time throug
      124262   2894 w  ~1907        The Nome King                            | 11. The Nome King By and by, when they drew near to the moun
      140463    994 w  ~1907        Chapter 12: The Eleven Guesses           | 12. The Eleven Guesses Hearing this condition imposed by the
      146241   1417 w  ~1907        Chapter 13: The Nome King Laughs         | 13. The Nome King Laughs In a moment the King returned to hi
      154260   2020 w  ~1907        Chapter 14: Dorothy Tries to be Brave    | 14. Dorothy Tries to be Brave Meantime the Chief Steward had
      165591   1348 w  ~1907        Chapter 15: Billina Frightens the Nome K | 15. Billina Frightens the Nome King Now when Dorothy had ent
      173547   1570 w  ~1907        Chapter 16: Purple, Green, and Gold      | 16. Purple, Green, and Gold The yellow hen, stepping high an
      182726   1555 w  ~1907        Chapter 17: The Scarecrow Wins the Fight | 17. The Scarecrow Wins the Fight After Billina had entered t
      191680   1636 w  ~1907        Chapter 18: The Fate of the Tin Woodman  | 18. The Fate of the Tin Woodman Dorothy obeyed. She ran at o
      200837   1169 w  ~1907        Chapter 19: The King of Ev               | 19. The King of Ev If there were any shifting, rock-colored 
      207420   1351 w  ~1907        The Emerald City                         | 20. The Emerald City Dorothy decided to accept Ozma's invita
      215113   1060 w  ~1907        Dorothy's Magic Belt                     | 21. Dorothy's Magic Belt Dorothy passed several very happy w

04_420.txt  ok  pieces 21  dropped 3  tries 1  toc 21  chunks 22  $0.023
    class canonical | title 'Dorothy and the Wizard in Oz' | author 'L. Frank Baum' | date 1908 from 'Coronado, 1908.'
    body 1986-236680 of 255491 (8% outside) | body_start 'To My Readers' | end matter '*** END OF THE PROJECT GUTENBERG EBOOK DOROTHY AND THE WIZARD IN OZ ***'
    contents '   --To My Readers--' .. '  20.  Zeb Returns to the Ranch' at 1284-1947
        1986    669 w  -            To My Readers                            | To My Readers It's no use; no use at all. The children won't
        5655   1444 w  -            Chapter 1: The Earthquake                | 1. The Earthquake The train from 'Frisco was very late. It s
       13685   3203 w  -            Chapter 2: The Glass City                | 2. The Glass City When Dorothy recovered her senses they wer
       31563   2519 w  -            The Arrival Of The Wizard                | 3. The Arrival Of The Wizard The doorway of the glass palace
       45640   1844 w  -            Chapter 4: The Vegetable Kingdom         | 4. The Vegetable Kingdom After the Wizard had wiped the damp
       55946   2115 w  -            Dorothy Picks the Princess               | 5. Dorothy Picks the Princess The words of the cold and mois
       67844   1827 w  -            Chapter 6: The Mangaboos Prove Dangerous | 6. The Mangaboos Prove Dangerous When the Wizard awoke the s
       78015   1221 w  -            Chapter 7: Into the Black Pit and Out Ag | 7. Into the Black Pit and Out Again When they came to the mo
       84768   1656 w  -            The Valley of Voices                     | 8. The Valley of Voices By journeying through the glass moun
       94378   2731 w  -            They Fight the Invisible Bears           | 9. They Fight the Invisible Bears The strangers took their s
      109391   1587 w  -            Chapter 10: The Braided Man of Pyramid M | 10. The Braided Man of Pyramid Mountain The mountain before 
      118344   2171 w  -            Chapter 11: They Meet the Wooden Gargoyl | 11. They Meet the Wooden Gargoyles Another breathless climb 
      130833   2685 w  -            Chapter 12: A Wonderful Escape           | 12. A Wonderful Escape For a while the enemy hesitated to re
      145798   2067 w  -            Chapter 13: The Den of the Dragonettes   | 13. The Den of the Dragonettes Our friends had a good start 
      157498   2682 w  -            Ozma Uses the Magic Belt                 | 14. Ozma Uses the Magic Belt For a considerable distance the
      172524   2866 w  -            Old Friends are Reunited                 | 15. Old Friends are Reunited Many servants dressed in handso
      188676   2212 w  -            Chapter 16: Jim, The Cab-Horse           | 16. Jim, The Cab-Horse Jim the Cab-horse found himself in po
      200979   2301 w  -            Chapter 17: The Nine Tiny Piglets        | 17. The Nine Tiny Piglets After breakfast Ozma announced tha
      213736   1464 w  -            Chapter 18: The Trial of Eureka the Kitt | 18. The Trial of Eureka the Kitten Several days of festivity
      222052   1806 w  -            Chapter 19: The Wizard Performs Another  | 19. The Wizard Performs Another Trick At three o'clock the T
      232367    776 w  -            Chapter 20: Zeb Returns to the Ranch     | 20. Zeb Returns to the Ranch Eureka was much surprised to fi
    3 piece(s) after the end matter dropped

05_485.txt  ok  pieces 25  dropped 0  tries 1  toc 25  chunks 21  $0.022
    class canonical | title 'The Road to Oz' | author 'L. Frank Baum' | date None from None
    body 1998-225603 of 244400 (9% outside) | body_start 'To My Readers' | end matter '*** END OF THE PROJECT GUTENBERG EBOOK THE ROAD TO OZ ***'
    contents 'Contents' .. '  24.  The Birthday Celebration' at 1243-1959
        1998    325 w  1909         To My Readers                            | To My Readers Well, my dears, here is what you have asked fo
        3804   2445 w  ~1909        Chapter 1: The Way to Butterfield        | 1. The Way to Butterfield "Please, miss," said the shaggy ma
       17546   1052 w  ~1909        Dorothy Meets Button-Bright              | 2. Dorothy Meets Button-Bright The seventh road was a good r
       23697   1930 w  ~1909        A Queer Village                          | 3. A Queer Village Button-Bright took the shaggy man's hand 
       34877   2323 w  ~1909        King Dox                                 | 4. King Dox It was amusing to note the expression on the fac
       48074   1220 w  ~1909        The Rainbow's Daughter                   | 5. The Rainbow's Daughter Toto, now allowed to run about as 
       55087   1529 w  ~1909        The City Of Beasts                       | 6. The City Of Beasts When noon came they opened the Fox-Kin
       63842   2279 w  ~1909        The Shaggy Man's Transformation          | 7. The Shaggy Man's Transformation They found the houses of 
       76995   1397 w  ~1909        Chapter 8: The Musicker                  | 8. The Musicker About the middle of the forenoon they began 
       85465   1358 w  ~1909        Chapter 9: Facing the Scoodlers          | 9. Facing the Scoodlers The country wasn't so pretty now. Be
       93200   2123 w  ~1909        Chapter 10: Escaping the Soup-Kettle     | 10. Escaping the Soup-Kettle The shaggy man got up and felt 
      105049   1892 w  ~1909        Chapter 11: Johnny Dooit Does It         | 11. Johnny Dooit Does It "It's getting awful rough walking,"
      115613    843 w  ~1909        Chapter 12: The Deadly Desert Crossed    | 12. The Deadly Desert Crossed "Oh, that's too bad!" cried Do
      120176   1238 w  ~1909        Chapter 13: The Truth Pond               | 13. The Truth Pond They now made a more careful examination 
      127198   1727 w  ~1909        Chapter 14: Tik-Tok and Billina          | 14. Tik-Tok and Billina They had not walked far across the f
      137237   1238 w  ~1909        The Emperor's Tin Castle                 | 15. The Emperor's Tin Castle The grounds around Nick Chopper
      144234    988 w  ~1909        Chapter 16: Visiting the Pumpkin-Field   | 16. Visiting the Pumpkin-Field Dorothy let Button-Bright win
      149764   1645 w  ~1909        Chapter 17: The Royal Chariot Arrives    | 17. The Royal Chariot Arrives The neat yellow houses of the 
      158881   1502 w  ~1909        Chapter 18: The Emerald City             | 18. The Emerald City The others now came up, and the Tin Woo
      167459   1014 w  ~1909        Chapter 19: The Shaggy Man's Welcome     | 19. The Shaggy Man's Welcome The shaggy man stood in the gre
      173265   1369 w  ~1909        Princess Ozma Of Oz                      | 20. Princess Ozma Of Oz The royal historians of Oz, who are 
      181162   1881 w  ~1909        Chapter 21: Dorothy Receives the Guests  | 21. Dorothy Receives the Guests Next morning Dorothy's break
      192217   2078 w  ~1909        Chapter 22: Important Arrivals           | 22. Important Arrivals First entered a band of Ryls from the
      204191    987 w  ~1909        Chapter 23: The Grand Banquet            | 23. The Grand Banquet I wish I could tell you how fine the c
      209737   2776 w  ~1909        Chapter 24: The Birthday Celebration     | 24. The Birthday Celebration A clear, perfect day, with a ge

06_517.txt  ok  pieces 31  dropped 19  tries 1  toc 31  chunks 27  $0.031
    class canonical | title 'The Emerald City of Oz' | author 'L. Frank Baum' | date 1910 from 'Coronado, 1910'
    body 2345-306070 of 324875 (7% outside) | body_start "Author's Note" | end matter '*** END OF THE PROJECT GUTENBERG EBOOK THE EMERALD CITY OF OZ ***'
    contents 'Contents' .. '  30.  How the Story of Oz Came to an End' at 1042-2296
        2345    261 w  1910         Author's Note                            | Author's Note Perhaps I should admit on the title page that 
        3817   1674 w  ~1910        Chapter 1: How the Nome King Became Angr | 1. How the Nome King Became Angry The Nome King was in an an
       13161   1703 w  ~1910        Chapter 2: How Uncle Henry Got Into Trou | 2. How Uncle Henry Got Into Trouble Dorothy Gale lived on a 
       22357   1981 w  ~1910        Chapter 3: How Ozma Granted Dorothy's Re | 3. How Ozma Granted Dorothy's Request I suppose you have rea
       33488   1615 w  ~1910        Chapter 4: How The Nome King Planned Rev | 4. How The Nome King Planned Revenge The reason most people 
       42502   2260 w  ~1910        How Dorothy Became a Princess            | 5. How Dorothy Became a Princess When the people of the Emer
       55354   1170 w  ~1910        Chapter 6: How Guph Visited the Whimsies | 6. How Guph Visited the Whimsies The new General of the Nome
       61832   2361 w  ~1910        Chapter 7: How Aunt Em Conquered the Lio | 7. How Aunt Em Conquered the Lion "These are your rooms," sa
       75191   1530 w  ~1910        How the Grand Gallipoot Joined The Nomes | 8. How the Grand Gallipoot Joined The Nomes After leaving th
       83758   2351 w  ~1910        How the Wogglebug Taught Athletics       | 9. How the Wogglebug Taught Athletics It did not take Doroth
       97326   2700 w  ~1910        Chapter 10: How the Cuttenclips Lived    | 10. How the Cuttenclips Lived The travelers had taken no pro
      112638   2603 w  ~1910        Chapter 11: How the General Met the Firs | 11. How the General Met the First and Foremost On leaving th
      127312   2655 w  ~1910        Chapter 12: How they Matched the Fuddles | 12. How they Matched the Fuddles Dorothy and her fellow trav
      142634   1122 w  ~1910        Chapter 13: How the General Talked to th | 13. How the General Talked to the King When General Guph ret
      148963   2004 w  ~1910        Chapter 14: How the Wizard Practiced Sor | 14. How the Wizard Practiced Sorcery "Where next?" asked the
      160376   2042 w  ~1910        Chapter 15: How Dorothy Happened to Get  | 15. How Dorothy Happened to Get Lost It was a beautiful even
      171988   1869 w  ~1910        Chapter 16: How Dorothy Visited Utensia  | 16. How Dorothy Visited Utensia There must have been from si
      182848   2391 w  ~1910        How They Came to Bunbury                 | 17. How They Came to Bunbury Wandering through the woods, wi
      196662    882 w  ~1910        Chapter 18: How Ozma Looked into the Mag | 18. How Ozma Looked into the Magic Picture Princess Ozma was
      201554   1728 w  ~1910        Chapter 19: How Bunnybury Welcomed the S | 19. How Bunnybury Welcomed the Strangers Dorothy left Bunbur
      211561   2016 w  ~1910        Chapter 20: How Dorothy Lunched With a K | 20. How Dorothy Lunched With a King A line of rabbit soldier
      222948   1838 w  ~1910        Chapter 21: How the King Changed His Min | 21. How the King Changed His Mind Just then a rabbit band of
      233613   1880 w  ~1910        Chapter 22: How the Wizard Found Dorothy | 22. How the Wizard Found Dorothy When they came to the signp
      244454   1751 w  ~1910        Chapter 23: How They Encountered the Flu | 23. How They Encountered the Flutterbudgets They were soon a
      254561   1554 w  ~1910        Chapter 24: How the Tin Woodman Told the | 24. How the Tin Woodman Told the Sad News The Tin Woodman re
      263482   1577 w  ~1910        Chapter 25: How the Scarecrow Displayed  | 25. How the Scarecrow Displayed His Wisdom This amazing news
      272425   2137 w  ~1910        Chapter 26: How Ozma Refused to Fight fo | 26. How Ozma Refused to Fight for Her Kingdom Ozma was in he
      284626    832 w  ~1910        Chapter 27: How the Fierce Warriors Inva | 27. How the Fierce Warriors Invaded Oz The Nome King and his
      289394   1640 w  ~1910        Chapter 28: How They Drank at the Forbid | 28. How They Drank at the Forbidden Fountain The Scarecrow h
      298585   1176 w  ~1910        Chapter 29: How Glinda Worked a Magic Sp | 29. How Glinda Worked a Magic Spell "That was better than fi
      305130    174 w  ~1910        Chapter 30: How the Story of Oz Came to  | 30. How the Story of Oz Came to an End The writer of these O
    19 piece(s) after the end matter dropped

07_955.txt  ok  pieces 29  dropped 5  tries 1  toc 28  chunks 29  $0.032
    class canonical | title 'The Patchwork Girl of Oz' | author 'L. Frank Baum' | date None from None
    body 1056-321178 of 339985 (6% outside) | body_start 'Prologue' | end matter '*** END OF THE PROJECT GUTENBERG EBOOK THE PATCHWORK GIRL OF OZ ***'
    contents 'LIST OF CHAPTERS' .. '  28 - The Wonderful Wizard of Oz' at 3858-4656
        1056    659 w  -            Prologue                                 | Prologue Through the kindness of Dorothy Gale of Kansas, aft
        4731    821 w  -            Chapter One: Ojo and Unc Nunkie          | Chapter One Ojo and Unc Nunkie "Where's the butter, Unc Nunk
        9220   2355 w  -            Chapter Two: The Crooked Magician        | Chapter Two The Crooked Magician Just at dawn next morning U
       21981   2037 w  -            Chapter Three: The Patchwork Girl        | Chapter Three The Patchwork Girl Ojo examined this curious c
       33227   1448 w  -            Chapter Four: The Glass Cat              | Chapter Four The Glass Cat The cat was made of glass, so cle
       41309   2539 w  -            Chapter Five: A Terrible Accident        | Chapter Five A Terrible Accident "It will take a few minutes
       55620   2922 w  -            Chapter Six: The Journey                 | Chapter Six The Journey Ojo had never traveled before and so
       71739   1643 w  -            Chapter 7: The Troublesome Phonograph    | Chapter Seven The Troublesome Phonograph When the boy opened
       81085    998 w  -            The Foolish Owl and the Wise Donkey      | Chapter Eight The Foolish Owl and the Wise Donkey On they we
       86935   3048 w  -            Chapter Nine: They Meet the Woozy        | Chapter Nine They Meet the Woozy "There seem to be very few 
      103869   1877 w  -            Chapter Ten: Shaggy Man to the Rescue    | Chapter Ten Shaggy Man to the Rescue They had not gone very 
      114297   3428 w  -            Chapter Eleven: A Good Friend            | Chapter Eleven A Good Friend Soon the entire party was gathe
      133710   2283 w  -            Chapter Twelve: The Giant Porcupine      | Chapter Twelve The Giant Porcupine Next morning they started
      146285   3303 w  -            Chapter Thirteen: Scraps and the Scarecr | Chapter Thirteen Scraps and the Scarecrow From here on the c
      164813   2093 w  -            Ojo Breaks the Law                       | Chapter Fourteen Ojo Breaks the Law "What a queer man," rema
      176515   2182 w  -            Chapter Fifteen: Ozma's Prisoner         | Chapter Fifteen Ozma's Prisoner The boy was so bewildered by
      188570   2063 w  -            Chapter Sixteen: Princess Dorothy        | Chapter Sixteen Princess Dorothy Dorothy Gale was sitting in
      199998   1325 w  -            Chapter Seventeen: Ozma and Her Friends  | Chapter Seventeen Ozma and Her Friends The Shaggy Man had a 
      207420   2373 w  -            Chapter Eighteen: Ojo is Forgiven        | Chapter Eighteen Ojo is Forgiven The next morning the Soldie
      220562   2767 w  -            Chapter Nineteen: Trouble with the Totte | Chapter Nineteen Trouble with the Tottenhots A day's journey
      236287   1830 w  -            Chapter 20: The Captive Yoop             | Chapter Twenty The Captive Yoop As they were preparing to le
      246656   1826 w  -            Chapter Twenty-One: Hip Hopper the Champ | Chapter Twenty-One Hip Hopper the Champion They must have ha
      256823   2110 w  -            The Joking Horners                       | Chapter Twenty-Two The Joking Horners It was not long before
      268777   2061 w  -            Chapter Twenty-Three: Peace Is Declared  | Chapter Twenty-Three Peace Is Declared "Come with me to my d
      280382    588 w  -            Chapter Twenty-Four: Ojo Finds the Dark  | Chapter Twenty-Four Ojo Finds the Dark Well They now followe
      283590   1706 w  -            Chapter Twenty-Five: They Bribe the Lazy | Chapter Twenty-Five They Bribe the Lazy Quadling "Now," said
      293124   2135 w  -            Chapter Twenty-Six: The Trick River      | Chapter Twenty-Six The Trick River Next morning they pushed 
      304824   2033 w  -            The Tin Woodman Objects                  | Chapter Twenty-Seven The Tin Woodman Objects The Tin Woodman
      316135    907 w  -            Chapter Twenty-Eight: The Wonderful Wiza | Chapter Twenty-Eight The Wonderful Wizard of Oz When Ojo ent
    5 piece(s) after the end matter dropped

08_956.txt  ok  pieces 26  dropped 6  tries 1  toc 25  chunks 25  $0.028
    class canonical | title 'Tik-Tok of Oz' | author 'L. Frank Baum' | date 1914 from '      1914.'
    body 989-273666 of 292829 (7% outside) | body_start '  To Louis F. Gottschalk,' | end matter 'The Wonderful Oz Books by L. Frank Baum'
    contents 'LIST OF CHAPTERS' .. '  25 - The Land of Love' at 3347-4140
         989    571 w  -            opening                                  | To Louis F. Gottschalk, whose sweet and dainty melodies brea
        4194   2171 w  -            Chapter 1: Ann's Army                    | Chapter One Ann's Army "I won't!" cried Ann; "I won't sweep 
       16139    435 w  -            Out of Oogaboo                           | Chapter Two Out of Oogaboo Three days later the Grand Army o
       18669   2307 w  -            Magic Mystifies the Marchers             | Chapter Three Magic Mystifies the Marchers Princess Ozma was
       31406    590 w  -            Chapter Four: Betsy Braves the Billows   | Chapter Four Betsy Braves the Billows The waves dashed and t
       34671    910 w  -            Chapter Five: The Roses Repulse the Refu | Chapter Five The Roses Repulse the Refugees Gently the raft 
       39991   2708 w  -            Chapter Six: Shaggy Seeks his Stray Brot | Chapter Six Shaggy Seeks his Stray Brother This sudden arriv
       55529   2672 w  -            Chapter Seven: Polychrome's Pitiful Plig | Chapter Seven Polychrome's Pitiful Plight The Rain King got 
       70940   2499 w  -            Chapter Eight: Tik-Tok Tackles a Tough T | Chapter Eight Tik-Tok Tackles a Tough Task While Shaggy and 
       85495   2659 w  -            Chapter Nine: Ruggedo's Rage is Rash and | Chapter Nine Ruggedo's Rage is Rash and Reckless The way tak
      100772   2350 w  -            Chapter Ten: A Terrible Tumble Through a | Chapter Ten A Terrible Tumble Through a Tube I suppose that 
      114219   1529 w  -            Chapter Eleven: The Famous Fellowship of | Chapter Eleven The Famous Fellowship of Fairies After a shor
      122935   1427 w  -            Chapter Twelve: The Lovely Lady of Light | Chapter Twelve The Lovely Lady of Light The palace of the Qu
      131201   2746 w  -            Chapter Thirteen: The Jinjin's Just Judg | Chapter Thirteen The Jinjin's Just Judgment All the adventur
      146637   1835 w  -            Chapter Fourteen: The Long-Eared Hearer  | Chapter Fourteen The Long-Eared Hearer Learns by Listening D
      156866   1539 w  -            Chapter Fifteen: The Dragon Defies Dange | Chapter Fifteen The Dragon Defies Danger Although the journe
      165372   1777 w  -            Chapter Sixteen: The Naughty Nome        | Chapter Sixteen The Naughty Nome Shaggy Man had said nothing
      175428   2689 w  -            A Tragic Transformation                  | Chapter Seventeen A Tragic Transformation "Don't let us worr
      190731   1788 w  -            Chapter Eighteen: A Clever Conquest      | Chapter Eighteen A Clever Conquest The great dragon still ha
      200810   1689 w  -            Chapter Nineteen: King Kaliko            | Chapter Nineteen King Kaliko After the King had made good hi
      210360   1546 w  -            Chapter Twenty: Quox Quietly Quits       | Chapter Twenty Quox Quietly Quits When the chief nomes assem
      218882   2301 w  -            Chapter Twenty-One: A Bashful Brother    | Chapter Twenty-One A Bashful Brother With fast beating heart
      231932   2363 w  -            Chapter 22: Kindly Kisses                | Chapter Twenty-Two Kindly Kisses "Won't you be dreadful sorr
      245247    925 w  -            Chapter Twenty-Three: Ruggedo Reforms    | Chapter Twenty-Three Ruggedo Reforms It did not take them lo
      250482   2290 w  -            Chapter Twenty-Four: Dorothy is Delighte | Chapter Twenty-Four Dorothy is Delighted "Well," said Queen 
      263358   1807 w  -            Chapter Twenty-Five: The Land of Love    | Chapter Twenty-Five The Land of Love "Well, is 'hee-haw' all
    6 piece(s) after the end matter dropped

09_957.txt  ok  pieces 25  dropped 14  tries 1  toc 24  chunks 23  $0.026
    class canonical | title 'The Scarecrow of Oz' | author 'L. Frank Baum' | date 1915 from '        in CALIFORNIA, 1915.'
    body 929-255528 of 274683 (7% outside) | body_start '  Dedicated to' | end matter 'The Wonderful Oz Books by L. Frank Baum'
    contents 'LIST OF CHAPTERS' .. '  24 - The Royal Reception' at 3043-3808
         929    500 w  -            opening                                  | Dedicated to "The uplifters" of Los Angeles, California, in 
        3842   1601 w  -            Chapter One: The Great Whirlpool         | Chapter One The Great Whirlpool "Seems to me," said Cap'n Bi
       12579   2017 w  -            Chapter Two: The Cavern Under the Sea    | Chapter Two The Cavern Under the Sea The circles were so muc
       23592   3618 w  -            Chapter Three: The Ork                   | Chapter Three The Ork The eyes that regarded them, as the cr
       43584   1581 w  -            Chapter Four: Daylight at Last           | Chapter Four Daylight at Last Cap'n Bill rubbed his eyes, li
       52352   3640 w  -            Chapter Five: The Little Old Man of the  | Chapter Five The Little Old Man of the Island A few steps br
       72403   1228 w  -            Chapter Six: The Flight of the Midgets   | Chapter Six The Flight of the Midgets Cap'n Bill and Trot ro
       79199   1748 w  -            Chapter Seven: The Bumpy Man             | Chapter Seven The Bumpy Man The mountain on which they had a
       88998   3013 w  -            Chapter Eight: Button-Bright is Lost and | Chapter Eight Button-Bright is Lost and Found Again "Wake up
      105676   2040 w  -            Chapter Nine: The Kingdom of Jinxland    | Chapter Nine The Kingdom of Jinxland Trot rode with more com
      117143   1232 w  -            Chapter Ten: Pon, the Gardener's Boy     | Chapter Ten Pon, the Gardener's Boy It was Button-Bright who
      123815   1945 w  -            Chapter Eleven: The Wicked King and Goog | Chapter Eleven The Wicked King and Googly-Goo When our frien
      135069   2582 w  -            Chapter Twelve: The Wooden-Legged Grass- | Chapter Twelve The Wooden-Legged Grass-Hopper Now it so happ
      149428   1492 w  -            Chapter Thirteen: Glinda the Good and th | Chapter Thirteen Glinda the Good and the Scarecrow of Oz Tha
      157761   2703 w  -            Chapter Fourteen: The Frozen Heart       | Chapter Fourteen The Frozen Heart In the hut of Pon, the gar
      172913   1483 w  -            Chapter Fifteen: Trot Meets the Scarecro | Chapter Fifteen Trot Meets the Scarecrow Trot and Pon covere
      181321   1222 w  -            Chapter Sixteen: Pon Summons the King to | Chapter Sixteen Pon Summons the King to Surrender Gloria had
      188267   1142 w  -            Chapter Seventeen: The Ork Rescues Butto | Chapter Seventeen The Ork Rescues Button-Bright I must now t
      194620   1477 w  -            Chapter Eighteen: The Scarecrow Meets an | Chapter Eighteen The Scarecrow Meets an Enemy The Scarecrow 
      202726   1663 w  -            Chapter Nineteen: The Conquest of the Wi | Chapter Nineteen The Conquest of the Witch Now as soon as th
      212068   2472 w  -            Chapter Twenty: Queen Gloria             | Chapter Twenty Queen Gloria Next morning the Scarecrow calle
      225766   1363 w  -            Dorothy, Betsy and Ozma                  | Chapter Twenty-One Dorothy, Betsy and Ozma I suppose many of
      233507   1457 w  -            Chapter Twenty-Two: The Waterfall        | Chapter Twenty-Two The Waterfall Glinda's castle was a long 
      241691    829 w  -            Chapter Twenty Three: The Land of Oz     | Chapter Twenty Three The Land of Oz The straw man's appearan
      246305   1639 w  -            Chapter Twenty-Four: The Royal Reception | Chapter Twenty-Four The Royal Reception At about four o'cloc
    14 piece(s) after the end matter dropped

10_958.txt  ok  pieces 25  dropped 0  tries 1  toc 24  chunks 25  $0.028
    class canonical | title 'Rinkitink in Oz' | author 'L. Frank Baum' | date None from None
    body 1189-275117 of 294313 (7% outside) | body_start 'Introducing this Story' | end matter 'The Wonderful Oz Books'
    contents 'LIST OF CHAPTERS' .. '  24  The Captive King' at 2405-3104
        1189    343 w  -            opening                                  | Introducing this Story Here is a story with a boy hero, and 
        3134   2161 w  -            Chapter 1: The Prince of Pingaree        | Chapter One The Prince of Pingaree If you have a map of the 
       15188   2583 w  -            Chapter Two: The Coming of King Rinkitin | Chapter Two The Coming of King Rinkitink A few days after th
       29692   1847 w  -            Chapter Three: The Warriors from the Nor | Chapter Three The Warriors from the North King Rinkitink was
       40096   2458 w  -            The Deserted Island                      | Chapter Four The Deserted Island All through that terrible n
       53689   3748 w  -            The Three Pearls                         | Chapter Five The Three Pearls When King Rinkitink and Prince
       74772   3074 w  -            Chapter Six: The Magic Boat              | Chapter Six The Magic Boat Prince Inga was up with the sun a
       91621   2984 w  -            Chapter Seven: The Twin Islands          | Chapter Seven The Twin Islands The Island of Regos was ten m
      108194   2574 w  -            Rinkitink Makes a Great Mistake          | Chapter Eight Rinkitink Makes a Great Mistake The fat King r
      122450   1817 w  -            Chapter Nine: A Present for Zella        | Chapter Nine A Present for Zella Now it so happened that on 
      132528   2180 w  -            Chapter Ten: The Cunning of Queen Cor    | Chapter Ten The Cunning of Queen Cor You may be sure the Que
      144603   1010 w  -            Chapter Eleven: Zella Goes to Coregos    | Chapter Eleven Zella Goes to Coregos The forest in which Nik
      150360    764 w  -            Chapter Twelve: The Excitement of Bilbil | Chapter Twelve The Excitement of Bilbil the Goat Our story m
      154589   2107 w  -            Chapter Thirteen: Zella Saves the Prince | Chapter Thirteen Zella Saves the Prince The wicked Queen of 
      166315   2934 w  -            Chapter Fourteen: The Escape             | Chapter Fourteen The Escape "Our fault," said Rinkitink, "is
      182527    755 w  -            Chapter Fifteen: The Flight of the Ruler | Chapter Fifteen The Flight of the Rulers Now it seems that w
      186627   1459 w  -            Chapter Sixteen: Nikobob Refuses a Crown | Chapter Sixteen Nikobob Refuses a Crown Almost the first per
      194742   1997 w  -            Chapter Seventeen: The Nome King         | Chapter Seventeen The Nome King The Kingdom of the Nomes doe
      205816   4822 w  -            Chapter 18: Inga Parts with his Pink Pea | Chapter Eighteen Inga Parts with his Pink Pearl The White Pe
      232543   1686 w  -            Chapter Nineteen: Rinkitink Chuckles     | Chapter Nineteen Rinkitink Chuckles We will now relate what 
      242179    892 w  -            Chapter Twenty: Dorothy to the Rescue    | Chapter Twenty Dorothy to the Rescue One day when Princess D
      247086   1482 w  -            Chapter Twenty-One: The Wizard Finds an  | Chapter Twenty-One The Wizard Finds an Enchantment After Kal
      255371   1326 w  -            Chapter Twenty Two: Ozma's Banquet       | Chapter Twenty Two Ozma's Banquet Ozma had seen in her Magic
      262970    917 w  -            Chapter Twenty Three: The Pearl Kingdom  | Chapter Twenty Three The Pearl Kingdom It was unfortunate th
      268226   1164 w  -            Chapter Twenty-Four: The Captive King    | Chapter Twenty-Four The Captive King One morning, just as th

11_959.txt  ok  pieces 27  dropped 0  tries 1  toc 26  chunks 24  $0.025
    class canonical | title 'The Lost Princess of Oz' | author 'L. Frank Baum' | date None from None
    body 926-263725 of 282860 (7% outside) | body_start 'This Book is Dedicated' | end matter 'The Wonderful Oz Books by L. Frank Baum'
    contents 'LIST OF CHAPTERS' .. ' Chapter 26 Dorothy Forgives' at 2630-3522
         926    434 w  -            opening                                  | This Book is Dedicated To My Granddaughter OZMA BAUM To My R
        3586   1590 w  -            Chapter 1: A Terrible Loss               | CHAPTER 1 A TERRIBLE LOSS There could be no doubt of the fac
       12461    981 w  -            THE TROUBLES OF GLINDA THE GOOD          | CHAPTER 2 THE TROUBLES OF GLINDA THE GOOD That same morning 
       18002   3262 w  -            THE ROBBERY OF CAYKE THE COOKIE COOK     | CHAPTER 3 THE ROBBERY OF CAYKE THE COOKIE COOK One more impo
       35606   1023 w  -            Chapter 4: Among the Winkies             | CHAPTER 4 AMONG THE WINKIES The settled parts of the Winkie 
       41317   1895 w  -            Chapter 5: OZMA’S FRIENDS ARE PERPLEXED  | CHAPTER 5 OZMA’S FRIENDS ARE PERPLEXED “Really,” said Doroth
       52141   2474 w  -            CHAPTER 6: THE SEARCH PARTY              | CHAPTER 6 THE SEARCH PARTY Next morning as soon as the sun w
       66020   2508 w  -            Chapter 7: THE MERRY-GO-ROUND MOUNTAINS  | CHAPTER 7 THE MERRY-GO-ROUND MOUNTAINS The Rolling Prairie w
       80127   2494 w  -            Chapter 8: The Mysterious City           | CHAPTER 8 THE MYSTERIOUS CITY There they sat upon the grass,
       94417   2881 w  -            CHAPTER 9: THE HIGH COCO-LORUM OF THI    | CHAPTER 9 THE HIGH COCO-LORUM OF THI And now the Patchwork G
      110963   1392 w  -            Chapter 10: Toto Loses Something         | CHAPTER 10 TOTO LOSES SOMETHING For a while the travelers we
      118635   2082 w  -            Chapter 11: Button-Bright Loses Himself  | CHAPTER 11 BUTTON-BRIGHT LOSES HIMSELF The Patchwork Girl, w
      130086   2784 w  -            Chapter 12: The Czarover of Herku        | CHAPTER 12 THE CZAROVER OF HERKU Trot wakened just as the su
      145426   1649 w  -            Chapter 13: THE TRUTH POND               | CHAPTER 13 THE TRUTH POND It seems a long time since we have
      154505   1518 w  -            Chapter 14: THE UNHAPPY FERRYMAN         | CHAPTER 14 THE UNHAPPY FERRYMAN Leaving the grove where they
      162814   1191 w  -            Chapter 15: The Big Lavender Bear        | CHAPTER 15 THE BIG LAVENDER BEAR It was a pleasant place to 
      169358   2044 w  -            Chapter 16: The Little Pink Bear         | CHAPTER 16 THE LITTLE PINK BEAR “One Person and one Freak,” 
      180501   1966 w  -            Chapter 17: THE MEETING                  | CHAPTER 17 THE MEETING While the Frogman and his party were 
      191519   1287 w  -            Chapter 18: THE CONFERENCE               | CHAPTER 18 THE CONFERENCE “Now then,” said the Wizard, “let 
      198631   1271 w  -            Chapter 19: UGU THE SHOEMAKER            | CHAPTER 19 UGU THE SHOEMAKER A curious thing about Ugu the S
      205635   1728 w  -            Chapter 20: MORE SURPRISES               | CHAPTER 20 MORE SURPRISES All that first day after the union
      215423   1564 w  -            Chapter 21: MAGIC AGAINST MAGIC          | CHAPTER 21 MAGIC AGAINST MAGIC The Wizard’s advice was good,
      224252   2413 w  -            Chapter 22: IN THE WICKER CASTLE         | CHAPTER 22 IN THE WICKER CASTLE No sooner were the Wizard of
      237512   1418 w  -            Chapter 23: THE DEFIANCE OF UGU THE SHOE | CHAPTER 23 THE DEFIANCE OF UGU THE SHOEMAKER The delay cause
      245464    813 w  -            Chapter 24: The Little Pink Bear Speaks  | CHAPTER 24 THE LITTLE PINK BEAR SPEAKS TRULY For several min
      250033   1312 w  -            Chapter 25: Ozma of Oz                   | CHAPTER 25 OZMA OF OZ “It’s funny,” said Toto, standing befo
      257371   1175 w  -            Chapter 26: Dorothy Forgives             | CHAPTER 26 DOROTHY FORGIVES The gray dove which had once bee

12_960.txt  ok  pieces 24  dropped 0  tries 1  toc 24  chunks 23  $0.024
    class canonical | title 'THE TIN WOODMAN OF OZ' | author 'L. Frank Baum' | date 1918 from '      1918.'
    body 4097-247248 of 266420 (9% outside) | body_start 'Chapter One' | end matter 'THE FAMOUS OZ BOOKS'
    contents 'LIST OF CHAPTERS' .. '  24  The Curtain Falls' at 3440-4066
        4097   1846 w  -            Chapter 1: Woot the Wanderer             | Chapter One Woot the Wanderer The Tin Woodman sat on his gli
       14207   1749 w  -            Chapter Two: The Heart of the Tin Woodma | Chapter Two The Heart of the Tin Woodman The Emperor of the 
       23373   1693 w  -            Chapter Three: Roundabout                | Chapter Three Roundabout Woot the Wanderer slept that night 
       32809   3016 w  -            Chapter Four: The Loons of Loonville     | Chapter Four The Loons of Loonville Toward evening, the trav
       49681   2434 w  -            Chapter Five: Mrs. Yoop, the Giantess    | Chapter Five Mrs. Yoop, the Giantess When they had reached t
       63241   2914 w  -            Chapter Six: The Magic of a Yookoohoo    | Chapter Six The Magic of a Yookoohoo Woot had seen very litt
       79299   1204 w  -            Chapter Seven: The Lace Apron            | Chapter Seven The Lace Apron "Now," said the Canary, in a to
       85795   2522 w  -            Chapter Eight                            | Chapter Eight The Menace of the Forest "Quick!" cried Polych
       99875   1419 w  -            Chapter Nine: The Quarrelsome Dragons    | Chapter Nine The Quarrelsome Dragons The Green Monkey sank g
      107914   1993 w  -            Tommy Kwikstep                           | Chapter Ten Tommy Kwikstep "Our best plan," said the Scarecr
      119039   1701 w  -            Jinjur's Ranch                           | Chapter Eleven Jinjur's Ranch As they followed a path down t
      128671   1601 w  -            Chapter Twelve: Ozma and Dorothy         | Chapter Twelve Ozma and Dorothy In her magnificent palace in
      137732   2155 w  -            The Restoration                          | Chapter Thirteen The Restoration The Tin Owl gave a hoot of 
      149842    825 w  -            Chapter Fourteen: The Green Monkey       | Chapter Fourteen The Green Monkey They now entered the house
      154516   1876 w  -            Chapter Fifteen: The Man of Tin          | Chapter Fifteen The Man of Tin Ozma and Dorothy were quite p
      164933   1163 w  -            Chapter Sixteen                          | Chapter Sixteen Captain Fyter "Are you really a soldier?" as
      171114    994 w  -            Chapter Seventeen: The Workshop of Ku-Kl | Chapter Seventeen The Workshop of Ku-Klip It was not more th
      176617   3104 w  -            Chapter Eighteen: The Tin Woodman Talks  | Chapter Eighteen The Tin Woodman Talks to Himself The Tin Wo
      193475   3553 w  -            Chapter Nineteen: The Invisible Country  | Chapter Nineteen The Invisible Country They were proceeding 
      213391   1291 w  -            Over Night                               | Chapter Twenty Over Night The Land of the Munchkins is full 
      220701   1712 w  -            Chapter Twenty-One: Polychrome's Magic   | Chapter Twenty-One Polychrome's Magic On this morning, which
      230453   1506 w  -            Nimmie Amee                              | Chapter Twenty-Two Nimmie Amee We may be sure that at this m
      238991    874 w  -            Through the Tunnel                       | Chapter Twenty-Three Through the Tunnel It didn't rain just 
      243899    580 w  -            Chapter Twenty-Four: The Curtain Falls   | Chapter Twenty-Four The Curtain Falls Well, the rest of the 

13_419.txt  ok  pieces 24  dropped 0  tries 1  toc 23  chunks 20  $0.022
    class canonical | title 'The Magic of Oz' | author 'L. Frank Baum' | date 1919 from '  1919'
    body 2063-219681 of 238479 (9% outside) | body_start 'To My Readers' | end matter '*** END OF THE PROJECT GUTENBERG EBOOK THE MAGIC OF OZ ***'
    contents 'Contents' .. '  23.  The Fountain of Oblivion' at 1318-2024
        2063    185 w  -            To My Readers                            | To My Readers Curiously enough, in the events which have tak
        3109   1767 w  -            Chapter 1: Mount Munch                   | 1. Mount Munch On the east edge of the Land of Oz, in the Mu
       12628    966 w  -            The Hawk                                 | 2. The Hawk Even a hawk has to fly high in order to cross th
       17835   2342 w  -            Two Bad Ones                             | 3. Two Bad Ones Kiki turned around and saw a queer old man s
       30701    606 w  -            Chapter 4: Conspirators                  | 4. Conspirators Kiki Aru didn't know much about Oz and didn'
       34036   1768 w  -            Chapter 5: A Happy Corner of Oz          | 5. A Happy Corner of Oz There is no other country so beautif
       43943   2356 w  -            Ozma's Birthday Presents                 | 6. Ozma's Birthday Presents When Cap'n Bill and Trot and the
       57233   1088 w  -            Chapter 7: The Forest of Gugu            | 7. The Forest of Gugu In the central western part of the Gil
       63158   1763 w  -            The Li-Mon-Eags Make Trouble             | 8. The Li-Mon-Eags Make Trouble There had been trouble in th
       73101   1957 w  -            Chapter 9: The Isle of the Magic Flower  | 9. The Isle of the Magic Flower The Glass Cat was a good gui
       83749   1557 w  -            Chapter 10: Stuck Fast                   | 10. Stuck Fast The day was nearly gone when, at last, the ra
       92376   1368 w  -            Chapter 11: The Beasts of the Forest of  | 11. The Beasts of the Forest of Gugu That was a wonderful ga
       99832   1839 w  -            Chapter 12: Kiki Uses His Magic          | 12. Kiki Uses His Magic Then arose a great confusion of soun
      110072   2350 w  -            Chapter 13: The Loss of the Black Bag    | 13. The Loss of the Black Bag Kiki Aru, in the form of the L
      122966   2156 w  -            Chapter 14: The Wizard Learns the Magic  | 14. The Wizard Learns the Magic Word Now, the Goose was the 
      134767   2315 w  -            Chapter 15: The Lonesome Duck            | 15. The Lonesome Duck Trot and Cap'n Bill stood before the M
      147883   2101 w  -            Chapter 16: The Glass Cat Finds the Blac | 16. The Glass Cat Finds the Black Bag When the six monkeys w
      159692   1901 w  -            Chapter 17: A Remarkable Journey         | 17. A Remarkable Journey "You see," explained the Glass Cat,
      170336   1087 w  -            Chapter 18: The Magic of the Wizard      | 18. The Magic of the Wizard He first set up a small silver t
      176337   1353 w  -            Chapter 19: Dorothy and the Bumble Bees  | 19. Dorothy and the Bumble Bees Dorothy was greatly distress
      183986   1631 w  -            Chapter 20: The Monkeys Have Trouble     | 20. The Monkeys Have Trouble "Now," said the Wizard, "we mus
      192953    820 w  -            Chapter 21: The College of Athletic Arts | 21. The College of Athletic Arts Dorothy and her friends arr
      197667   2234 w  -            Chapter 22: Ozma's Birthday Party        | 22. Ozma's Birthday Party It seems odd that a fairy should h
      210373   1654 w  -            Chapter 23: The Fountain of Oblivion     | 23. The Fountain of Oblivion The morning after the birthday 

14_961.txt  ok  pieces 24  dropped 0  tries 1  toc 24  chunks 21  $0.022
    class canonical | title 'Glinda of Oz' | author 'L. Frank Baum' | date None from None
    body 2053-223454 of 242606 (9% outside) | body_start 'Glinda, the good Sorceress of Oz, sat in the grand court of her palace,' | end matter 'The Wonderful Oz Books'
    contents 'LIST OF CHAPTERS' .. "  24  Glinda's Triumph" at 1422-2023
        2053   3112 w  -            Chapter 1: The Call to Duty              | Chapter One The Call to Duty Glinda, the good Sorceress of O
       19519   2213 w  -            Chapter Two: Ozma and Dorothy            | Chapter Two Ozma and Dorothy Residing in Ozma's palace at th
       31673    601 w  -            Chapter Three: The Mist Maidens          | Chapter Three The Mist Maidens From the top of the hill Ozma
       35170   1121 w  -            Chapter Four: The Magic Tent             | Chapter Four The Magic Tent "Well," said Dorothy with a laug
       41458   1624 w  -            Chapter Five: The Magic Stairway         | Chapter Five The Magic Stairway The flat mountain looked muc
       50582   2306 w  -            Chapter Six: Flathead Mountain           | Chapter Six Flathead Mountain When they saw that the intrude
       63313    950 w  -            Chapter Seven: The Magic Isle            | Chapter Seven The Magic Isle Ozma, seeing it was useless to 
       68576   1877 w  -            Chapter Eight: Queen Coo-ee-oh           | Chapter Eight Queen Coo-ee-oh Princess Ozma considered the s
       79194   1894 w  -            Chapter Nine: Lady Aurex                 | Chapter Nine Lady Aurex Lady Aurex led Ozma and Dorothy alon
       89895   1263 w  -            Chapter Ten: Under Water                 | Chapter Ten Under Water When night fell all the interior of 
       97144    804 w  -            Chapter Eleven: The Conquest of the Skee | Chapter Eleven The Conquest of the Skeezers Queen Coo-ee-oh 
      101561   2281 w  -            Chapter Twelve: The Diamond Swan         | Chapter Twelve The Diamond Swan When the Flatheads had gone 
      114585   1043 w  -            Chapter Thirteen: The Alarm Bell         | Chapter Thirteen The Alarm Bell Glinda, the Good, in her pal
      120447   1667 w  -            Chapter Fourteen: Ozma's Counsellors     | Chapter Fourteen Ozma's Counsellors No Ruler ever had such a
      129710   2019 w  -            Chapter Fifteen: The Great Sorceress     | Chapter Fifteen The Great Sorceress Betsy and Trot, when the
      141048   1440 w  -            Chapter Sixteen: The Enchanted Fishes    | Chapter Sixteen The Enchanted Fishes I must now tell you wha
      148982   2098 w  -            Chapter Seventeen: Under the Great Dome  | Chapter Seventeen Under the Great Dome When Glinda the Good 
      160762   2382 w  -            Chapter Eighteen: The Cleverness of Ervi | Chapter Eighteen The Cleverness of Ervic We must now return 
      174228   1723 w  -            Chapter 19: Red Reera, the Yookoohoo     | Chapter Nineteen Red Reera, the Yookoohoo After the meal was
      184003   1888 w  -            Chapter Twenty: A Puzzling Problem       | Chapter Twenty A Puzzling Problem Glinda the Good, having de
      194620   1311 w  -            Chapter Twenty-One: The Three Adepts     | Chapter Twenty-One The Three Adepts The Sorceress looked up 
      202227   1309 w  -            Chapter Twenty-Two: The Sunken Island    | Chapter Twenty-Two The Sunken Island As soon as they had bre
      209511   1339 w  -            Chapter Twenty-Three: The Magic Words    | Chapter Twenty-Three The Magic Words Many interesting things
      217076   1123 w  -            Chapter Twenty-Four: Glinda's Triumph    | Chapter Twenty-Four Glinda's Triumph Of course all those who

15_48778.txt  ok  pieces 22  dropped 0  tries 1  toc 22  chunks 23  $0.027
    class canonical | title 'The Sea Fairies' | author 'L. Frank Baum' | date 1911 from '    _Hollywood, 1911._'
    body 4527-246938 of 267266 (9% outside) | body_start "The oceans are big and broad. I believe two-thirds of the earth's" | end matter '    |                      Transcriber Notes:                            |'
    contents 'LIST OF CHAPTERS' .. '    22--TROT LIVES TO TELL THE TALE               235' at 5995-7233
        4527    370 w  -            opening                                  | The oceans are big and broad. I believe two-thirds of the ea
        7310   1425 w  -            Chapter 1: TROT AND CAP'N BILL           | [Illustration: TROT AND CAP'N BILL _Chap. 1._] "Nobody," sai
       15340   2489 w  -            THE MERMAIDS                             | THE MERMAIDS] The next morning, as soon as Trot had helped w
       29328   4325 w  -            Chapter 3: The Depths of the Deep Blue S | [Illustration: _Chap. 3._ _The_ DEPTHS _of the_ DEEP BLUE SE
       54346   1395 w  -            THE SEA SERPENT                          | [Illustration: _Chap 5._ THE SEA SERPENT] Just then Trot hap
       62053   2346 w  -            Chapter 6: EXPLORING THE OCEAN           | [Illustration: _Chap. 6._ EXPLORING THE OCEAN] The queen now
       75725   2732 w  -            Chapter 7: The Aristocratic Codfish      | [Illustration: _Chap. 7._ _The_ ARISTOCRATIC CODFISH] The th
       91500   1600 w  -            Chapter 8: A BANQUET UNDER WATER         | [Illustration: _Chap. 8._ A BANQUET UNDER WATER] The palaces
      100668   1802 w  -            THE BASHFUL OCTOPUS                      | THE BASHFUL OCTOPUS] It was a lovely day, and the sea was li
      110928   1953 w  -            THE UNDISCOVERED ISLAND                  | THE UNDISCOVERED ISLAND] In following the fleet of argonauts
      122012   1511 w  -            Chapter 11: ZOG THE TERRIBLE AND HIS SEA | ZOG THE TERRIBLE AND HIS SEA DEVILS] "The sun must be going 
      130582   2364 w  -            Chapter 12: THE ENCHANTED ISLAND         | THE ENCHANTED ISLAND] All at once it grew dark around them. 
      143761   2627 w  -            Chapter 13: Prisoners of the Sea Monster | [Illustration: _Chap. 13._ PRISONERS _OF THE_ SEA MONSTER] T
      158482   2061 w  -            CAP'N JOE _and_ CAP'N BILL               | CAP'N JOE _and_ CAP'N BILL] The rooms Zog had given his pris
      169866   2525 w  -            Chapter 15: The Magic of the Mermaids    | _The_ MAGIC _of the_ MERMAIDS] When Trot and Cap'n Bill ente
      184151   1324 w  -            Chapter 16: The Top of the Great Dome    | [Illustration: _Chap. 16._ _The_ TOP OF THE GREAT DOME] Cap'
      191489   2471 w  -            Chapter 17: The Queen's Golden Sword     | [Illustration: _Chap. 17._ _The_ QUEEN'S GOLDEN SWORD] "Good
      205192   1255 w  -            Chapter 18: A Dash for Liberty / A DASH  | [Illustration: _Chap. 18._ A DASH FOR LIBERTY] Trot dreamed 
      212061   1153 w  -            KING ANKO TO THE RESCUE                  | KING ANKO TO THE RESCUE] The great magician Zog never slept.
      218691   2973 w  -            THE HOME OF THE OCEAN MONARCH            | [Illustration: _Chap. 20._ THE HOME OF THE OCEAN MONARCH] Tr
      235224   1237 w  -            Chapter 21: King Joe                     | KING JOE] As they swam out of Anko's palace and the doll-fac
      241984    841 w  -            Chapter 22: Trot Lives to Tell the Tale  | TROT LIVES TO TELL THE TALE] Aquareine was thoughtful for a 

16_4356.txt  ok  pieces 31  dropped 0  tries 1  toc 30  chunks 28  $0.033
    class canonical | title 'Sky Island' | author 'L. Frank Baum' | date None from None
    body 2227-311470 of 330263 (6% outside) | body_start 'A LITTLE TALK TO MY READERS' | end matter '*** END OF THE PROJECT GUTENBERG EBOOK SKY ISLAND ***'
    contents 'CONTENTS' .. '  30.  THE JOURNEY HOME' at 1171-2196
        2227    333 w  -            opening                                  | A LITTLE TALK TO MY READERS WITH "The Sea Fairies," my book 
        4083   1969 w  -            Chapter 1: A MYSTERIOUS ARRIVAL          | A MYSTERIOUS ARRIVAL CHAPTER 1 "Hello," said the boy. "Hello
       15403   2733 w  -            Chapter 2                                | CHAPTER 2 When they reached the neat frame cottage which sto
       30302   2335 w  -            Chapter 3                                | A WONDERFUL EXPERIENCE CHAPTER 3 They had early breakfasts a
       43216   1226 w  -            Chapter 4                                | CHAPTER 4 They clung tightly to the ropes, but the breeze wa
       50285   2326 w  -            Chapter 5                                | CHAPTER 5 Cap'n Bill suspected that these remarks were addre
       63337   1729 w  -            Chapter 6: The Six Snubnosed Princesses  | THE SIX SNUBNOSED PRINCESSES CHAPTER 6 The Boolooroo was lau
       73361   1785 w  -            GHIP-GHISIZZLE PROVES FRIENDLY           | GHIP-GHISIZZLE PROVES FRIENDLY CHAPTER 7 The Royal Palace wa
       83572   1789 w  -            THE BLUE CITY                            | THE BLUE CITY CHAPTER 8 The Blue City was quite extensive, a
       93910   2078 w  -            Chapter 9                                | CHAPTER 9 The apartments occupied by the Six Snubnosed Princ
      105792   2383 w  -            Chapter 10: THE KING'S TREASURE CHAMBER  | CHAPTER 10 All the Blueskins assembled in the servants' hall
      119559   1454 w  -            Chapter 11: Button-Bright Encounters the | BUTTON-BRIGHT ENCOUNTERS THE BLUE WOLF CHAPTER 11 A low, fie
      127778   1645 w  -            Chapter 12                               | CHAPTER 12 It was rather moist in the Fog Bank. "Seems like 
      137020   1635 w  -            Chapter 13                               | CHAPTER 13 When the travelers could collect their senses and
      146501   1807 w  -            Tourmaline the Poverty Queen             | CHAPTER 14 The open space which they entered was paved with 
      156780   2361 w  -            Chapter 15: The Sunrise Tribe and the Su | THE SUNRISE TRIBE AND THE SUNSET TRIBE CHAPTER 15 Although T
      170156   1605 w  -            Chapter 16: ROSALIE THE WITCH            | CHAPTER 16 Trot and Button-Bright had now become worried and
      179207   1875 w  -            Chapter 17: THE ARRIVAL OF POLYCHROME    | CHAPTER 17 Cap'n Bill had determined to fight desperately fo
      190031   1463 w  -            CHAPTER 18                               | CHAPTER 18 Polychrome now dismissed all but Button-Bright, C
      198576   1045 w  -            THE WAR OF THE PINKS AND BLUES           | THE WAR OF THE PINKS AND BLUES CHAPTER 19 Much to the surpri
      204458   1584 w  -            GHIP-GHISIZZLE HAS A BAD TIME            | GHIP-GHISIZZLE HAS A BAD TIME CHAPTER 20 The Boolooroo was q
      213528   2514 w  -            THE CAPTURE OF CAP'N BILL                | THE CAPTURE OF CAP'N BILL CHAPTER 21 While this was transpir
      227467   1820 w  -            Chapter 22 / Chapter 22: Trot's Invisibl | TROT'S INVISIBLE ADVENTURE CHAPTER 22 All the Blueskins exce
      237471   2365 w  -            Chapter 23                               | THE GIRL AND THE BOOLOOROO CHAPTER 23 Trot watched from the 
      250612   2575 w  -            Chapter 24                               | CHAPTER 24 The shouting and excitement in the City following
      265202   1231 w  -            Chapter 25                               | THE RULER OF SKY ISLAND CHAPTER 25 The girl now took off Ros
      272423   2424 w  -            Chapter 26                               | TROT CELEBRATES THE VICTORY CHAPTER 26 The Blue people were 
      286261   1266 w  -            Chapter 27                               | CHAPTER 27 Next morning the search for the Magic Umbrella be
      293494    863 w  -            Chapter 28: The Elephant's Head Comes to | THE ELEPHANT'S HEAD COMES TO LIFE CHAPTER 28 When they reach
      298446   1078 w  -            Chapter 29: Trot Regulates the Pinkies   | TROT REGULATES THE PINKIES CHAPTER 29 The Pinkies were rejoi
      304367   1223 w  -            Chapter 30: The Journey Home             | CHAPTER 30 After the Pinkies had been dismissed, their new Q

17_25519.txt  ok  pieces 6  dropped 0  tries 1  toc 6  chunks 7  $0.007
    class canonical | title 'LITTLE WIZARD STORIES OF OZ' | author 'L. FRANK BAUM' | date None from None
    body 2009-63739 of 82465 (25% outside) | body_start 'THE COWARDLY LION AND THE HUNGRY TIGER' | end matter 'Updated editions will replace the previous one—the old editions will'
    contents 'Contents' .. '  The Scarecrow and the Tin Woodman           135' at 1653-1934
        2009   1803 w  -            The Cowardly Lion and the Hungry Tiger   | THE COWARDLY LION AND THE HUNGRY TIGER In the splendid palac
       12060   1825 w  -            LITTLE DOROTHY AND TOTO                  | LITTLE DOROTHY AND TOTO Dorothy was a little Kansas girl who
       22302   1699 w  -            TIKTOK AND THE NOME KING                 | TIKTOK AND THE NOME KING The Nome King was unpleasantly angr
       32020   1811 w  -            Ozma and the Little Wizard               | OZMA AND THE LITTLE WIZARD Once upon a time there lived in t
       42205   1784 w  -            JACK PUMPKINHEAD AND THE SAWHORSE        | JACK PUMPKINHEAD AND THE SAWHORSE In a room of the Royal Pal
       52186   2102 w  -            The Scarecrow and the Tin Woodman        | THE SCARECROW AND THE TIN WOODMAN There lived in the Land of

18_520.txt  ok  pieces 22  dropped 10  tries 1  toc 22  chunks 16  $0.018
    class canonical | title 'The Life and Adventures of Santa Claus' | author 'L. Frank Baum' | date None from None
    body 1806-169348 of 188169 (11% outside) | body_start 'YOUTH' | end matter '*** END OF THE PROJECT GUTENBERG EBOOK THE LIFE AND ADVENTURES OF SANTA CLAUS ***'
    contents 'Contents' .. '   3.  The Deputies of Santa Claus' at 1001-1765
        1806    226 w  -            opening / Chapter 1: Burzee              | YOUTH 1. Burzee Have you heard of the great Forest of Burzee
        3145   1406 w  -            Chapter 2: The Child of the Forest       | 2. The Child of the Forest Once, so long ago our great-grand
       11147    411 w  -            Chapter 3: The Adoption                  | 3. The Adoption The Master Woodsman suddenly rose, with knit
       13488    969 w  -            Claus                                    | 4. Claus Another day found Necile's bower the most popular p
       19088    639 w  -            The Master Woodsman                      | 5. The Master Woodsman Years pass swiftly in Burzee, for the
       22770    991 w  -            Claus Discovers Humanity                 | 6. Claus Discovers Humanity Taking Claus to a small clearing
       28457    926 w  -            Chapter 7: Claus Leaves the Forest       | 7. Claus Leaves the Forest When good Queen Zurline had touch
       33560   1557 w  -            Chapter 1: The Laughing Valley           | 1. The Laughing Valley When Claus came the Valley was empty 
       42340   1186 w  -            How Claus Made the First Toy             | 2. How Claus Made the First Toy Truly our Claus had wisdom, 
       49010   2059 w  -            How the Ryls Colored the Toys            | 3. How the Ryls Colored the Toys A hush lay on the Laughing 
       60269   1155 w  -            Chapter 4: How Little Mayrie Became Frig | 4. How Little Mayrie Became Frightened The winter was over n
       66807   1864 w  -            Chapter 5: How Bessie Blithesome Came to | 5. How Bessie Blithesome Came to the Laughing Valley One day
       76994   1917 w  -            The Wickedness of the Awgwas             | 6. The Wickedness of the Awgwas I must now tell you somethin
       87810   1737 w  -            The Great Battle Between Good and Evil   | 7. The Great Battle Between Good and Evil Ak listened gravel
       97826   2479 w  -            The First Journey with the Reindeer      | 8. The First Journey with the Reindeer Those were happy days
      111593    436 w  -            Santa Claus!                             | 9. "Santa Claus!" Claus thought that none of the children wo
      114084   2072 w  -            Christmas Eve                            | 10. Christmas Eve The day that broke as Claus returned from 
      125721   1843 w  -            How the First Stockings Were Hung by the | 11. How the First Stockings Were Hung by the Chimneys When y
      135953   1039 w  -            12. The First Christmas Tree             | 12. The First Christmas Tree Claus had always kept his promi
      141743   2363 w  -            1. The Mantle of Immortality             | 1. The Mantle of Immortality And now we come to a turning-po
      154715    949 w  -            When the World Grew Old                  | 2. When the World Grew Old The next morning, when Santa Clau
      160005   1691 w  -            The Deputies of Santa Claus              | 3. The Deputies of Santa Claus However, there was one evil f
    10 piece(s) after the end matter dropped

19_30537.txt  ok  pieces 24  dropped 0  tries 1  toc 24  chunks 23  $0.026
    class canonical | title 'The Royal Book of Oz' | author 'Ruth Plumly Thompson' | date 1921 from 'Copyright, 1921'
    body 4446-251266 of 270069 (9% outside) | body_start 'CHAPTER 1' | end matter '*** END OF THE PROJECT GUTENBERG EBOOK THE ROYAL BOOK OF OZ ***'
    contents 'LIST OF CHAPTERS' .. '  24  Homeward Bound to the Emerald City' at 3415-4400
        4446   2051 w  -            Chapter 1: Professor Wogglebug's Great I | CHAPTER 1 PROFESSOR WOGGLEBUG'S GREAT IDEA "The very thing!"
       16618   2090 w  -            Chapter 2: THE SCARECROW'S FAMILY TREE   | CHAPTER 2 THE SCARECROW'S FAMILY TREE The moon shone brightl
       28777   1675 w  -            Chapter 3: DOWN THE MAGIC BEAN POLE      | CHAPTER 3 DOWN THE MAGIC BEAN POLE Hugging the bean pole for
       38539   2692 w  -            Chapter 4: DOROTHY'S LONELY BREAKFAST    | CHAPTER 4 DOROTHY'S LONELY BREAKFAST Dorothy, who occupied o
       54178   2384 w  -            Chapter 5: Sir Hokus of Pokes            | CHAPTER 5 SIR HOKUS OF POKES It was long past sunup before D
       68242   1538 w  -            SINGING THEIR WAY OUT OF POKES           | CHAPTER 6 SINGING THEIR WAY OUT OF POKES Taking a deep breat
       77089   2202 w  -            Chapter 7: THE SCARECROW IS HAILED AS EM | CHAPTER 7 THE SCARECROW IS HAILED AS EMPEROR! Leaning forwar
       90177   2533 w  -            Chapter 8: The Scarecrow Studies the Sil | CHAPTER 8 THE SCARECROW STUDIES THE SILVER ISLAND Two days h
      105345   2303 w  -            Chapter 9: SAVE US WITH YOUR MAGIC, EXAL | CHAPTER 9 "SAVE US WITH YOUR MAGIC, EXALTED ONE!" For severa
      118801    527 w  -            Chapter 10: Princess Ozma and Betsy Bobb | CHAPTER 10 PRINCESS OZMA AND BETSY BOBBIN TALK IT OVER "Doro
      121912   1489 w  -            CHAPTER 11: SIR HOKUS OVERCOMETH THE GIA | CHAPTER 11 SIR HOKUS OVERCOMETH THE GIANT "I don't believe w
      130601   2873 w  -            CHAPTER 12: DOROTHY AND SIR HOKUS COME T | CHAPTER 12 DOROTHY AND SIR HOKUS COME TO FIX CITY The aftern
      147468   2058 w  -            Chapter 13: DANCING BEDS AND THE ROADS T | CHAPTER 13 DANCING BEDS AND THE ROADS THAT UNROLLED "It must
      159395   1558 w  -            SONS AND GRANDSONS GREET THE SCARECROW   | CHAPTER 14 SONS AND GRANDSONS GREET THE SCARECROW Although t
      168745   1493 w  -            Chapter 15: The Three Princes Plot to Un | CHAPTER 15 THE THREE PRINCES PLOT TO UNDO THE EMPEROR "Let m
      177589   1762 w  -            Chapter 16: Dorothy and Her Guardians Me | CHAPTER 16 DOROTHY AND HER GUARDIANS MEET NEW FRIENDS While 
      188309    681 w  -            Chapter 17: DOUBTY AND CAMY VANISH INTO  | CHAPTER 17 DOUBTY AND CAMY VANISH INTO SPACE For a short tim
      192377   2093 w  -            Chapter 18: DOROTHY FINDS THE SCARECROW! | CHAPTER 18 DOROTHY FINDS THE SCARECROW! The next thing Dorot
      204896    857 w  -            Chapter 19: PLANNING TO FLY FROM THE SIL | CHAPTER 19 PLANNING TO FLY FROM THE SILVER ISLAND It was the
      209912   1878 w  -            Chapter 20: DOROTHY UPSETS THE CEREMONY  | CHAPTER 20 DOROTHY UPSETS THE CEREMONY OF THE ISLAND "A cara
      221230   1153 w  -            CHAPTER 21: THE ESCAPE FROM THE SILVER I | CHAPTER 21 THE ESCAPE FROM THE SILVER ISLAND "Well!" gasped 
      228159    337 w  -            THE FLIGHT OF THE PARASOL                | CHAPTER 22 THE FLIGHT OF THE PARASOL Holding the handle of t
      230170   1186 w  -            SAFE AT LAST IN THE LAND OF OZ           | CHAPTER 23 SAFE AT LAST IN THE LAND OF OZ "Must we keep bump
      237229   2355 w  -            HOMEWARD BOUND TO THE EMERALD CITY       | CHAPTER 24 HOMEWARD BOUND TO THE EMERALD CITY Dorothy and th

20_53765.txt  ok  pieces 22  dropped 0  tries 1  toc 22  chunks 25  $0.027
    class canonical | title 'Kabumpo in Oz' | author 'Ruth Plumly Thompson' | date 1922 from '                            Copyright, 1922'
    body 5500-273722 of 293092 (8% outside) | body_start '                               Chapter 1\n                      The Exploding Birthday Cake' | end matter '                          Transcriber’s Notes'
    contents '                            LIST OF CHAPTERS' .. '  22 Ruggedo’s Last Rock                                             292' at 3623-5275
        5500   2298 w  -            Chapter 1: The Exploding Birthday Cake   | Chapter 1 The Exploding Birthday Cake “The cake, you chatter
       19251   2059 w  -            Chapter 2: Picking a Proper Princess     | Chapter 2 Picking a Proper Princess “What shall we do first?
       31882    776 w  -            Chapter 3: Kabumpo and Pompa Disappear   | Chapter 3 Kabumpo and Pompa Disappear Once in his own apartm
       36725   2112 w  -            Chapter 4: The Curious Cottabus Appears  | Chapter 4 The Curious Cottabus Appears “Ouch!” Prince Pompad
       49354   2388 w  -            Chapter 5: In The City of The Figure Hea | Chapter 5 In The City of The Figure Heads “It reminds me of 
       63644   3111 w  -            Chapter 6: Ruggedo’s History In Six Rock | Chapter 6 Ruggedo’s History In Six Rocks On the same night t
       81593   1389 w  -            Chapter 7: Sir Hokus And The Giants      | Chapter 7 Sir Hokus And The Giants “Oh!” sighed Sir Hokus of
       89686   1490 w  -            Chapter 8: Woe In The Emerald City       | Chapter 8 Woe In The Emerald City The Soldier with the Green
       98281   3185 w  -            Chapter 9: Mixed Magic Makes Mischief    | Chapter 9 Mixed Magic Makes Mischief The Book of Records had
      116425   2155 w  -            Chapter 10: Peg and Wag To The Rescue    | Chapter 10 Peg and Wag To The Rescue For a long time after t
      128840   2480 w  -            Chapter 11: The King of The Illumi Natio | Chapter 11 The King of The Illumi Nation While Ruggedo was w
      143801   2528 w  -            Chapter 12: The Delicious Sea of Soup    | Chapter 12 The Delicious Sea of Soup “Strange that we don’t 
      158645   2317 w  -            Chapter 13: On The Road To Ev            | Chapter 13 On The Road To Ev In their journey to Ev, Peg
      172378   2377 w  -            Chapter 14: Terror In Ozma’s Palace      | Chapter 14 Terror In Ozma’s Palace Meanwhile strange things
      186447    930 w  -            Chapter 15: The Sand Man Takes a Hand    | Chapter 15 The Sand Man Takes a Hand Someone was coming towa
      191998   2428 w  -            Chapter 16: Kabumpo Vanquishes The Twigs | Chapter 16 Kabumpo Vanquishes The Twigs “Do you think you we
      206337   2177 w  -            Chapter 17: Meeting The Runaway Country  | Chapter 17 Meeting The Runaway Country Everything was mixed 
      219241   2436 w  -            Chapter 18: Prince Pompadore Proposes    | Chapter 18 Prince Pompadore Proposes While Peg and Pompa and
      233688   2147 w  -            Chapter 19: Ozma Takes Things In Hand    | Chapter 19 Ozma Takes Things In Hand Prince Pompadore jumped
      246353   2232 w  -            Chapter 20: The Proper Princess Is Found | Chapter 20 The Proper Princess Is Found! “Is the mirror safe
      259456   1781 w  -            Chapter 21: How It All Came About        | Chapter 21 How It All Came About Before Pompa had time to r
      269808    658 w  -            Chapter 22: Ruggedo’s Last Rock          | Chapter 22 Ruggedo’s Last Rock There are only a few more m

21_58765.txt  ok  pieces 23  dropped 0  tries 1  toc 22  chunks 24  $0.027
    class canonical | title 'The Cowardly Lion of Oz' | author 'Ruth Plumly Thompson' | date 1923 from 'Copyright, 1923'
    body 1941-270045 of 288934 (7% outside) | body_start 'Dear Girls and Boys:' | end matter "End of Project Gutenberg's The Cowardly Lion of Oz, by Ruth Plumly Thompson"
    contents '                           List of Chapters' .. '               22 A Happy Home in Oz' at 3532-4455
        1941    361 w  -            opening                                  | Dear Girls and Boys: This is the Cowardly Lion's book, becau
        4486   2372 w  -            Chapter 1: Mustafa of Mudge              | Chapter 1 Mustafa of Mudge "Tazzywaller, I must have another
       18505   1071 w  -            Chapter 2: Magic at the Circus           | Chapter 2 Magic at the Circus It was raining outside, it was
       24802   1826 w  -            Chapter 3: At the Court of Mudge         | Chapter 3 At the Court of Mudge Neither the clown nor the bo
       34977   2039 w  -            Chapter 4: Mustafa's Mandate             | Chapter 4 Mustafa's Mandate There was a moment of absolute s
       46888   2397 w  -            Two Cowardly Lion Hunters                | Chapter 5 Two Cowardly Lion Hunters For a time Notta and Bob
       60398   1980 w  -            Chapter 6: The Seven Doors               | Chapter 6 The Seven Doors As Bob and Notta came closer, they
       72023   2362 w  -            Chapter 7: The Escape From Doorways      | Chapter 7 The Escape From Doorways "What do you mean by stan
       85614   1750 w  -            Chapter 8: The Cowardly Lion's Quest     | Chapter 8 The Cowardly Lion's Quest Quite unconscious of Mus
       95786   3227 w  -            Chapter 9: In Search of a Brave Man / In | Chapter 9 In Search of a Brave Man The Cowardly Lion was fam
      113899   2634 w  -            Chapter 10: On the Isle of Un            | Chapter 10 On the Isle of Un "If you could just stop trembli
      129093   2537 w  -            A Strange Fishing Party                  | Chapter 11 A Strange Fishing Party To their surprise, none o
      143332   2690 w  -            Chapter 12: Saved by a Flyaboutabus      | Chapter 12 Saved by a Flyaboutabus Groaning because he had b
      158640   2583 w  -            Chapter 13: Mustafa's Blue Magic         | Chapter 13 Mustafa's Blue Magic Notta rose unsteadily and li
      173295   2551 w  -            Chapter 14: Flying in a Deluge           | Chapter 14 Flying in a Deluge "Let's find Dorothy," shouted 
      187849    408 w  -            Chapter 15: Mustafa Keeps Watch          | Chapter 15 Mustafa Keeps Watch Mustafa, seated on his blue t
      190322   2436 w  -            Chapter 16: A Fall From the Sky          | Chapter 16 A Fall From the Sky "Tents and trapezes!" shouted
      204318   2222 w  -            Chapter 17: The Stone Man of Oz          | Chapter 17 The Stone Man of Oz Bob put his arm around Snorer
      216914   2031 w  -            Chapter 18: Notta's Last Disguise        | Chapter 18 Notta's Last Disguise Of all his adventures, Bob 
      228417   1998 w  -            Chapter 19: In the Emerald City          | Chapter 19 In the Emerald City "Who found this witch?" asked
      240073   2718 w  -            Chapter 20: The Cowardly Lion's Peril    | Chapter 20 The Cowardly Lion's Peril To understand how the C
      255887   1479 w  -            Chapter 21: Oz Magic Triumphs            | Chapter 21 Oz Magic Triumphs Seven magic words! No sooner we
      264262   1020 w  -            Chapter 22: A Happy Home in Oz           | Chapter 22 A Happy Home in Oz "And now," sighed the little Q

22_61681.txt  ok  pieces 23  dropped 8  tries 1  toc 22  chunks 22  $0.025
    class canonical | title 'Grampa in Oz' | author 'Ruth Plumly Thompson' | date 1924 from 'Copyright, 1924 by The Reilly & Lee Co.'
    body 1617-239489 of 258284 (8% outside) | body_start 'Dear Boys and Girls:' | end matter '*** END OF THE PROJECT GUTENBERG EBOOK GRAMPA IN OZ ***'
    contents 'List of Chapters' .. '    22 Rejoicing in Ragbad' at 2915-3605
        1617    331 w  -            opening                                  | Dear Boys and Girls: This book is all about an old soldier c
        3637   2036 w  -            Chapter 1: A Rainy Day in Ragbad         | CHAPTER 1 A Rainy Day in Ragbad King Fumbo of Ragbad shook i
       15150   1663 w  -            Chapter 2: The Wise Man Speaks           | CHAPTER 2 The Wise Man Speaks “I suppose,” sighed the old so
       24529   2195 w  -            The Blue Forest of Oz                    | CHAPTER 3 The Blue Forest of Oz “Grampa,” said Prince Tatter
       36868   1699 w  -            Chapter 4: The Baffled Bandits           | CHAPTER 4 The Baffled Bandits “I’m so disappointed I could c
       46706   1607 w  -            Chapter 5: Down the Hollow Tree          | CHAPTER 5 Down the Hollow Tree Now falling, when you first s
       56098   2563 w  -            Chapter 6: The Wizard’s Garden           | CHAPTER 6 The Wizard’s Garden “Maybe he will tell me where t
       70972   1417 w  -            The Winding Stairway                     | CHAPTER 7 The Winding Stairway It was twilight in the wizard
       79337   2019 w  -            CHAPTER 8: Strange Happenings in Perhaps | CHAPTER 8 Strange Happenings in Perhaps City On the same bri
       91207   2440 w  -            Chapter 9: Dorothy Meets a New Celebrity | CHAPTER 9 Dorothy Meets a New Celebrity Dorothy had been to 
      105546   2722 w  -            Chapter 10: Prince Forge John of Fire Is | CHAPTER 10 Prince Forge John of Fire Island Before Grampa an
      121518   1687 w  -            Chapter 11: Into the Volcano             | CHAPTER 11 Into the Volcano By the time Grampa had recovered
      131164   2186 w  -            Chapter 12: The Island of Isa Poso       | CHAPTER 12 The Island of Isa Poso While Tatters was still st
      143976   2118 w  -            Chapter 13: Tatters Receives the Reward  | CHAPTER 13 Tatters Receives the Reward Prince Tatters had li
      156354   1960 w  -            Chapter 14: On Monday Mountain           | CHAPTER 14 On Monday Mountain “Good sleep, how did you enjoy
      167883   2875 w  -            The Finding of Fumbo’s Head!             | CHAPTER 15 The Finding of Fumbo’s Head! For an hour the thre
      184561   1044 w  -            Chapter 16: Princess Dorothy Escapes     | CHAPTER 16 Princess Dorothy Escapes The two days that Grampa
      190631   1954 w  -            Chapter 17: The Adventurers Meet         | CHAPTER 17 The Adventurers Meet “I don’t see any Princess,” 
      202099   1870 w  -            Chapter 18: The Mischievous Play Fellows | CHAPTER 18 The Mischievous Play Fellows Bright and early nex
      212951   2082 w  -            Chapter 19: Back to Perhaps City         | CHAPTER 19 Back to Perhaps City Seated on a great gold cushi
      225001    985 w  -            Chapter 20: The Prophet Confesses        | CHAPTER 20 The Prophet Confesses You can well imagine the su
      230853    836 w  -            Chapter 21: Urtha is Transformed         | CHAPTER 21 Urtha is Transformed You are probably wondering w
      235700    672 w  -            Chapter 22: Rejoicing in Ragbad          | CHAPTER 22 Rejoicing in Ragbad Gone, you say. But where? I m
    8 piece(s) after the end matter dropped

23_65849.txt  ok  pieces 22  dropped 0  tries 1  toc 21  chunks 23  $0.025
    class canonical | title 'The Lost King of Oz' | author 'Ruth Plumly Thompson' | date 1925-07 from '                                                            July, 1925.'
    body 2006-251881 of 270683 (8% outside) | body_start 'Dear Boys and Girls:' | end matter '*** END OF THE PROJECT GUTENBERG EBOOK THE LOST KING OF OZ ***'
    contents '                           List of Chapters' .. '                  21 The Grand Procession' at 4759-5702
        2006    555 w  -            opening                                  | Dear Boys and Girls: A whole book full of news has happened 
        5766   1557 w  -            Chapter 1: In Jolly Kimbaloo             | CHAPTER 1 In Jolly Kimbaloo The King of Kimbaloo was ki
       14546   2051 w  -            Chapter 2: Snip's Great Adventure        | CHAPTER 2 Snip's Great Adventure The King! Poor Snip, crou
       26303   1474 w  -            King Kinda Jolly Is Sad                  | CHAPTER 3 King Kinda Jolly Is Sad While all this was happe
       34847   1601 w  -            In the Purple Forest                     | CHAPTER 4 In the Purple Forest Snip thought of a great ma
       43936   2890 w  -            Chapter 5: The Rolling Hoopers           | CHAPTER 5 The Rolling Hoopers Snip was awakened by a tic
       60663   2482 w  -            CHAPTER 6: In Catty Corners              | CHAPTER 6 In Catty Corners "Suppose the King were a goa
       75103   1716 w  -            Chapter 7: The Magic Pudding             | CHAPTER 7 The Magic Pudding "Snip," wheezed Pajuka mour
       85002   1651 w  -            The Mysterious Message                   | CHAPTER 8 The Mysterious Message Scraps, the Patch Work Gi
       94874   2211 w  -            In the Castle of Morrow                  | CHAPTER 9 In the Castle of Morrow The Wizard of Oz knew th
      107869   2460 w  -            Dorothy and the Dummy                    | CHAPTER 10 Dorothy and the Dummy On the same bright morni
      121918   2322 w  -            Chapter 11: A Real Oz Adventure          | CHAPTER 11 A Real Oz Adventure "The last thing I remembe
      135293   2572 w  -            Chapter 12: The Playful Scooters         | CHAPTER 12 The Playful Scooters The first of the rivermen
      150479   2605 w  -            Chapter 13: Snip Meets the Blanks        | CHAPTER 13 Snip Meets the Blanks On the night before Ozma
      165292   1538 w  -            The Old Tailor's Story                   | CHAPTER 14 The Old Tailor's Story Snip was just gathering
      174070   2512 w  -            Kabumpo to the Rescue                    | CHAPTER 15 Kabumpo to the Rescue You have guessed that it
      188786   2467 w  -            Humpy Hailed As King                     | CHAPTER 16 Humpy Hailed As King Kabumpo would never have
      203175   1514 w  -            Chapter 17: Mombi's Magic                | CHAPTER 17 Mombi's Magic The thoughts of the little c
      212187   1057 w  -            Chapter 18: Ozma's Odd Home-Coming       | CHAPTER 18 Ozma's Odd Home-Coming While the dummy King and
      218480   2022 w  -            Chapter 19: The Wizard Takes a Hand      | CHAPTER 19 The Wizard Takes a Hand The people clinging to
      230467   2909 w  -            Chapter 20: The Lost King Is Found       | CHAPTER 20 The Lost King Is Found The Wizard of Oz was puz
      247436    762 w  -            Chapter 21: The Grand Procession         | CHAPTER 21 The Grand Procession The next day there was a

24_70152.txt  ok  pieces 21  dropped 0  tries 1  toc 20  chunks 22  $0.023
    class canonical | title 'The Hungry Tiger of Oz' | author 'Ruth Plumly Thompson' | date 1926 from 'Original publication: United States: The Reilly & Lee Co., 1926'
    body 1794-234873 of 253678 (8% outside) | body_start 'Well, My Dears: Here I am again to say, How do you do and how do you do' | end matter '*** END OF THE PROJECT GUTENBERG EBOOK THE HUNGRY TIGER OF OZ ***'
    contents '                          _List of Chapters_' .. '                         20 Safe in the Emerald City' at 3275-4282
        1794    336 w  -            opening                                  | Well, My Dears: Here I am again to say, How do you do and ho
        4350   2126 w  -            Chapter 1: The Pasha of Rash             | CHAPTER 1 The Pasha of Rash "Burnt again!" roared the P
       16773   2254 w  -            Betsy's Birthday                         | CHAPTER 2 Betsy's Birthday "Well!" signed Betsy Bobbin,
       29842   2176 w  -            Chapter 3: The Hungry Tiger in Rash      | CHAPTER 3 The Hungry Tiger in Rash It was night time when I
       42429   2452 w  -            Chapter 4: The Vegetable Man of Oz       | CHAPTER 4 The Vegetable Man of Oz We shall have to leave t
       56461   1735 w  -            Chapter 5: Prisoners in Rash             | CHAPTER 5 Prisoners in Rash Betsy never had been destro
       66655   2712 w  -            Chapter 6: The Scarlet Prince            | CHAPTER 6 The Scarlet Prince "Would you mind not using m
       82560   1306 w  -            Chapter 7: Escape from Rash              | CHAPTER 7 Escape from Rash After the Hungry Tiger had p
       90148   2132 w  -            Chapter 8: In Down Town                  | CHAPTER 8 In Down Town When Betsy awakened next morni
      102520   2459 w  -            Chapter 9: The Indus Tree                | CHAPTER 9 The Indus Tree At the officer's ringing word
      116850   2455 w  -            Chapter 10: The Magic Spectacles         | CHAPTER 10 The Magic Spectacles Kaliko, King of all the g
      131379   1860 w  -            Chapter 11: The Second Rash Ruby         | CHAPTER 11 The Second Rash Ruby "I told you there was a s
      142148   1746 w  -            Chapter 12: Immense City                 | CHAPTER 12 Immense City When the Vegetable Man return
      152340   1240 w  -            Chapter 13: Beside the Wall              | CHAPTER 13 Beside the Wall The bright sun awakened Bet
      159331   2031 w  -            Chapter 14: The Airman of Oz             | CHAPTER 14 The Airman of Oz Betsy had been perfectly ri
      170994   1945 w  -            Rusty Ore to the Rescue                  | CHAPTER 15 Rusty Ore to the Rescue While Ozma, perched on
      181994   2478 w  -            Chapter 16: Reddy and the Giants         | CHAPTER 16 Reddy and the Giants While Carter and Betsy wa
      196013   1872 w  -            The Big Wig's Secret                     | CHAPTER 17 The Big Wig's Secret The Giantess seemed aston
      206755   2018 w  -            Chapter 18: The Third Rash Ruby          | CHAPTER 18 The Third Rash Ruby "It was wicked of Irashi
      218286   1844 w  -            Chapter 19: Reddy Restored to the Throne | CHAPTER 19 Reddy Restored to the Throne The time passed most
      229026   1007 w  -            Chapter 20: Safe in the Emerald City     | CHAPTER 20 Safe in the Emerald City "Wait! Wait!" begged Oz

25_71273.txt  ok  pieces 20  dropped 0  tries 1  toc 20  chunks 21  $0.022
    class canonical | title 'The Gnome King of Oz' | author 'Ruth Plumly Thompson' | date 1927 from 'Original publication: United States: The Reilly & Lee Co., 1927'
    body 4597-228755 of 247759 (10% outside) | body_start 'CHAPTER 1 Queen Cross Patch Flits' | end matter 'TRANSCRIBER’S NOTE'
    contents 'List of Chapters' .. '    20 Peter Is Made a Prince of Oz                 277' at 3294-4500
        4597   2566 w  -            Chapter 1: Queen Cross Patch Flits       | CHAPTER 1 Queen Cross Patch Flits Queen Cross Patch, the Six
       19709   2076 w  -            Chapter 2: The New Queen Of the Quilties | CHAPTER 2 The New Queen Of the Quilties The Emerald City, wh
       31980   2340 w  -            Chapter 3: Duties Of the Quilty Queen    | CHAPTER 3 Duties Of the Quilty Queen Hungry from their long 
       45723   2588 w  -            Chapter 4: Peter Flies With An Odd Bird  | CHAPTER 4 Peter Flies With An Odd Bird “Nothing at all ever 
       60503   1671 w  -            Chapter 5: Sea Tips Upside Down In Quake | CHAPTER 5 Sea Tips Upside Down In Quake Flung flat upon thei
       70183   2232 w  -            Chapter 6: Ruggedo Discovers Pirate’s Tr | CHAPTER 6 Ruggedo Discovers Pirate’s Treasure When Peter awa
       83029   2552 w  -            Chapter 7: Kaliko Falls As King of Gnome | CHAPTER 7 Kaliko Falls As King of Gnomes Every wash and slap
       98055   2264 w  -            Chapter 8: Peter Meets Kuma Party        | CHAPTER 8 Peter Meets Kuma Party As they walked up the neat 
      110950   1725 w  -            Chapter 9: Queen Scraps Meets Peter      | CHAPTER 9 Queen Scraps Meets Peter It is hard to say who was
      120864   2099 w  -            Chapter 10: Escape From Patch At Last    | CHAPTER 10 Escape From Patch At Last When Peter awakened nex
      133040   2447 w  -            Chapter 11: Scraps Meets Sultan Of Suds  | CHAPTER 11 Scraps Meets Sultan Of Suds Walking slowly at fir
      147436   1843 w  -            Chapter 12: Friend Oztrich Offers To Hel | CHAPTER 12 Friend Oztrich Offers To Help They were half way 
      158208   2048 w  -            Chapter 13: Tune Town Sings The Wanderer | CHAPTER 13 Tune Town Sings The Wanderers Onward “Now how did
      170152   2051 w  -            Chapter 14: Ozwold And His Friends Rush  | CHAPTER 14 Ozwold And His Friends Rush On “That was a fine p
      182344   1720 w  -            Chapter 15: Wumbo, Wonder Worker, At Hom | CHAPTER 15 Wumbo, Wonder Worker, At Home The Gillikin Countr
      192401    563 w  -            Chapter 16: Kuma’s Hand Is At Work Again | CHAPTER 16 Kuma’s Hand Is At Work Again As the chair, foot-s
      195609   2410 w  -            Chapter 17: Mystery In The Emerald City  | CHAPTER 17 Mystery In The Emerald City “Of course,” said Dor
      210035   1484 w  -            Chapter 18: The Theft Of The Magic Belt  | CHAPTER 18 The Theft Of The Magic Belt Ozma, surprised enoug
      218721    929 w  -            Chapter 19: The Wizard Makes The Gnome K | CHAPTER 19 The Wizard Makes The Gnome King Visible At Rugged
      224125    819 w  -            Chapter 20: Peter Is Made A Prince Of Oz | CHAPTER 20 Peter Is Made A Prince Of Oz With Scraps and Doro

26_73170.txt  ok  pieces 21  dropped 0  tries 1  toc 20  chunks 21  $0.023
    class canonical | title 'The giant horse of Oz' | author 'Ruth Plumly Thompson' | date 1928 from 'Original publication: New York, NY: The Reilly & Lee Co., 1928'
    body 1909-227430 of 246234 (8% outside) | body_start '    Hello Girls and Boys, Hello!' | end matter '*** END OF THE PROJECT GUTENBERG EBOOK THE GIANT HORSE OF OZ ***'
    contents '                           List of Chapters' .. '                       20 Rulers East and North' at 3180-4193
        1909    289 w  -            opening                                  | Hello Girls and Boys, Hello! Wherever you are, Hello! Wherev
        4258   2609 w  -            Chapter 1: The King of the Ozure Isles   | CHAPTER 1 The King of the Ozure Isles Far to the North, wall
       19500   1440 w  -            The Golden Pear                          | CHAPTER 2 The Golden Pear The great silver bells in th
       27820   2609 w  -            Chapter 3: The Strange Public Benefactor | CHAPTER 3 The Strange Public Benefactor In the dusty shop of
       42623   2102 w  -            Finding a Mortal Maiden                  | CHAPTER 4 Finding a Mortal Maiden So well did Benny carry
       54681   2575 w  -            Chapter 5: In the Cave of Quiberon       | CHAPTER 5 In the Cave of Quiberon It had taken the golden
       69813    946 w  -            Chapter 6: The Wicked Soothsayer         | CHAPTER 6 The Wicked Soothsayer After leaving Trot and he
       75425   1458 w  -            The Trials of Tattypoo                   | CHAPTER 7 The Trials of Tattypoo On the same evening Phila
       83800   2242 w  -            Chapter 8: The Man in the Bottle         | CHAPTER 8 The Man in the Bottle The firelight lit up the
       96634   2521 w  -            Chapter 9: King of the Uplanders         | CHAPTER 9 King of the Uplanders Deeper and deeper the two
      111259   2201 w  -            Chapter 10: High Times Up Town           | CHAPTER 10 High Times Up Town At High Boy's loud call, t
      124056   1855 w  -            Chapter 11: The King of Cave City        | CHAPTER 11 The King of Cave City The same morning that Ph
      134892   1850 w  -            Chapter 12: Escape from Cave City        | CHAPTER 12 Escape from Cave City The last thing Trot reme
      145588   1906 w  -            Chapter 13: The Round-abouties           | CHAPTER 13 The Round-abouties Stepping into the revolvin
      156774   2265 w  -            Chapter 14: A Meeting of Celebrities     | CHAPTER 14 A Meeting of Celebrities "Conquering a city is n
      169937   1886 w  -            Chapter 15: The Shutter Faces            | CHAPTER 15 The Shutter Faces The face of the Out Keeper
      181098   1535 w  -            Chapter 16: The Lost Queen Returns       | CHAPTER 16 The Lost Queen Returns On the same evening that
      190061   2533 w  -            Chapter 17: A Royal Welcome              | CHAPTER 17 A Royal Welcome As High Boy, neighing joyou
      204887   1589 w  -            Chapter 18: The Tale of Tattypoo         | CHAPTER 18 The Tale of Tattypoo "Twenty-five years ago,"
      214066    488 w  -            Chapter 19: Another Wishing Pill         | CHAPTER 19 Another Wishing Pill After a merry breakfast i
      216934   1852 w  -            CHAPTER 20: Rulers East and North        | CHAPTER 20 Rulers East and North It was noon time when th

27_75720.txt  ok  pieces 22  dropped 0  tries 1  toc 21  chunks 20  $0.022
    class canonical | title 'Jack Pumpkinhead of Oz' | author 'Ruth Plumly Thompson' | date 1929 from 'Original publication: New York, NY: The Reilly & Lee Co., 1929'
    body 1849-219569 of 238374 (9% outside) | body_start 'Dear Boys and Girls: Did YOU ever hear of the Land of the Barons, of a' | end matter '*** END OF THE PROJECT GUTENBERG EBOOK JACK PUMPKINHEAD OF OZ ***'
    contents '                           List of Chapters' .. "                    21 Peter's Return to Philadelphia" at 3614-4680
        1849    417 w  -            opening                                  | Dear Boys and Girls: Did YOU ever hear of the Land of the Ba
        4754   2659 w  -            Chapter 1: Peter and the Pirate's Sack   | CHAPTER 1 Peter and the Pirate's Sack The rain beat heavily
       19662   2171 w  -            Chapter 2: The Chimney Villains          | CHAPTER 2 The Chimney Villains "Now I'm Santy Claus," mum
       32193   1660 w  -            Chapter 3: What the Green Tree Said      | CHAPTER 3 What the Green Tree Said "Won't Dorothy and Ozma
       41945   1752 w  -            Chapter 4: Scary Times in Scare City     | CHAPTER 4 Scary Times in Scare City On the other side o
       51958   2026 w  -            Chapter 5: Peter Meets the Iffin         | CHAPTER 5 Peter Meets the Iffin "Boy! Pumpkin! Emerald Ci
       63693   1713 w  -            Chapter 6: The Bearded Baron Appears     | CHAPTER 6 The Bearded Baron Appears After Scare City almost
       73643   2285 w  -            Belfaygor's Strange Story                | CHAPTER 7 Belfaygor's Strange Story With a gusty sigh, the
       87019   1100 w  -            Chapter 8: A Way to Cross the Chasm      | CHAPTER 8 A Way to Cross the Chasm "I'll wager that old Jin
       93357   1568 w  -            Chapter 9: The Forbidden Flagon          | CHAPTER 9 The Forbidden Flagon While Peter and his friend
      102840   2106 w  -            Chapter 10: The City of Baffleburg       | CHAPTER 10 The City of Baffleburg A strange, shrill squeak
      115299   1929 w  -            Chapter 11: In the Castle of Mogodore    | CHAPTER 11 In the Castle of Mogodore "Now to get ourselves
      126806   1707 w  -            Chapter 12: The Escape from Baffleburg   | CHAPTER 12 The Escape from Baffleburg As the rattle of hoofs
      136918   1997 w  -            Chapter 13: The Enchanted Cavern         | CHAPTER 13 The Enchanted Cavern "This is about as excitin
      148601   2245 w  -            Chapter 14: High Times in Swing City     | CHAPTER 14 High Times in Swing City "As soon as we see Mogo
      161634   1408 w  -            Chapter 15: Peter Opens the Pirate's Sac | CHAPTER 15 Peter Opens the Pirate's Sack "What a curious exi
      169600   1518 w  -            Chapter 16: In the Palace of the Red Jin | CHAPTER 16 In the Palace of the Red Jinn In about three whir
      178275   2485 w  -            Chapter 17: The Capture of the Emerald C | CHAPTER 17 The Capture of the Emerald City In that delightfu
      192503    968 w  -            Chapter 18: Mogodore Meets More Magic    | CHAPTER 18 Mogodore Meets More Magic Soon the fragrance of
      198154    824 w  -            Chapter 19: The Forbidden Flagon Acts    | CHAPTER 19 The Forbidden Flagon Acts The great banquet hall
      203237   1807 w  -            Chapter 20: The Wedding Feast            | CHAPTER 20 The Wedding Feast "Is it a nightmare?" shive
      214024    946 w  -            Chapter 21: Peter's Return to Philadelph | CHAPTER 21 Peter's Return to Philadelphia Next day the festi

28_78637.txt  ok  pieces 20  dropped 14  tries 1  toc 20  chunks 23  $0.026
    class canonical | title 'The YELLOW KNIGHT of OZ' | author 'RUTH PLUMLY THOMPSON' | date 1930 from 'Original publication: New York, NY: The Reilly & Lee Co., 1930'
    body 4166-255331 of 274057 (8% outside) | body_start '                              CHAPTER ONE' | end matter 'Updated editions will replace the previous one—the old editions will'
    contents '                               CONTENTS' .. '                      20 The Marriage of Marygolden' at 3063-4097
        4166   2010 w  -            Chapter 1: Sir Hokus Plans a Quest       | CHAPTER ONE SIR HOKUS PLANS A QUEST "I am minded," said Si
       15641   2179 w  -            Chapter Two: The Knight's First Adventur | CHAPTER TWO THE KNIGHT'S FIRST ADVENTURE Walking rapidly, Si
       28304   1950 w  -            CHAPTER THREE: QUEEN MARCIA OF MARSHLAND | CHAPTER THREE QUEEN MARCIA OF MARSHLAND With his sword, Sir
       39721   1210 w  -            Chapter Four: Ploppa and Sir Hokus Escap | CHAPTER FOUR PLOPPA AND SIR HOKUS ESCAPE Gloomily Sir Hokus
       46736   2038 w  -            Chapter Five: Concerning a Camel         | CHAPTER FIVE CONCERNING A CAMEL "Any tidings, Tuzzle?" P
       58649   1524 w  -            Chapter Six: Tuzzle at the Court of Oz   | CHAPTER SIX TUZZLE AT THE COURT OF OZ About fifteen minutes
       67767   2766 w  -            Chapter Seven: The Cruise of the Skyrock | CHAPTER SEVEN THE CRUISE OF THE SKYROCKET "Are you sure it's
       83884   2604 w  -            A GOLDEN PRINCESS                        | CHAPTER EIGHT A GOLDEN PRINCESS "I suppose you are wond
       99183   1959 w  -            Chapter Nine: Sir Hokus Meets an Old Fri | CHAPTER NINE SIR HOKUS MEETS AN OLD FRIEND It was a joy to b
      110607   2470 w  -            Chapter 10: The Deserted City            | CHAPTER TEN THE DESERTED CITY Untangling himself from t
      125008   1497 w  -            Chapter Eleven: The Knight Loses His Cam | CHAPTER ELEVEN THE KNIGHT LOSES HIS CAMEL They had gone but
      133752   1388 w  -            Chapter Twelve: Camy at the Sultan's Cou | CHAPTER TWELVE CAMY AT THE SULTAN'S COURT Now the Comfortabl
      141780   2273 w  -            Chapter Thirteen: King of the Quix!      | CHAPTER THIRTEEN KING OF THE QUIX! And now, leaving the
      154898   2510 w  -            Chapter Fourteen: The Enchanted Forest   | CHAPTER FOURTEEN THE ENCHANTED FOREST After the rush and
      169707   2449 w  -            Chapter Fifteen: Five Travellers Meet    | CHAPTER FIFTEEN FIVE TRAVELLERS MEET At Speedy's lusty cr
      184368   2642 w  -            Chapter 16: Speedy in Samandra           | CHAPTER SIXTEEN SPEEDY IN SAMANDRA And so it happened th
      199901   2850 w  -            CHAPTER SEVENTEEN: THE RESTORATION OF CO | CHAPTER SEVENTEEN THE RESTORATION OF CORUMBIA "What did he s
      216861   2423 w  -            Chapter Eighteen: The Return of the Yell | CHAPTER EIGHTEEN THE RETURN OF THE YELLOW KNIGHT "This is th
      231364   2185 w  -            Chapter Nineteen: FOR THE HAND OF A PRIN | CHAPTER NINETEEN FOR THE HAND OF A PRINCESS "Knights and Pri
      244379   1865 w  -            Chapter 20: The Marriage of Marygolden   | CHAPTER TWENTY THE MARRIAGE OF MARYGOLDEN The Wizard of Oz,
    14 piece(s) after the end matter dropped

29_21914.txt  ok  pieces 1  dropped 0  tries 1  toc None  chunks 6  $0.006
    class canonical | title 'THE WOGGLE-BUG BOOK' | author 'L. FRANK BAUM' | date 1905 from '1905'
    body 1500-43204 of 62260 (33% outside) | body_start 'The Unique Adventures of the WOGGLE-Bug' | end matter "_A full account of the Woggle-Bug is given in Mr. Baum's delightful"
    contents None .. None at None-None
        1500   7235 w  -            The Unique Adventures of the WOGGLE-Bug  | The Unique Adventures of the WOGGLE-BUG ONE day Mr. H. M. Wo

01_244.txt  ok  pieces 15  dropped 0  tries 1  toc 14  chunks 22  $0.023
    class canonical | title 'A Study in Scarlet' | author 'Arthur Conan Doyle' | date None from None
    body 1620-245130 of 263856 (8% outside) | body_start 'A STUDY IN SCARLET.' | end matter 'Updated editions will replace the previous one—the old editions will'
    contents 'CONTENTS' .. ' CHAPTER VII. THE CONCLUSION.' at 932-1582
        1620     23 w  -            opening                                  | A STUDY IN SCARLET. PART I. (_Being a reprint from the Remin
        1779   2763 w  -            Chapter I: Mr. Sherlock Holmes           | CHAPTER I. MR. SHERLOCK HOLMES. In the year 1878 I took my d
       17472   3541 w  -            Chapter II: The Science of Deduction     | CHAPTER II. THE SCIENCE OF DEDUCTION. We met next day as he 
       37732   3824 w  -            Chapter III: The Lauriston Gardens Myste | CHAPTER III. THE LAURISTON GARDENS MYSTERY I confess that I 
       59650   2542 w  -            Chapter IV: What John Rance Had to Tell  | CHAPTER IV. WHAT JOHN RANCE HAD TO TELL. It was one o’clock 
       73483   2523 w  -            Chapter V: Our Advertisement Brings a Vi | CHAPTER V. OUR ADVERTISEMENT BRINGS A VISITOR. Our morning’s
       87400   3200 w  -            Chapter VI: Tobias Gregson Shows What He | CHAPTER VI. TOBIAS GREGSON SHOWS WHAT HE CAN DO. The papers 
      105739   3337 w  -            CHAPTER VII: LIGHT IN THE DARKNESS       | CHAPTER VII. LIGHT IN THE DARKNESS. The intelligence with wh
      124467   3610 w  -            Chapter I: On the Great Alkali Plain     | CHAPTER I. ON THE GREAT ALKALI PLAIN. In the central portion
      145252   2579 w  -            Chapter II: The Flower of Utah           | CHAPTER II. THE FLOWER OF UTAH. This is not the place to com
      159897   1842 w  -            Chapter III: John Ferrier Talks with the | CHAPTER III. JOHN FERRIER TALKS WITH THE PROPHET. Three week
      170374   3377 w  -            Chapter IV: A Flight for Life            | CHAPTER IV. A FLIGHT FOR LIFE. On the morning which followed
      189404   3531 w  -            Chapter V: The Avenging Angels           | CHAPTER V. THE AVENGING ANGELS. All night their course lay t
      209388   4501 w  -            CHAPTER VI.                              | CHAPTER VI. A CONTINUATION OF THE REMINISCENCES OF JOHN WATS
      233184   2130 w  -            Chapter VII: The Conclusion              | CHAPTER VII. THE CONCLUSION. We had all been warned to appea

02_2097.txt  ok  pieces 13  dropped 4  tries 1  toc 12  chunks 22  $0.022
    class canonical | title 'The Sign of the Four' | author 'Arthur Conan Doyle' | date None from None
    body 845-237526 of 256329 (8% outside) | body_start 'The Sign of the Four' | end matter '*** END OF THE PROJECT GUTENBERG EBOOK THE SIGN OF THE FOUR ***'
    contents 'Contents' .. '   Chapter XII. The Strange Story of Jonathan Small' at 900-1395
         845     93 w  -            opening                                  | The Sign of the Four by Arthur Conan Doyle Contents Chapter 
        1453   2931 w  -            Chapter I: The Science of Deduction      | Chapter I The Science of Deduction Sherlock Holmes took his 
       18335   1827 w  -            Chapter II: The Statement of the Case    | Chapter II The Statement of the Case Miss Morstan entered th
       28880   1728 w  -            Chapter III: In Quest of a Solution      | Chapter III In Quest of a Solution It was half-past five bef
       38789   3831 w  -            Chapter IV: The Story of the Bald-Headed | Chapter IV The Story of the Bald-Headed Man We followed the 
       59885   2615 w  -            Chapter V: The Tragedy of Pondicherry Lo | Chapter V The Tragedy of Pondicherry Lodge It was nearly ele
       74295   3114 w  -            Chapter VI: Sherlock Holmes Gives a Demo | Chapter VI Sherlock Holmes Gives a Demonstration “Now, Watso
       91623   4168 w  -            Chapter VII: The Episode of the Barrel   | Chapter VII The Episode of the Barrel The police had brought
      115151   3331 w  -            Chapter VIII: The Baker Street Irregular | Chapter VIII The Baker Street Irregulars “What now?” I asked
      133983   3618 w  -            Chapter IX: A Break in the Chain         | Chapter IX A Break in the Chain It was late in the afternoon
      153632   3337 w  -            Chapter X: The End of the Islander       | Chapter X The End of the Islander Our meal was a merry one. 
      171942   2194 w  -            Chapter XI: The Great Agra Treasure      | Chapter XI The Great Agra Treasure Our captive sat in the ca
      183586  10308 w  -            Chapter XII: The Strange Story of Jonath | Chapter XII The Strange Story of Jonathan Small A very patie
    4 piece(s) after the end matter dropped

03_1661.txt  ok  pieces 14  dropped 0  tries 1  toc 12  chunks 50  $0.051
    class canonical | title 'The Adventures of Sherlock Holmes' | author 'Arthur Conan Doyle' | date None from None
    body 1530-575095 of 593911 (3% outside) | body_start 'I. A SCANDAL IN BOHEMIA' | end matter '*** END OF THE PROJECT GUTENBERG EBOOK THE ADVENTURES OF SHERLOCK HOLMES ***'
    contents 'Contents' .. '   XII.   The Adventure of the Copper Beeches' at 1022-1478
        1530   3439 w  1888-03-20   I. A SCANDAL IN BOHEMIA                  | I. A SCANDAL IN BOHEMIA I. To Sherlock Holmes she is always 
       21136   4005 w  ~1888-03-20  Chapter II                               | II. At three o’clock precisely I was at Baker Street, but Ho
       42974   1082 w  ~1888-03-20  III                                      | III. I slept at Baker Street that night, and we were engaged
       49133   9109 w  ~1888-03-20  Chapter II: The Red-Headed League        | II. THE RED-HEADED LEAGUE I had called upon my friend, Mr. S
       99430   6980 w  ~1888-03-20  Chapter III: A Case of Identity          | III. A CASE OF IDENTITY “My dear fellow,” said Sherlock Holm
      138102   9620 w  ~1888-03-20  Chapter IV: The Boscombe Valley Mystery  | IV. THE BOSCOMBE VALLEY MYSTERY We were seated at breakfast 
      190514   7319 w  ~1888-03-20  V. THE FIVE ORANGE PIPS                  | V. THE FIVE ORANGE PIPS When I glance over my notes and reco
      230800   9206 w  1889-06      Chapter VI: The Man with the Twisted Lip | VI. THE MAN WITH THE TWISTED LIP Isa Whitney, brother of the
      281007   7815 w  ~1889-06     The Adventure of the Blue Carbuncle      | VII. THE ADVENTURE OF THE BLUE CARBUNCLE I had called upon m
      324054   9812 w  ~1889-06     The Adventure of the Speckled Band       | VIII. THE ADVENTURE OF THE SPECKLED BAND On glancing over my
      378147   8290 w  1889         The Adventure of the Engineer’s Thumb    | IX. THE ADVENTURE OF THE ENGINEER’S THUMB Of all the problem
      423663   8109 w  ~1889        X. THE ADVENTURE OF THE NOBLE BACHELOR   | X. THE ADVENTURE OF THE NOBLE BACHELOR The Lord St. Simon ma
      468794   9686 w  ~1889        Chapter XI: The Adventure of the Beryl C | XI. THE ADVENTURE OF THE BERYL CORONET “Holmes,” said I as I
      520866   9951 w  ~1889        Chapter XII: The Adventure of the Copper | XII. THE ADVENTURE OF THE COPPER BEECHES “To the man who lov

04_834.txt  ok  pieces 12  dropped 0  tries 1  toc 12  chunks 51  $0.050
    class canonical | title 'The Memoirs of Sherlock Holmes' | author 'Arthur Conan Doyle' | date None from None
    body 1348-581845 of 600658 (3% outside) | body_start 'I. Silver Blaze' | end matter '*** END OF THE PROJECT GUTENBERG EBOOK THE MEMOIRS OF SHERLOCK HOLMES ***'
    contents 'Contents' .. '   XII. The Final Problem' at 987-1316
        1348   9574 w  -            Chapter I: Silver Blaze                  | I. Silver Blaze I am afraid, Watson, that I shall have to go
       60626   8687 w  -            The Adventure of the Cardboard Box       | II. The Adventure of the Cardboard Box In choosing a few typ
      112415   7503 w  -            The Yellow Face                          | III. The Yellow Face In publishing these short sketches base
      156456   6782 w  -            The Stockbroker’s Clerk                  | IV. The Stockbroker’s Clerk Shortly after my marriage I had 
      197832   7845 w  -            V. The “_Gloria Scott_”                  | V. The “_Gloria Scott_” “I have some papers here,” said my f
      244492   7554 w  -            The Musgrave Ritual                      | VI. The Musgrave Ritual An anomaly which often struck me in 
      290221   7168 w  1887-04-14   VII. The Reigate Squires                 | VII. The Reigate Squires It was some time before the health 
      334782   7118 w  ~1887-04-14  Chapter VIII: The Crooked Man            | VIII. The Crooked Man One summer night, a few months after m
      377623   6437 w  ~1887-04-14  Chapter IX: The Resident Patient         | IX. The Resident Patient In glancing over the somewhat incoh
      417793   6999 w  ~1887-04-14  The Greek Interpreter                    | X. The Greek Interpreter During my long and intimate acquain
      461142  12604 w  ~1887-04-14  XI. The Naval Treaty                     | XI. The Naval Treaty The July which immediately succeeded my
      538429   7154 w  ~1887-04-14  The Final Problem                        | XII. The Final Problem It is with a heavy heart that I take 

05_2852.txt  ok  pieces 17  dropped 0  tries 1  toc 15  chunks 32  $0.033
    class canonical | title 'The Hound of the Baskervilles' | author 'Arthur Conan Doyle' | date None from None
    body 1020-362380 of 381207 (5% outside) | body_start 'My dear Robinson,' | end matter 'THE END'
    contents 'Contents' .. ' Chapter 15 A Retrospection' at 1283-1836
        1020    132 w  -            opening                                  | My dear Robinson, It was to your account of a West-Country l
        1872   2245 w  -            Chapter 1: Mr. Sherlock Holmes           | Chapter 1. Mr. Sherlock Holmes Mr. Sherlock Holmes, who was 
       16159   3851 w  -            Chapter 2: The Curse of the Baskervilles | Chapter 2. The Curse of the Baskervilles “I have in my pocke
       41388   2896 w  -            Chapter 3: The Problem                   | Chapter 3. The Problem I confess at these words a shudder pa
       59692   4057 w  -            Sir Henry Baskerville                    | Chapter 4. Sir Henry Baskerville Our breakfast table was cle
       84898   3414 w  -            Chapter 5: Three Broken Threads          | Chapter 5. Three Broken Threads Sherlock Holmes had, in a ve
      106103   3493 w  -            Chapter 6: Baskerville Hall              | Chapter 6. Baskerville Hall Sir Henry Baskerville and Dr. Mo
      127516   4970 w  -            Chapter 7: The Stapletons of Merripit Ho | Chapter 7. The Stapletons of Merripit House The fresh beauty
      157490   2762 w  -            Chapter 8: First Report of Dr. Watson    | Chapter 8. First Report of Dr. Watson From this point onward
      174096   6656 w  -            Chapter 9: The Light upon the Moor       | Chapter 9. The Light upon the Moor [Second Report of Dr. Wat
      212961   2121 w  -            Chapter 10: Extract from the Diary of Dr | Chapter 10. Extract from the Diary of Dr. Watson So far I ha
      225306   1541 w  -            October 17                               | _October_ 17_th_.—All day today the rain poured down, rustli
      234477   4568 w  -            Chapter 11: The Man on the Tor           | Chapter 11. The Man on the Tor The extract from my private d
      261998   4836 w  -            Chapter 12: Death on the Moor            | Chapter 12. Death on the Moor For a moment or two I sat brea
      291328   3443 w  -            Chapter 13: Fixing the Nets              | Chapter 13. Fixing the Nets Sir Henry was more pleased than 
      312329   4173 w  -            Chapter 14: The Hound of the Baskerville | Chapter 14. The Hound of the Baskervilles One of Sherlock Ho
      337404   4084 w  -            Chapter 15: A Retrospection              | Chapter 15. A Retrospection It was the end of November, and 

06_108.txt  ok  pieces 13  dropped 0  tries 1  toc 13  chunks 59  $0.058
    class canonical | title 'The Return of Sherlock Holmes' | author 'Sir Arthur Conan Doyle' | date None from None
    body 1486-688037 of 706849 (3% outside) | body_start 'THE ADVENTURE OF THE EMPTY HOUSE' | end matter '*** END OF THE PROJECT GUTENBERG EBOOK THE RETURN OF SHERLOCK HOLMES ***'
    contents 'Contents' .. ' The Adventure of the Second Stain' at 970-1443
        1486   8688 w  -            The Adventure of the Empty House         | THE ADVENTURE OF THE EMPTY HOUSE It was in the spring of the
       54632   9213 w  -            The Adventure of the Norwood Builder     | THE ADVENTURE OF THE NORWOOD BUILDER “From the point of view
      111559   9630 w  -            The Adventure of the Dancing Men         | THE ADVENTURE OF THE DANCING MEN Holmes had been seated for 
      169847   7826 w  -            The Adventure of the Solitary Cyclist    | THE ADVENTURE OF THE SOLITARY CYCLIST From the years 1894 to
      217558  11445 w  -            The Adventure of the Priory School       | THE ADVENTURE OF THE PRIORY SCHOOL We have had some dramatic
      288254   8102 w  -            THE ADVENTURE OF BLACK PETER             | THE ADVENTURE OF BLACK PETER I have never known my friend to
      337653   6704 w  -            The Adventure of Charles Augustus Milver | THE ADVENTURE OF CHARLES AUGUSTUS MILVERTON It is years sinc
      378776   8318 w  -            THE ADVENTURE OF THE SIX NAPOLEONS       | THE ADVENTURE OF THE SIX NAPOLEONS It was no very unusual th
      429413   6455 w  -            The Adventure of the Three Students      | THE ADVENTURE OF THE THREE STUDENTS It was in the year ’95 t
      469256   8914 w  -            The Adventure of the Golden Pince-Nez    | THE ADVENTURE OF THE GOLDEN PINCE-NEZ When I look at the thr
      523567   7977 w  -            The Adventure of the Missing Three-Quart | THE ADVENTURE OF THE MISSING THREE-QUARTER We were fairly ac
      573075   9131 w  1897         The Adventure of the Abbey Grange        | THE ADVENTURE OF THE ABBEY GRANGE It was on a bitterly cold 
      627939   9625 w  ~1897        The Adventure of the Second Stain        | THE ADVENTURE OF THE SECOND STAIN I had intended “The Advent

07_3289.txt  ok  pieces 15  dropped 0  tries 1  toc 15  chunks 29  $0.029
    class canonical | title 'The Valley of Fear' | author 'Arthur Conan Doyle' | date None from None
    body 2070-321448 of 340174 (6% outside) | body_start 'PART I\nThe Tragedy of Birlstone' | end matter 'Updated editions will replace the previous one—the old editions will'
    contents 'CONTENTS' .. ' Epilogue' at 952-1448
        2070   2975 w  -            opening / Chapter I: The Warning         | PART I The Tragedy of Birlstone Chapter I The Warning “I am 
       19395   2686 w  -            Chapter II: Sherlock Holmes Discourses   | Chapter II Sherlock Holmes Discourses It was one of those dr
       34878   3338 w  -            Chapter III: The Tragedy of Birlstone    | Chapter III The Tragedy of Birlstone Now for a moment I will
       53869   3774 w  -            Chapter IV: Darkness                     | Chapter IV Darkness At three in the morning the chief Sussex
       75060   4093 w  -            Chapter V: The People of the Drama       | Chapter V The People of the Drama “Have you seen all you wan
       97614   4613 w  -            Chapter VI: A Dawning Light              | Chapter VI A Dawning Light The three detectives had many mat
      123538   5875 w  -            Chapter VII: The Solution                | Chapter VII The Solution Next morning, after breakfast, we f
      155304   3010 w  1875-02-04   Chapter I: The Man                       | Chapter I The Man It was the fourth of February in the year 
      172271   5469 w  ~1875-02-04  Chapter II: The Bodymaster               | Chapter II The Bodymaster McMurdo was a man who made his mar
      202588   5569 w  ~1875-02-04  Chapter III: Lodge 341, Vermissa         | Chapter III Lodge 341, Vermissa On the day following the eve
      233589   3682 w  ~1875-02-04  Chapter IV: The Valley of Fear           | Chapter IV The Valley of Fear When McMurdo awoke next mornin
      253483   4703 w  ~1875-02-04  Chapter V: The Darkest Hour              | Chapter V The Darkest Hour If anything had been needed to gi
      279219   3434 w  ~1875-02-04  Chapter VI: Danger                       | Chapter VI Danger It was the height of the reign of terror. 
      297560   3722 w  ~1875-02-04  Chapter VII: The Trapping of Birdy Edwar | Chapter VII The Trapping of Birdy Edwards As McMurdo had sai
      317455    701 w  ~1875-02-04  Epilogue                                 | Epilogue The police trial had passed, in which the case of J

08_2350.txt  ok  pieces 11  dropped 0  tries 1  toc 7  chunks 30  $0.030
    class canonical | title 'His Last Bow' | author 'Arthur Conan Doyle' | date None from None
    body 935-331575 of 350370 (6% outside) | body_start 'Preface' | end matter '*** END OF THE PROJECT GUTENBERG EBOOK HIS LAST BOW ***'
    contents 'Contents' .. ' His Last Bow: The War Service of Sherlock Holmes' at 1800-2045
         935    186 w  -            opening                                  | Preface The friends of Mr. Sherlock Holmes will be glad to l
        2103     18 w  -            The Adventure of Wisteria Lodge          | The Adventure of Wisteria Lodge The Singular Experience of M
        2219   4722 w  -            Chapter 1: The Singular Experience of Mr | 1. The Singular Experience of Mr. John Scott Eccles I find i
       28499   6657 w  -            Chapter 2: The Tiger of San Pedro        | 2. The Tiger of San Pedro A cold and melancholy walk of a co
       65606  10667 w  -            The Adventure of the Bruce-Partington Pl | The Adventure of the Bruce-Partington Plans In the third wee
      126092   9981 w  -            The Adventure of the Devil’s Foot        | The Adventure of the Devil’s Foot In recording from time to 
      182360   3871 w  -            Part I                                   | PART I “Well, Mrs. Warren, I cannot see that you have any pa
      204061   3410 w  -            Part II                                  | PART II As we walked rapidly down Howe Street I glanced back
      222816   7671 w  -            The Disappearance of Lady Frances Carfax | The Disappearance of Lady Frances Carfax “But why Turkish?” 
      265819   5775 w  -            The Adventure of the Dying Detective     | The Adventure of the Dying Detective Mrs. Hudson, the landla
      297894   6057 w  1914-08-02   His Last Bow: The War Service of Sherloc | His Last Bow: The War Service of Sherlock Holmes It was nine

09_69700.txt  ok  pieces 13  dropped 0  tries 2  toc 12  chunks 41  $0.044
    class canonical | title 'The case-book of Sherlock Holmes' | author 'Arthur Conan Doyle' | date 1927 from 'Original publication: United Kingdom: John Murray, 1927'
    body 1122-463435 of 483547 (4% outside) | body_start 'PREFACE' | end matter 'Printed in Great Britain by Butler & Tanner Ltd., Frome and London'
    contents '  CONTENTS' .. '  XII  The Adventure of the Retired Colourman' at 4709-5187
        1122    694 w  -            opening                                  | PREFACE I fear that Mr. Sherlock Holmes may become like one 
        5240   9751 w  1902-09-03   The Adventure of the Illustrious Client  | I THE ADVENTURE OF THE ILLUSTRIOUS CLIENT "It can't hurt now
       59415   7711 w  1903-01      THE ADVENTURE OF THE BLANCHED SOLDIER    | II THE ADVENTURE OF THE BLANCHED SOLDIER The ideas of my fri
      101951   5640 w  ~1903-01     The Adventure of the Mazarin Stone       | III THE ADVENTURE OF THE MAZARIN STONE It was pleasant to Dr
      134158   6049 w  ~1903-01     THE ADVENTURE OF THE THREE GABLES        | IV THE ADVENTURE OF THE THREE GABLES I don't think that any 
      167845   5961 w  ~1903-01     THE ADVENTURE OF THE SUSSEX VAMPIRE      | V THE ADVENTURE OF THE SUSSEX VAMPIRE Holmes had read carefu
      201364   6210 w  1902-06      The Adventure of the Three Garridebs     | VI THE ADVENTURE OF THE THREE GARRIDEBS It may have been a c
      236322   9575 w  ~1902-06     THE PROBLEM OF THOR BRIDGE               | VII THE PROBLEM OF THOR BRIDGE Somewhere in the vaults of th
      289568   7650 w  ~1902-06     THE ADVENTURE OF THE CREEPING MAN        | VIII THE ADVENTURE OF THE CREEPING MAN Mr. Sherlock Holmes w
      333155   7175 w  1907-07      THE ADVENTURE OF THE LION'S MANE         | IX THE ADVENTURE OF THE LION'S MANE It is a most singular th
      373374   4457 w  ~1907-07     Chapter X: THE ADVENTURE OF THE VEILED L | X THE ADVENTURE OF THE VEILED LODGER When one considers that
      397793   6239 w  ~1907-07     Chapter XI: THE ADVENTURE OF SHOSCOMBE O | XI THE ADVENTURE OF SHOSCOMBE OLD PLACE Sherlock Holmes had 
      432220   5502 w  ~1907-07     Chapter XII: THE ADVENTURE OF THE RETIRE | XII THE ADVENTURE OF THE RETIRED COLOURMAN Sherlock Holmes w

01_2199.txt  ok  pieces 24  dropped 0  tries 1  toc 24  chunks 77  $0.079
    class canonical | title 'THE ILIAD OF HOMER' | author 'Homer' | date None from None
    body 1348-904393 of 923185 (2% outside) | body_start 'BOOK I.' | end matter '*** END OF THE PROJECT GUTENBERG EBOOK THE ILIAD ***'
    contents 'Contents' .. ' BOOK XXIV.' at 1043-1328
        1348   5818 w  -            Book I                                   | BOOK I. The quarrel between Agamemnon and Achilles—Achilles 
       35713   7929 w  -            Book II                                  | BOOK II. Jove sends a lying dream to Agamemnon, who thereon 
       84042   4036 w  -            Book III                                 | BOOK III. Alexandria, also called Paris, challenges Menelaus
      108252   5068 w  -            Book IV                                  | BOOK IV. A quarrel in Olympus—Minerva goes down and persuade
      138331   8609 w  -            Book V                                   | BOOK V. The exploits of Diomed, who, though wounded by Panda
      189380   4951 w  -            Book VI                                  | BOOK VI. Glaucus and Diomed—The story of Bellerophon—Hector 
      218871   4411 w  -            Book VII                                 | BOOK VII. Hector and Ajax fight—Hector is getting worsted wh
      245158   5314 w  -            Book VIII                                | BOOK VIII. Jove forbids the gods to interfere further—There 
      276847   6833 w  -            The Embassy to Achilles.                 | BOOK IX. The Embassy to Achilles. Thus did the Trojans watch
      316713   5507 w  -            Book X                                   | BOOK X. Ulysses and Diomed go out as spies, and meet Dolon, 
      349080   8510 w  -            Book XI                                  | BOOK XI. In the forenoon the fight is equal, but Agamemnon t
      399590   4735 w  -            BOOK XII.                                | BOOK XII. The Trojans and their allies break the wall, led o
      427615   8357 w  -            Book XIII                                | BOOK XIII. Neptune helps the Achaeans—The feats of Idomeneus
      477706   5213 w  -            Book XIV                                 | BOOK XIV. Agamemnon proposes that the Achaeans should sail h
      508540   7369 w  -            Book XV                                  | BOOK XV. Jove awakes, tells Apollo to heal Hector, and the T
      552017   8881 w  -            Book XVI                                 | BOOK XVI. Fire being now thrown on the ship of Protesilaus, 
      604845   7254 w  -            The fight around the body of Patroclus.  | BOOK XVII. The fight around the body of Patroclus. Brave Men
      647605   6011 w  -            Book XVIII                               | BOOK XVIII. The grief of Achilles over Patroclus—The visit o
      682942   4018 w  -            Book XIX                                 | BOOK XIX. Achilles is reconciled with Agamemnon, puts on the
      706416   5007 w  -            Book XX                                  | BOOK XX. The gods hold a council and determine to watch the 
      736148   6173 w  -            Book XXI                                 | BOOK XXI. The fight between Achilles and the river Scamander
      772313   5436 w  -            The death of Hector                      | BOOK XXII. The death of Hector. Thus the Trojans in the city
      803807   8928 w  -            Book XXIII                               | BOOK XXIII. The funeral of Patroclus, and the funeral games.
      856495   8319 w  -            Book XXIV                                | BOOK XXIV. Priam ransoms the body of Hector—Hector’s funeral

02_1727.txt  ok  pieces 26  dropped 0  tries 1  toc 28  chunks 60  $0.065
    class canonical | title 'The Odyssey' | author 'Homer' | date 1900-07-25 from '_July_ 25, 1900.'
    body 1393-638728 of 710363 (10% outside) | body_start 'AL PROFESSORE' | end matter 'FOOTNOTES:'
    contents 'Contents' .. ' FOOTNOTES:' at 1011-1377
        1393   2139 w  1900-07-25   opening / Preface to First Edition       | AL PROFESSORE CAV. BIAGIO INGROIA, PREZIOSO ALLEATO L’AUTORE
       13824    616 w  ~1900-07-25  Preface to Second Edition                | PREFACE TO SECOND EDITION Butler’s Translation of the “Odyss
       17306   4126 w  ~1900-07-25  Book I                                   | BOOK I THE GODS IN COUNCIL—MINERVA’S VISIT TO ITHACA—THE CHA
       39117   4210 w  ~1900-07-25  Book II                                  | BOOK II ASSEMBLY OF THE PEOPLE OF ITHACA—SPEECHES OF TELEMAC
       61436   4709 w  ~1900-07-25  TELEMACHUS VISITS NESTOR AT PYLOS.       | BOOK III TELEMACHUS VISITS NESTOR AT PYLOS. but as the sun w
       86967   8062 w  ~1900-07-25  BOOK IV                                  | BOOK IV THE VISIT TO KING MENELAUS, WHO TELLS HIS STORY—MEAN
      129640   4675 w  ~1900-07-25  BOOK V: CALYPSO—ULYSSES REACHES SCHERIA  | BOOK V CALYPSO—ULYSSES REACHES SCHERIA ON A RAFT. And now, a
      154144   3443 w  ~1900-07-25  Book VI: The Meeting Between Nausicaa an | BOOK VI THE MEETING BETWEEN NAUSICAA AND ULYSSES. So here Ul
      172239   3358 w  ~1900-07-25  BOOK VII                                 | BOOK VII RECEPTION OF ULYSSES AT THE PALACE OF KING ALCINOUS
      190260   5599 w  ~1900-07-25  Book VIII                                | BOOK VIII BANQUET IN THE HOUSE OF ALCINOUS—THE GAMES. Now wh
      220450   5813 w  ~1900-07-25  Book IX: Ulysses Declares Himself and Be | BOOK IX ULYSSES DECLARES HIMSELF AND BEGINS HIS STORY—-THE C
      250471   5690 w  ~1900-07-25  BOOK X                                   | BOOK X AEOLUS, THE LAESTRYGONES, CIRCE. “Thence we went on t
      280032   6023 w  ~1900-07-25  BOOK XI: THE VISIT TO THE DEAD           | BOOK XI THE VISIT TO THE DEAD.88 “Then, when we had got down
      311705   4601 w  ~1900-07-25  THE SIRENS, SCYLLA AND CHARYBDIS, THE CA | BOOK XII THE SIRENS, SCYLLA AND CHARYBDIS, THE CATTLE OF THE
      335673   4201 w  ~1900-07-25  BOOK XIII                                | BOOK XIII ULYSSES LEAVES SCHERIA AND RETURNS TO ITHACA. Thus
      358094   5384 w  ~1900-07-25  Book XIV: Ulysses in the Hut with Eumaeu | BOOK XIV ULYSSES IN THE HUT WITH EUMAEUS. Ulysses now left t
      386025   5414 w  ~1900-07-25  Book XV                                  | BOOK XV MINERVA SUMMONS TELEMACHUS FROM LACEDAEMON—HE MEETS 
      414585   4548 w  ~1900-07-25  BOOK XVI                                 | BOOK XVI ULYSSES REVEALS HIMSELF TO TELEMACHUS. Meanwhile Ul
      438457   5857 w  ~1900-07-25  BOOK XVII                                | BOOK XVII TELEMACHUS AND HIS MOTHER MEET—ULYSSES AND EUMAEUS
      469579   4160 w  ~1900-07-25  BOOK XVIII                               | BOOK XVIII THE FIGHT WITH IRUS—ULYSSES WARNS AMPHINOMUS—PENE
      491729   6014 w  ~1900-07-25  BOOK XIX                                 | BOOK XIX TELEMACHUS AND ULYSSES REMOVE THE ARMOUR—ULYSSES IN
      523601   3836 w  ~1900-07-25  Book XX                                  | BOOK XX ULYSSES CANNOT SLEEP—PENELOPE’S PRAYER TO DIANA—THE 
      544300   4254 w  ~1900-07-25  Book XXI: THE TRIAL OF THE AXES, DURING  | BOOK XXI THE TRIAL OF THE AXES, DURING WHICH ULYSSES REVEALS
      566724   4558 w  ~1900-07-25  Book XXII: The Killing of the Suitors    | BOOK XXII THE KILLING OF THE SUITORS—THE MAIDS WHO HAVE MISC
      591222   3697 w  ~1900-07-25  Book XXIII                               | BOOK XXIII PENELOPE EVENTUALLY RECOGNISES HER HUSBAND—EARLY 
      610757   5200 w  ~1900-07-25  Book XXIV                                | BOOK XXIV THE GHOSTS OF THE SUITORS IN HADES—ULYSSES AND HIS

03_348.txt  ok  pieces 15  dropped 449  tries 2  toc 89  chunks 46  $0.085
    class canonical | title 'Hesiod, The Homeric Hymns, and Homerica' | author 'Hesiod' | date 1914-09-09 from '_Sept_. 9_th_, 1914.'
    body 4544-59854 of 544065 (90% outside) | body_start 'PREFACE' | end matter 'BIBLIOGRAPHY'
    contents 'Contents' .. ' ENDNOTES' at 1129-2979
        4544    302 w  -            Preface                                  | PREFACE This volume contains practically all that remains of
        6385    598 w  -            Introduction / General                   | INTRODUCTION General The early Greek epic—that is, poetry as
       10079    361 w  -            The Boeotian School                      | The Boeotian School How did the continental school of epic p
       12242   1234 w  -            Life of Hesiod                           | Life of Hesiod Our information respecting Hesiod is derived 
       19537     34 w  -            The Hesiodic Poems                       | The Hesiodic Poems The Hesiodic poems fall into two groups a
       19759    840 w  -            I. “The Works and Days”                  | I. “The Works and Days” The poem consists of four main secti
       24694   1349 w  -            II. The Genealogical Poems               | II. The Genealogical Poems The only complete poem of the gen
       32767    248 w  -            Date of the Hesiodic Poems               | Date of the Hesiodic Poems There is no doubt that the _Works
       34220    488 w  -            Literary Value of Homer                  | Literary Value of Homer Quintillian’s 1111 judgment on Hesio
       37143    493 w  -            The Ionic School                         | The Ionic School The Ionic School of Epic poetry was, as we 
       40049   1065 w  -            The Trojan Cycle                         | The Trojan Cycle Six epics with the _Iliad_ and the _Odyssey
       46318   1624 w  -            The Homeric Hymns                        | The Homeric Hymns The collection of thirty-three Hymns, ascr
       55823    161 w  -            The Epigrams of Homer                    | The Epigrams of Homer The _Epigrams of Homer_ are derived fr
       56782    304 w  -            The Burlesque Poems                      | The Burlesque Poems To Homer were popularly ascribed certain
       58554    217 w  -            The Contest of Homer and Hesiod          | The Contest of Homer and Hesiod This curious work dates in i
    449 piece(s) after the end matter dropped

04_31.txt  ok  pieces 1  dropped 2  tries 1  toc 3  chunks 21  $0.022
    class canonical | title 'Plays of Sophocles: Oedipus the King; Oedipus at Colonus; Antigone' | author 'Sophocles' | date 1912 from 'First published in 1912'
    body 1163-76396 of 243484 (69% outside) | body_start 'OEDIPUS THE KING' | end matter 'FOOTNOTES'
    contents 'Contents' .. ' ANTIGONE' at 1092-1145
        1163  12809 w  -            Oedipus the King                         | OEDIPUS THE KING Translation by F. Storr, BA Formerly Schola
    2 piece(s) after the end matter dropped

05_14484.txt  ok  pieces 27  dropped 0  tries 1  toc 10  chunks 48  $0.054
    class published | title 'The Seven Plays in English Verse' | author 'Sophocles' | date 1906 from '                              in 1906._'
    body 2611-540506 of 566641 (5% outside) | body_start '                               PREFACE' | end matter '                                NOTES'
    contents '                               CONTENTS' .. '                NOTES' at 2192-2510
        2611    531 w  -            Preface                                  | PREFACE In 1869, having read the Antigone with a pupil who a
        5837   5024 w  -            Prefatory Note to the Edition of 1883    | PREFATORY NOTE TO THE EDITION OF 1883 I. The Hellenic spi
       36576   6688 w  -            ANTIGONE                                 | ANTIGONE THE PERSONS ANTIGONE,} _Daughters of Oedipus
       74868     92 w  -            Chorus                                   | CHORUS Love, never foiled in fight! 1 Warrior Lo
       75563     34 w  -            Leader of Chorus                         | LEADER OF CHORUS. Ah! now myself am carried past the bound O
       75750    508 w  -            Enter Antigone                           | _Enter_ ANTIGONE _guarded._ ANT. Ye see me on my way,
       78804    462 w  -            Enter Creon                              | _Enter_ CREON. CR. If criminals were suffered to complain In
       81414    259 w  -            Chorus                                   | CHORUS. Even Danaë's beauty left the lightsome day. I 1 Clos
       83088   2864 w  -            Enter Tiresias                           | _Enter_ TIRESIAS, _led by a boy._ TIRESIAS. We are come, my 
       99761  19125 w  -            AIAS                                     | AIAS THE PERSONS ATHENA. ODYSSEUS. AIAS, _the son o
      210876   5744 w  -            Chorus                                   | CHORUS O may my life be evermore I 1 Pure in
      244192   3879 w  -            Electra                                  | ELECTRA THE PERSONS An Old Man, _formerly one of the
      266561   8492 w  -            Chorus                                   | CHORUS. An erring seer am I, I 1 Of se
      316446   4342 w  -            THE TRACHINIAN MAIDENS                   | THE TRACHINIAN MAIDENS THE PERSONS DÊANIRA, _wife of
      341771   1112 w  -            Chorus                                   | CHORUS. Victorious in her might, I 1 T
      348353    192 w  -            Chorus                                   | CHORUS. O ye that haunt the strand I 1 W
      349687    640 w  -            Enter Deianira                           | _Enter_ DÊANIRA. DÊ. O how I fear, my friends, lest all too 
      353164    764 w  -            Re-entry of Hyllus                       | HYLLUS _(re-entering)_. O mother, mother! I would to heaven 
      357520    348 w  -            Chorus                                   | CHORUS. See where falls the doom, of old I 1 B
      360010    943 w  -            Enter Nurse                              | _Enter_ Nurse. NURSE. Ah! mighty, O my daughters! was the gr
      365738   2403 w  -            Monody                                   | MONODY. HER. O altar on the Euboean strand, High-heaped with
      379284   9043 w  -            PHILOCTETES                              | PHILOCTETES THE PERSONS ODYSSEUS. NEOPTOLEMUS. CHOR
      432351   3571 w  -            Monody                                   | MONODY. PHI. O cavern of the hollow rock, I 1 Frosty
      453546    986 w  -            Oedipus at Colonos                       | OEDIPUS. ANTIGONE. OEDIPUS. Antigone, child of the old blind
      459242    740 w  -            Chorus                                   | CHORUS (_entering_). Keep watch! Who is it? Look!
      464174   3752 w  -            Monody                                   | MONODY. ANT. O strangers, full of reverent care! Since ye ca
      486815   9047 w  -            Chorus                                   | CHORUS. Friend! in our land of conquering steeds thou art co

06_8604.txt  ok  pieces 3  dropped 0  tries 1  toc 4  chunks 19  $0.020
    class canonical | title 'The House of Atreus; Being the Agamemnon, the Libation bearers, and the Furies' | author 'Aeschylus' | date None from None
    body 4196-202361 of 221222 (10% outside) | body_start 'AGAMEMNON' | end matter '*** END OF THE PROJECT GUTENBERG EBOOK THE HOUSE OF ATREUS; BEING THE AGAMEMNON, THE LIBATION BEARERS, AND THE FURIES ***'
    contents 'Contents' .. ' THE FURIES' at 1294-1364
        4196  15060 w  -            Agamemnon                                | AGAMEMNON DRAMATIS PERSONAE A WATCHMAN A HERALD CHORUS AGAME
       91726   9597 w  -            The Libation-Bearers                     | THE LIBATION-BEARERS DRAMATIS PERSONAE ORESTES CHORUS OF CAP
      147238   9547 w  -            The Furies                               | THE FURIES DRAMATIS PERSONAE THE PYTHIAN PRIESTESS APOLLO OR

07_15081.txt  ok  pieces 8  dropped 55  tries 1  toc None  chunks 74  $0.086
    class canonical | title 'The Tragedies of Euripides, Volume I.' | author 'Euripides' | date 1892 from '1892.'
    body 15515-83753 of 884415 (92% outside) | body_start 'GHOST OF POLYDORE.' | end matter 'NOTES ON HECUBA'
    contents None .. None at None-None
       15515   1673 w  -            opening                                  | GHOST OF POLYDORE. HECUBA. CHORUS OF FEMALE CAPTIVES. POLYXE
       25015    289 w  -            HECUBA, POLYXENA, CHORUS                 | HECUBA, POLYXENA, CHORUS. POLYX. O mother, why dost thou cal
       26644   2463 w  -            ULYSSES, HECUBA, POLYXENA, CHORUS        | ULYSSES, HECUBA, POLYXENA, CHORUS. ULYSS. Lady, I imagine th
       40204   1628 w  -            TALTHYBIUS, HECUBA, CHORUS               | TALTHYBIUS, HECUBA, CHORUS. TAL. Tell me, ye Trojan dames, w
       48991   2799 w  -            FEMALE ATTENDANT, CHORUS, HECUBA         | FEMALE ATTENDANT, CHORUS, HECUBA. ATT. O attendants, where, 
       64359    876 w  -            Polymestor, Hecuba, Chorus               | POLYMESTOR, HECUBA, CHORUS. POLY. O Priam, thou dearest of m
       69134    619 w  -            Polymestor, Hecuba, Semichorus           | POLYMESTOR, HECUBA, SEMICHORUS. POLY. Oh me! I wretch am dep
       72652   1995 w  -            Agamemnon, Polymestor, Hecuba, Chorus    | AGAMEMNON, POLYMESTOR, HECUBA, CHORUS. AGA. I came having he
    55 piece(s) after the end matter dropped

08_21765.txt  ok  pieces 28  dropped 57  tries 1  toc None  chunks 65  $0.077
    class canonical | title 'The Metamorphoses of Ovid, Books I-VII' | author 'Ovid' | date 1899 from '        Copyright, 1899, By David McKay'
    body 2312-168402 of 773113 (79% outside) | body_start 'INTRODUCTION.' | end matter '[Footnote 1: _Ægeon._--Ver. 10. Homer makes him to be the same'
    contents None .. None at None-None
        2312   1614 w  -            Introduction                             | INTRODUCTION. [From Bell edition.] The Metamorphoses of Ovid
       12272    365 w  -            BOOK II.                                 | BOOK II. Epaphus, having accused Phaëton of falsely assertin
       14373    304 w  -            BOOK III.                                | BOOK III. Agenor commands his son Cadmus to seek his sister 
       16120    256 w  -            BOOK IV.                                 | BOOK IV. Still Alcithoë and her sisters, neglecting the rite
       17673    136 w  -            BOOK V.                                  | BOOK V. A tumult arising during the celebration of the nupti
       18471    242 w  -            BOOK VI.                                 | BOOK VI. Influenced by the example of the Muses, Pallas dete
       19932    238 w  -            BOOK VII.                                | BOOK VII. Jason, by the aid of Medea, having conquered the b
       21348    737 w  -            INTRODUCTION.                            | INTRODUCTION. [By Edward Brooks, Jr., from McKay edition.] P
       25647    263 w  -            THE METAMORPHOSES. / Book the First / Th | THE METAMORPHOSES. BOOK THE FIRST. THE ARGUMENT. [I.1-4] My 
       27353    792 w  -            Fable I                                  | FABLE I. [I.5-31] God reduces Chaos into order. He separates
       32260    298 w  -            Explanation                              | EXPLANATION. The ancient philosophers, unable to comprehend 
       34159   2504 w  -            Fable II                                 | FABLE II. [I.32-88] After the separation of matter, God give
       49545    565 w  -            FABLE III                                | FABLE III. [I.89-112] The formation of man is followed by a 
       53084    909 w  -            FABLE IV                                 | FABLE IV. [I.113-150] In the Silver Age, men begin not to be
       58719    350 w  -            FABLE V                                  | FABLE V. [I.151-162] The Giants having attempted to render t
       60862   1355 w  -            FABLE VI.                                | FABLE VI. [I.163-215] Jupiter, having seen the crimes of thi
       68934    933 w  -            FABLE VII.                               | FABLE VII. [I.216-243] Lycaon, king of Arcadia, in order to 
       74516   1386 w  -            Fable VIII                               | FABLE VIII. [I.244-312] Jupiter, not thinking the punishment
       82949   1355 w  -            Fable IX                                 | FABLE IX. [I.313-366] Neptune appeases the angry waves; and 
       91185   1000 w  -            Fable X                                  | FABLE X. [I.367-415] Deucalion and Pyrrha re-people the eart
       97127    943 w  -            FABLE XI                                 | FABLE XI. [I.416-451] The Earth, being warmed by the heat of
      103061   2866 w  -            FABLE XII                                | FABLE XII. [I.452-567] Apollo, falling in love with Daphne, 
      120096   1080 w  -            Fable XIII                               | FABLE XIII. [I.568-600] Jupiter, pursuing Io, the daughter o
      126710   1541 w  -            Fable XIV                                | FABLE XIV. [I.601-688] Jupiter, having changed Io into a cow
      135622    628 w  -            FABLE XV.                                | FABLE XV. [I.689-712] Pan, falling in love with the Nymph Sy
      139388    358 w  -            FABLE XVI.                               | FABLE XVI. [I.713-723] Mercury, having lulled Argus to sleep
      141504   1004 w  -            FABLE XVII.                              | FABLE XVII. [I.724-779] Io, terrified and maddened with drea
      147433   3679 w  -            FABLE I.                                 | FABLE I. [II.1-303] Phaëton, insulted by Epaphus, goes to th
    57 piece(s) after the end matter dropped

09_26073.txt  ok  pieces 5  dropped 55  tries 1  toc None  chunks 71  $0.085
    class canonical | title 'The Metamorphoses of Ovid, Books VIII-XV' | author 'Ovid' | date 1893 from '                     1893.'
    body 3277-49609 of 847391 (95% outside) | body_start 'INTRODUCTION.' | end matter '    [Footnote 16: _His prolonged exile._--Ver. 184. Dædalus had been'
    contents None .. None at None-None
        3277   3030 w  -            Introduction                             | INTRODUCTION. The Metamorphoses of Ovid are a compendium of 
       21591   2598 w  -            FABLE I. [VIII.1-151]                    | FABLE I. [VIII.1-151] Minos commences the war with the siege
       36576    652 w  -            Fable II                                 | FABLE II. [VIII.152-182] Minos, having overcome the Athenian
       40547    557 w  -            Explanation                              | EXPLANATION. Oppressed with famine, and seeing the enemy at 
       44000   1004 w  -            Fable III                                | FABLE III. [VIII.183-259] Dædalus, weary of his exile, finds
    55 piece(s) after the end matter dropped

10_8714.txt  ok  pieces 4  dropped 4  tries 2  toc 4  chunks 22  $0.027
    class published | title 'Four Plays of Aeschylus' | author 'Aeschylus' | date None from None
    body 1389-75118 of 264836 (72% outside) | body_start 'INTRODUCTION' | end matter ' [1] “ἀερίας ἀπὸ γᾶς.” This epithet may appear strange to modern'
    contents 'Contents' .. ' PROMETHEUS BOUND' at 1269-1363
        1389   3129 w  -            Introduction                             | INTRODUCTION The surviving dramas of Aeschylus are seven in 
       20011    290 w  -            Dedication                               | DEDICATION Take thou this gift from out the grave of Time. T
       21656    227 w  -            Argument                                 | ARGUMENT Io, the daughter of Inachus, King of Argos, was bel
       22935   8645 w  -            The Suppliant Maidens                    | CHORUS. Zeus! Lord and guard of suppliant hands! Look down b
    4 piece(s) after the end matter dropped

11_830.txt  ok  pieces 5  dropped 0  tries 1  toc 7  chunks 30  $0.030
    class canonical | title 'The Argonautica' | author 'Rhodius Apollonius' | date 1912 from 'Translation by R.C. Seaton, 1912.'
    body 999-337519 of 358705 (6% outside) | body_start 'THE ARGONAUTICA' | end matter 'ENDNOTES:'
    contents 'Contents' .. ' ENDNOTES' at 1817-1903
         999   1684 w  -            opening                                  | The Argonautica by Apollonius Rhodius Originally written in 
       11411  13721 w  -            Book I                                   | BOOK I Beginning with thee, O Phoebus, I will recount the fa
       87551  13073 w  -            Book II                                  | BOOK II Here were the oxstalls and farm of Amycus, the haugh
      159309  14282 w  -            Book III                                 | BOOK III Come now, Erato, stand by my side, and say next how
      237626  18119 w  -            BOOK IV                                  | BOOK IV Now do thou thyself, goddess Muse, daughter of Zeus,

12_228.txt  ok  pieces 12  dropped 0  tries 1  toc 12  chunks 61  $0.062
    class canonical | title 'The Aeneid' | author 'Virgil' | date None from None
    body 1282-712334 of 731127 (3% outside) | body_start ' BOOK I' | end matter '*** END OF THE PROJECT GUTENBERG EBOOK THE AENEID ***'
    contents '      Contents' .. '               BOOK XII' at 948-1263
        1282   8365 w  -            Book I                                   | BOOK I THE ARGUMENT. The Trojans, after a seven years’ voyag
       56794   8638 w  -            Book II                                  | BOOK II THE ARGUMENT. Aeneas relates how the city of Troy wa
      113627   7421 w  -            Book III                                 | BOOK III THE ARGUMENT. Aeneas proceeds in his relation: he g
      162356   7986 w  -            Book IV                                  | BOOK IV THE ARGUMENT. Dido discovers to her sister her passi
      214796   8955 w  -            Book V                                   | BOOK V THE ARGUMENT. Aeneas, setting sail from Afric, is dri
      274398   9710 w  -            Book VI                                  | BOOK VI THE ARGUMENT. The Sibyl foretells Aeneas the adventu
      339126   8622 w  -            Book VII                                 | BOOK VII THE ARGUMENT. King Latinus entertains Aeneas, and p
      396466   7592 w  -            Book VIII                                | BOOK VIII THE ARGUMENT. The war being now begun, both the ge
      447215   8741 w  -            Book IX                                  | BOOK IX THE ARGUMENT. Turnus takes advantage of Aeneas’s abs
      504692  10240 w  -            Book X                                   | BOOK X THE ARGUMENT. Jupiter, calling a council of the gods,
      572648  10427 w  -            Book XI                                  | BOOK XI THE ARGUMENT. Aeneas erects a trophy of the spoils o
      640918  10821 w  -            Book XII                                 | BOOK XII THE ARGUMENT. Turnus challenges Aeneas to a single 

13_3327.txt  ok  pieces 137  dropped 0  tries 1  toc 24  chunks 73  $0.088
    class canonical | title "Bulfinch's Mythology: The Age of Fable" | author 'Thomas Bulfinch' | date None from None
    body 9480-849952 of 868773 (3% outside) | body_start 'Stories of Gods and Heroes.' | end matter "*** END OF THE PROJECT GUTENBERG EBOOK BULFINCH'S MYTHOLOGY: THE AGE OF FABLE ***"
    contents 'Chapter I' .. 'Legend of the Nine Books' at 1195-9446
        9480   4650 w  -            opening / Chapter I: Introduction        | Stories of Gods and Heroes. Chapter I Introduction The liter
       36944   2879 w  -            Chapter II: Prometheus and Pandora       | CHAPTER II Prometheus and Pandora The Roman poet Ovid gives 
       53845    341 w  -            PYTHON                                   | PYTHON The slime with which the earth was covered by the wat
       55888   1115 w  -            APOLLO AND DAPHNE                        | APOLLO AND DAPHNE Daphne was Apollo's first love. It was not
       62146   1338 w  -            PYRAMUS AND THISBE                       | PYRAMUS AND THISBE Pyramus was the handsomest youth, and Thi
       69913    887 w  -            CEPHALUS AND PROCRIS                     | CEPHALUS AND PROCRIS Cephalus was a beautiful youth and fond
       74890   1237 w  -            Chapter III: Io and Callisto. Diana and  | Chapter III Io and Callisto. Diana and Actaeon. The Story of
       81831    793 w  -            Callisto                                 | CALLISTO Callisto was another maiden who excited the jealous
       86373   1228 w  -            DIANA AND ACTAEON                        | DIANA AND ACTAEON It was midday, and the sun stood equally d
       93386    799 w  -            LATONA AND THE RUSTICS                   | LATONA AND THE RUSTICS Some thought the goddess in this inst
       97929   2967 w  -            PHAETON                                  | PHAETON Epaphus was the son of Jupiter and Io. Phaeton, chil
      114753    987 w  -            Chapter IV                               | Chapter IV Midas. Baucis and Philemon. Pluto and Proserpine.
      120304   1278 w  -            BAUCIS AND PHILEMON                      | BAUCIS AND PHILEMON On a certain hill in Phrygia stand a lin
      127671   2330 w  -            PROSERPINE                               | PROSERPINE Under the island of Aetna lies Typhoeus the Titan
      140938   1151 w  -            Glaucus and Scylla                       | GLAUCUS AND SCYLLA Glaucus was a fisherman. One day he had d
      147274    830 w  -            Chapter V                                | Chapter V Pygmalion. Dryope. Venus and Adonis. Apollo and Hy
      151980    605 w  -            Dryope                                   | DRYOPE Dryope and Iole were sisters. The former was the wife
      155346    611 w  -            Venus and Adonis                         | VENUS AND ADONIS Venus, playing one day with her boy Cupid, 
      158835    484 w  -            APOLLO AND HYACINTHUS                    | APOLLO AND HYACINTHUS Apollo was passionately fond of a yout
      161565   2686 w  -            CEYX AND HALCYONE: OR, THE HALCYON BIRDS | CEYX AND HALCYONE: OR, THE HALCYON BIRDS Ceyx was King of Th
      176662   1628 w  -            Chapter VI: Vertumnus and Pomona. Cupid  | Chapter VI Vertumnus and Pomona. Cupid and Psyche The Hamadr
      185732   4166 w  -            CUPID AND PSYCHE                         | CUPID AND PSYCHE A certain king had three daughters. (This s
      209603   1203 w  -            Chapter VII: Cadmus. The Myrmidons.      | Chapter VII Cadmus. The Myrmidons. Jupiter, under the disgui
      216501   1414 w  -            The Myrmidons                            | THE MYRMIDONS The Myrmidons were the soldiers of Achilles in
      224525    925 w  -            Chapter VIII                             | Chapter VIII Nisus and Scylla. Echo and Narcissus. Clytie. H
      229525   1279 w  -            Echo and Narcissus                       | ECHO AND NARCISSUS Echo was a beautiful nymph, fond of the w
      236806    466 w  -            Clytie                                   | CLYTIE Clytie was a water-nymph and in love with Apollo, who
      239421   1152 w  -            Hero and Leander                         | HERO AND LEANDER Leander was a youth of Abydos, a town of th
      246449   1463 w  -            Chapter IX: Minerva and Arachne. Niobe.  | Chapter IX Minerva and Arachne. Niobe. The Story of Perseus 
      254941   1521 w  -            Niobe                                    | NIOBE The fate of Arachne was noised abroad through all the 
      263659    131 w  -            THE GRAEAE AND GORGONS                   | THE GRAEAE AND GORGONS The Graeae were three sisters who wer
      264459    381 w  -            PERSEUS AND MEDUSA                       | PERSEUS AND MEDUSA Acrisius was the king who ruled in Argos.
      266593   1146 w  -            PERSEUS AND ATLAS                        | PERSEUS AND ATLAS After the slaughter of Medusa, Perseus, be
      273032   1100 w  -            THE WEDDING FEAST                        | THE WEDDING FEAST The joyful parents, with Perseus and Andro
      279539    334 w  -            Chapter X: Monsters. Giants. Sphinx. Peg | Chapter X Monsters. Giants. Sphinx. Pegasus and the Chimaera
      281540    540 w  -            The Sphinx                               | THE SPHINX Laius, king of Thebes, was warned by an oracle th
      284621   1581 w  -            Pegasus and the Chimaera                 | PEGASUS AND THE CHIMAERA When Perseus cut off Medusa's head,
      294064   1817 w  -            The Golden Fleece. Medea. The Calydonian | Chapter XI The Golden Fleece. Medea. The Calydonian Hunt In 
      304568   1372 w  -            MEDEA AND AESON                          | MEDEA AND AESON Amid the rejoicings for the recovery of the 
      312505   1235 w  -            The Calydonian Hunt                      | THE CALYDONIAN HUNT. MELEAGER AND ATALANTA The search for th
      319610    961 w  -            Atalanta                                 | ATALANTA The innocent cause of so much sorrow was a maiden w
      324991   2319 w  -            Hercules. Hebe and Ganymede              | Chapter XII Hercules. Hebe and Ganymede Hercules (in Greek, 
      338409    219 w  -            Hebe and Ganymede                        | HEBE AND GANYMEDE Hebe, the daughter of Juno, and goddess of
      339715   1832 w  -            Chapter XIII: Theseus. Daedalus. Castor  | Chapter XIII Theseus. Daedalus. Castor and Pollux Theseus wa
      350517    186 w  -            Olympic and Other Games                  | OLYMPIC AND OTHER GAMES We may mention here the other celebr
      351686    864 w  -            Daedalus                                 | DAEDALUS The labyrinth from which Theseus escaped by means o
      356533    642 w  -            Castor and Pollux                        | CASTOR AND POLLUX Castor and Pollux were the offspring of Le
      360379   1931 w  -            Chapter XIV: Bacchus. Ariadne            | Chapter XIV Bacchus. Ariadne Bacchus was the son of Jupiter 
      371324    301 w  -            Ariadne                                  | ARIADNE We have seen in the story of Theseus how Ariadne, th
      373104    735 w  -            Chapter XV                               | Chapter XV The Rural Deities. Erisichthon. Rhoecus. The Wate
      377580   1173 w  -            Erisichthon                              | ERISICHTHON Erisichthon was a profane person and a despiser 
      384018   1466 w  -            Rhoecus                                  | RHOECUS The Hamadryads could appreciate services as well as 
      392842    961 w  -            Chapter XVI                              | Chapter XVI Achelous and Hercules. Admetus and Alcestis. Ant
      398177    803 w  -            Admetus and Alcestis                     | ADMETUS AND ALCESTIS Aesculapius, the son of Apollo, was end
      402807    889 w  -            Antigone                                 | ANTIGONE The poems and histories of legendary Greece often r
      408130    301 w  -            Penelope                                 | PENELOPE Penelope is another of those mythic heroines whose 
      409888   1256 w  -            Chapter XVII                             | Chapter XVII Orpheus and Eurydice. Artistaeus. Amphion. Linu
      417278   1995 w  -            Aristaeus, the Bee-Keeper                | ARISTAEUS, THE BEE-KEEPER Man avails himself of the instinct
      428788     94 w  -            Chapter XVIII: Arion. Ibycus. Simonides. | Chapter XVIII Arion. Ibycus. Simonides. Sappho The poets who
      429365   1374 w  -            Arion                                    | ARION Arion was a famous musician, and dwelt at the court of
      437172   1150 w  -            IBYCUS                                   | IBYCUS In order to understand the story of Ibycus which foll
      443822    468 w  -            Simonides                                | SIMONIDES Simonides was one of the most prolific of the earl
      446625    130 w  -            Sappho                                   | Sappho Sappho was a poetess who flourished in a very early a
      447391    401 w  -            Chapter XIX: Endymion. Orion. Aurora and | Chapter XIX Endymion. Orion. Aurora and Tithonus. Acis and G
      449808    597 w  -            Orion                                    | ORION Orion was the son of Neptune. He was a handsome giant 
      453154    695 w  -            Aurora and Tithonus                      | AURORA AND TITHONUS. Aurora, the goddess of the Dawn, like h
      457156    689 w  -            ACIS AND GALATEA                         | ACIS AND GALATEA Scylla was a fair virgin of Sicily, a favor
      460964   1546 w  -            Chapter XX: The Trojan War               | Chapter XX The Trojan War Minerva was the goddess of wisdom,
      470001   4362 w  -            The Iliad                                | THE ILIAD The war continued without decisive results for nin
      495427   2365 w  -            Chapter XXI: The Fall of Troy. Return of | Chapter XXI The Fall of Troy. Return of the Greeks. Orestes 
      509574    606 w  -            MENELAUS AND HELEN                       | MENELAUS AND HELEN Our readers will be anxious to know the f
      513216    888 w  -            AGAMEMNON, ORESTES, AND ELECTRA          | AGAMEMNON, ORESTES, AND ELECTRA Agamemnon, the general-in-ch
      518491   1691 w  -            Chapter XXII                             | Chapter XXII Adventures of Ulysses. The Lotus-Eaters. Cyclop
      528115    984 w  -            THE LAESTRYGONIANS                       | THE LAESTRYGONIANS The next adventure was with the barbarous
      533915    678 w  -            SCYLLA AND CHARYBDIS                     | SCYLLA AND CHARYBDIS Ulysses had been warned by Circe of the
      537901    464 w  -            CALYPSO                                  | CALYPSO Calypso was a sea-nymph. One of that numerous class 
      540651   2441 w  -            Chapter XXIII: The Odyssey (continued)   | Chapter XXIII The Odyssey (continued) THE PHAEACIANS. FATE O
      555042   1492 w  -            FATE OF THE SUITORS                      | FATE OF THE SUITORS It was now twenty years that Ulysses had
      563608   1633 w  -            Chapter XXIV                             | Chapter XXIV Adventures of AEneas The Harpies Dido Palinurus
      573121   1238 w  -            Dido                                     | DIDO Carthage, where the exiles had now arrived, was a spot 
      580298   2739 w  -            The Infernal Regions                     | Chapter XXV The Infernal Regions The Sibyl At the commenceme
      596224    356 w  -            ELYSIUM                                  | ELYSIUM Virgil, we have seen, places his Elysium under the e
      598375    611 w  -            THE SIBYL                                | THE SIBYL As AEneas and the Sibyl pursued their way back to 
      601878    612 w  -            Chapter XXVI                             | Chapter XXVI Camilla Evander Nisus and Euryalus Mezentius Tu
      605532    161 w  -            Opening the Gates of Janus               | OPENING THE GATES OF JANUS It was the custom of the country,
      606444    368 w  -            Camilla                                  | CAMILLA Camilla, the favorite of Diana, a huntress and warri
      608559   1166 w  -            Evander                                  | EVANDER Such were the formidable allies that ranged themselv
      615243   1034 w  -            NISUS AND EURYALUS                       | NISUS AND EURYALUS In the meanwhile Turnus had collected his
      621099   1109 w  -            MEZENTIUS                                | MEZENTIUS AEneas, with his Etrurian allies, arrived on the s
      627636   1357 w  -            Chapter XXVII: Pythagoras. Egyptian Deit | Chapter XXVII Pythagoras. Egyptian Deities. Oracles The teac
      635832    223 w  -            SYBARIS AND CROTONA                      | SYBARIS AND CROTONA Sybaris, a neighboring city to Crotona, 
      637139   2080 w  -            EGYPTIAN DEITIES                         | EGYPTIAN DEITIES The remarkable discovery by which Champolli
      649374   1100 w  -            MYTH OF OSIRIS AND ISIS                  | MYTH OF OSIRIS AND ISIS Osiris and Isis were at one time ind
      655587    420 w  -            ORACLES                                  | ORACLES Oracle was the name used to denote the place where a
      658060    287 w  -            ORACLE OF TROPHONIUS                     | ORACLE OF TROPHONIUS Besides the oracles of Jupiter and Apol
      659769    630 w  -            ORACLE OF AESCULAPIUS                    | ORACLE OF AESCULAPIUS There were numerous oracles of Aescula
      663569   1017 w  -            Chapter XXVIII: Origin of Mythology      | Chapter XXVIII Origin of Mythology Statues of Gods and Godde
      669876     83 w  -            Statues of the Gods                      | STATUES OF THE GODS Adequately to represent to the eye the i
      670360    340 w  -            THE OLYMPIAN JUPITER                     | THE OLYMPIAN JUPITER The statue of the Olympian Jupiter by P
      672416    181 w  -            THE MINERVA OF THE PARTHENON             | THE MINERVA OF THE PARTHENON This was also the work of Phidi
      673494    187 w  -            THE VENUS DE' MEDICI                     | THE VENUS DE' MEDICI The Venus of the Medici is so called fr
      674607    180 w  -            THE APOLLO BELVEDERE                     | THE APOLLO BELVEDERE The most highly esteemed of all the rem
      675640    110 w  -            THE DIANA A LA BICHE                     | THE DIANA A LA BICHE The Diana of the hind, in the palace of
      676243    168 w  -            THE VENUS OF MELOS                       | THE VENUS OF MELOS Of the Venus of Melos, perhaps the most f
      677161    383 w  -            THE POETS OF MYTHOLOGY                   | THE POETS OF MYTHOLOGY Homer, from whose poems of the Iliad 
      679412    301 w  -            VIRGIL                                   | VIRGIL Virgil, called also by his surname, Maro, from whose 
      681206    551 w  -            OVID                                     | OVID Often alluded to in poetry by his other name of Naso, w
      684430   1681 w  -            Modern Monsters                          | Chapter XXIX Modern Monsters: The Phoenix Basilisk Unicorn S
      694164    483 w  -            THE UNICORN                              | THE UNICORN Pliny, the Roman naturalist, out of whose accoun
      696829    592 w  -            THE SALAMANDER                           | THE SALAMANDER The following is from the Life of Benvenuto C
      700163   1337 w  -            Chapter XXX                              | Chapter XXX Eastern Mythology Zoroaster Hindu Mythology Cast
      708304    700 w  -            HINDU MYTHOLOGY                          | HINDU MYTHOLOGY The religion of the Hindus is professedly fo
      712513    258 w  -            VISHNU                                   | VISHNU Vishnu occupies the second place in the triad of the 
      714046    196 w  -            SIVA                                     | SIVA Siva is the third person of the Hindu triad. He is the 
      715206    187 w  -            JUGGERNAUT                               | JUGGERNAUT Whether the worshippers of Juggernaut are to be r
      716321    770 w  -            CASTES                                   | CASTES The division of the Hindus into classes or castes, wi
      721050   1204 w  -            BUDDHA                                   | BUDDHA Buddha, whom the Vedas represent as a delusive incarn
      728079    276 w  -            THE GRAND LAMA                           | THE GRAND LAMA It is a doctrine alike of the Brahminical Hin
      729800    208 w  -            PRESTER JOHN                             | PRESTER JOHN An early account, communicated probably by trav
      731054    885 w  -            Chapter XXXI                             | Chapter XXXI Northern Mythology Valhalla The Valkyrior The s
      736050    128 w  -            OF THE JOYS OF VALHALLA                  | OF THE JOYS OF VALHALLA Valhalla is the great hall of Odin, 
      736792    496 w  -            THE VALKYRIOR                            | THE VALKYRIOR The Valkyrior are warlike virgins, mounted upo
      739779    441 w  -            THOR / OF THOR AND THE OTHER GODS        | THOR OF THOR AND THE OTHER GODS Thor, the thunderer, Odin's 
      742305    451 w  -            OF LOKI AND HIS PROGENY                  | OF LOKI AND HIS PROGENY There is another deity who is descri
      744843    583 w  -            HOW THOR PAID THE MOUNTAIN GIANT HIS WAG | HOW THOR PAID THE MOUNTAIN GIANT HIS WAGES Once on a time, w
      748149    484 w  -            THE RECOVERY OF THE HAMMER               | THE RECOVERY OF THE HAMMER Once upon a time it happened that
      750962   2822 w  -            Chapter XXXII: Thor's Visit to Jotunheim | Chapter XXXII Thor's Visit to Jotunheim One day the god Thor
      766293   1264 w  -            Chapter XXXIII: The Death of Baldur      | Chapter XXXIII The Death of Baldur The Elves -- Runic Letter
      773535    359 w  -            The Funeral of Baldur                    | THE FUNERAL OF BALDUR The gods took up the dead body and bor
      775512    274 w  -            The Elves                                | THE ELVES The Edda mentions another class of beings, inferio
      777174    444 w  -            Ragnabok, the Twilight of the Gods       | RAGNABOK, THE TWILIGHT OF THE GODS It was a firm belief of t
      779807    249 w  -            Runic Letters                            | RUNIC LETTERS One cannot travel far in Denmark, Norway, or S
      781373    115 w  -            The Skalds                               | THE SKALDS The Skalds were the bards and poets of the nation
      782054    220 w  -            Iceland                                  | ICELAND The Eddas and Sagas have come to us from Iceland. Th
      783354   1577 w  -            The Druids Iona                          | Chapter XXXIV The Druids Iona The Druids were the priests or
      792831   1186 w  -            Iona                                     | IONA One of the smallest of the British Isles, situated near
      799909   8326 w  -            Sketch of the History of Greek Sculpture | SKETCH OF THE HISTORY OF GREEK SCULPTURE We have seen throug

14_658.txt  ok  pieces 15  dropped 0  tries 1  toc 14  chunks 42  $0.047
    class canonical | title 'The Fall of Troy' | author 'Quintus Smyrnaeus' | date 1913 from 'Century A.D.  Translation by A.S. Way, 1913.'
    body 1842-484757 of 503556 (4% outside) | body_start 'INTRODUCTION' | end matter '*** END OF THE PROJECT GUTENBERG EBOOK THE FALL OF TROY ***'
    contents 'CONTENTS' .. ' XIV  How the conquerors sailed from Troy unto judgment' at 8251-9318
        1842   1256 w  -            Introduction                             | INTRODUCTION Homer's "Iliad" begins towards the close of the
        9414   8538 w  -            Book I: How died for Troy the Queen of t | BOOK I: How died for Troy the Queen of the Amazons, Penthesi
       62072   6396 w  -            Book II: How Memnon, Son of the Dawn, fo | BOOK II How Memnon, Son of the Dawn, for Troy's sake fell in
      101205   7101 w  -            BOOK III                                 | BOOK III How by the shaft of a God laid low was Hero Achille
      144404   5111 w  -            Book IV                                  | BOOK IV How in the Funeral Games of Achilles heroes contende
      176276   5886 w  -            BOOK V                                   | BOOK V How the Arms of Achilles were cause of madness and de
      212250   5503 w  -            BOOK VI                                  | BOOK VI How came for the helping of Troy Eurypylus, Hercules
      246422   6390 w  -            Book VII                                 | BOOK VII How the Son of Achilles was brought to the War from
      284702   4173 w  -            Book VIII                                | BOOK VIII How Hercules' Grandson perished in fight with the 
      310743   4764 w  -            Book IX                                  | BOOK IX How from his long lone exile returned to the war Phi
      339554   4147 w  -            Book X: How Paris was stricken to death, | BOOK X How Paris was stricken to death, and in vain sought h
      364887   4057 w  -            Book XI                                  | BOOK XI How the sons of Troy for the last time fought from h
      390265   4919 w  -            Book XII                                 | BOOK XII How the Wooden Horse was fashioned, and brought int
      420477   4917 w  -            Book XIII: How Troy in the night was tak | BOOK XIII How Troy in the night was taken and sacked with fi
      450103   5603 w  -            BOOK XIV.                                | BOOK XIV. How the conquerors sailed from Troy unto judgment 

15_68946.txt  ok  pieces 83  dropped 115  tries 1  toc 7  chunks 82  $0.097
    class published | title "Pausanias' description of Greece, Volume I." | author 'active approximately 150-175 Pausanias' | date 1886 from 'Original publication: United Kingdom: George Bell and Sons, 1886'
    body 2173-361630 of 971852 (63% outside) | body_start 'PREFACE.' | end matter 'FOOTNOTES:'
    contents '                               CONTENTS.' .. '             INDEX                            414' at 4394-4793
        2173    380 w  -            opening                                  | PREFACE. Of Pausanias personally we know very little, but th
        4885    755 w  -            Chapter I                                | CHAPTER I. On the mainland of Greece, facing the islands cal
        9093    865 w  -            Chapter II                               | CHAPTER II. As one enters into the city there is a monument 
       14059    599 w  -            CHAPTER III.                             | CHAPTER III. Now the place Ceramicus gets its name from the 
       17586    802 w  -            CHAPTER IV.                              | CHAPTER IV. Now these Galati inhabit the remotest parts of E
       22326    575 w  -            CHAPTER V.                               | CHAPTER V. Near the council chamber of The Five Hundred is t
       25550    939 w  -            CHAPTER VI.                              | CHAPTER VI. As to the actions of Attalus and Ptolemy, not on
       30966    400 w  -            CHAPTER VII.                             | CHAPTER VII. This Ptolemy being enamoured of Arsinoe, his si
       33325    579 w  -            CHAPTER VIII.                            | CHAPTER VIII. Our subject now demands that we should relate 
       36664   1071 w  -            CHAPTER IX.                              | CHAPTER IX. Now the Ptolemy called Philometor is the eighth 
       42953    554 w  -            CHAPTER X.                               | CHAPTER X. Now as long as Aridæus, and after him Cassander a
       46319    739 w  -            CHAPTER XI.                              | CHAPTER XI. The Athenians also have a statue of Pyrrhus. Thi
       50631    636 w  -            CHAPTER XII.                             | CHAPTER XII. So Pyrrhus is the first that crossed the Ionian
       54286   1088 w  -            CHAPTER XIII.                            | CHAPTER XIII. Then Pyrrhus, after his defeat, sailed for Tar
       60601    812 w  -            Chapter XIV                              | CHAPTER XIV. And as one enters the Odeum at Athens, there is
       65229    463 w  -            Chapter XV                               | CHAPTER XV. And as one goes into the portico, which they cal
       67857    329 w  -            Chapter XVI                              | CHAPTER XVI. And before the portico are brazen statues of So
       69823    701 w  -            Chapter XVII                             | CHAPTER XVII. And the Athenians have in the market-place amo
       73735    800 w  -            Chapter XVIII                            | CHAPTER XVIII. Now the temple of the Dioscuri is ancient; th
       78267    623 w  -            Chapter XIX                              | CHAPTER XIX. And next to the temple of Olympian Zeus is a st
       81710    856 w  -            Chapter XX                               | CHAPTER XX. Now there is a way from the Prytaneum called _Th
       86541    750 w  -            CHAPTER XXI.                             | CHAPTER XXI. Now the Athenians have statues in the theatre o
       90670    767 w  -            CHAPTER XXII.                            | CHAPTER XXII. Next to the temple of Æsculapius as you go to 
       94998    944 w  -            CHAPTER XXIII.                           | CHAPTER XXIII. Now the Greeks among other things say that th
      100326    805 w  -            CHAPTER XXIV.                            | CHAPTER XXIV. Here too is Athene pourtrayed striking Marsyas
      104742    861 w  -            CHAPTER XXV.                             | CHAPTER XXV. There are also in the Acropolis at Athens statu
      109781    733 w  -            Chapter XXVI                             | CHAPTER XXVI. Some time after a few remembered the fame of t
      113961   1084 w  -            Chapter XXVII                            | CHAPTER XXVII. In the temple of Athene Polias is a Hermes of
      120050   1092 w  -            CHAPTER XXVIII.                          | CHAPTER XXVIII. Why they erected a brazen statue to Cylon, a
      126325   1517 w  -            CHAPTER XXIX.                            | CHAPTER XXIX. Near the Areopagus is shewn the ship that is m
      135122    494 w  -            Chapter XXX                              | CHAPTER XXX. Before the entrance into the Academy is an alta
      137787    543 w  -            Chapter XXXI                             | CHAPTER XXXI. Now the small townships of Attica, founded by 
      140934    814 w  -            Chapter XXXII                            | CHAPTER XXXII. And the mountains of Attica are Pentelicus, f
      145433    750 w  -            CHAPTER XXXIII.                          | CHAPTER XXXIII. And not far from Marathon is Brauron, where 
      149563    513 w  -            CHAPTER XXXIV.                           | CHAPTER XXXIV. The land about Oropus between Attica and Tana
      152519    792 w  -            CHAPTER XXXV.                            | CHAPTER XXXV. And the Athenians have various islands not far
      156923    492 w  -            Chapter XXXVI                            | CHAPTER XXXVI. At Salamis, to return to my subject, there is
      159699    757 w  -            Chapter XXXVII                           | CHAPTER XXXVII. And next to the tomb of Cephisodorus are bur
      164045    791 w  -            Chapter XXXVIII                          | CHAPTER XXXVIII. Now the channels called Rheti are like rive
      168494    745 w  -            Chapter XXXIX                            | CHAPTER XXXIX. And another road leads from Eleusis to Megara
      172704    634 w  -            Chapter XL                               | CHAPTER XL. There is in the city a conduit erected by Theage
      176260    946 w  -            Chapter XLI                              | CHAPTER XLI. As you descend from the Acropolis in a Northerl
      181632    737 w  -            Chapter XLII                             | CHAPTER XLII. There is also another citadel at Megara that g
      185685    905 w  -            Chapter XLIII                            | CHAPTER XLIII. They also lay claim to the possession of a mo
      190869   1176 w  -            Chapter XLIV                             | CHAPTER XLIV. Next Corœbus is buried Orsippus, who, though t
      197404    995 w  -            Book II: Corinth / Chapter I             | BOOK II.--CORINTH. CHAPTER I. The Corinthian territory, a pa
      203036    795 w  -            Chapter II                               | CHAPTER II. And inside the precincts there is on the left ha
      207385   1007 w  -            CHAPTER III.                             | CHAPTER III. And in the middle of the market-place is a stat
      212943    689 w  -            CHAPTER IV.                              | CHAPTER IV. And not far from the tomb of Mermerus and Pheres
      216857    744 w  -            Chapter V                                | CHAPTER V. On the ascent to Acro-Corinthus there is also a t
      221002    730 w  -            Chapter VI                               | CHAPTER VI. And Corax dying childless, about this time Epope
      225119    932 w  -            Chapter VII                              | CHAPTER VII. And the Sicyonians became Dorians after this, a
      230295    625 w  -            Chapter VIII                             | CHAPTER VIII. The sacred enclosure near the temple of Persua
      233930    759 w  -            Chapter IX                               | CHAPTER IX. Cleomenes, the son of Leonidas, and grandson of 
      238343    691 w  -            Chapter X                                | CHAPTER X. Not far from the market-place in the gymnasium is
      242063    901 w  -            Chapter XI                               | CHAPTER XI. And as you turn from thence to the gate called T
      246936    631 w  -            Chapter XII                              | CHAPTER XII. And at Titane there is also a temple of Athene,
      250352    820 w  -            Chapter XIII                             | CHAPTER XIII. By the return of the Heraclidæ all the Pelopon
      254911    377 w  -            Chapter XIV                              | CHAPTER XIV. Now Celeæ is about five stades from Phlius, and
      257126    557 w  -            Chapter XV                               | CHAPTER XV. On the road from Corinth to Argos you come to th
      260230    714 w  -            Chapter XVI                              | CHAPTER XVI. And Argos his daughter’s son, who reigned after
      264344    601 w  -            CHAPTER XVII.                            | CHAPTER XVII. About fifteen stades from Mycenæ on the left i
      267581    885 w  -            CHAPTER XVIII.                           | CHAPTER XVIII. And as you go from Mycenæ to Argos there is o
      272612    774 w  -            CHAPTER XIX.                             | CHAPTER XIX. As to Cresphontes and the sons of Aristodemus t
      276915   1044 w  -            Chapter XX                               | CHAPTER XX. And passing by the effigy of Creux the boxer, an
      282842    883 w  -            Chapter XXI                              | CHAPTER XXI. And as you descend from thence and turn to the 
      287812    752 w  -            Chapter XXII                             | CHAPTER XXII. Now the temple of Flowery Hera is on the right
      292058    704 w  -            Chapter XXIII                            | CHAPTER XXIII. As you go thence on the road called the Hollo
      296013    731 w  -            Chapter XXIV                             | CHAPTER XXIV. And the citadel they call Larissa from the dau
      299972    915 w  -            CHAPTER XXV.                             | CHAPTER XXV. The road to Mantinea from Argos is not the same
      304861    821 w  -            CHAPTER XXVI.                            | CHAPTER XXVI. And near Lessa is Epidaurus in Argolis, and be
      309564    679 w  -            CHAPTER XXVII.                           | CHAPTER XXVII. The sacred grove of Æsculapius is walled in o
      313360    684 w  -            Chapter XXVIII                           | CHAPTER XXVIII. Now all kinds of dragons, and especially tho
      317202   1029 w  -            Chapter XXIX                             | CHAPTER XXIX. Epidaurus has the following things most worthy
      322878   1019 w  -            Chapter XXX                              | CHAPTER XXX. And near one another are temples of Apollo, and
      328566    936 w  -            Chapter XXXI                             | CHAPTER XXXI. In the market-place is a temple, and statues, 
      333627    809 w  -            Chapter XXXII                            | CHAPTER XXXII. And Hippolytus the son of Theseus has precinc
      338166    464 w  -            Chapter XXXIII                           | CHAPTER XXXIII. Of the islands near Trœzen one is so close t
      340898   1099 w  -            Chapter XXXIV                            | CHAPTER XXXIV. In the Trœzenian district there is an isthmus
      346920    913 w  -            Chapter XXXV                             | CHAPTER XXXV. And next is a temple of Dionysus Melanægis, in
      351938    676 w  -            CHAPTER XXXVI.                           | CHAPTER XXXVI. About seven stades on the high road to Mases,
      355633    529 w  -            CHAPTER XXXVII.                          | CHAPTER XXXVII. And the grove of plane-trees beginning at th
      358498    560 w  -            CHAPTER XXXVIII.                         | CHAPTER XXXVIII. And as you go from Lerna to Temenium--now T
    115 piece(s) after the end matter dropped

16_68680.txt  ok  pieces 160  dropped 0  tries 1  toc 5  chunks 59  $0.070
    class canonical | title 'PAUSANIAS’ DESCRIPTION OF GREECE.' | author 'active approximately 150-175 Pausanias' | date 1886 from 'Original publication: United Kingdom: George Bell and Sons, 1886'
    body 3090-626710 of 701817 (11% outside) | body_start 'PAUSANIAS.' | end matter 'INDEX.'
    contents 'CONTENTS.' .. '           Index          299' at 1798-1979
        3090    767 w  -            opening / Chapter I                      | PAUSANIAS. BOOK VII.--ACHAIA. CHAPTER I. Now the country bet
        7620    970 w  -            Chapter II                               | CHAPTER II. And not many years afterwards Medon and Nileus, 
       13185    818 w  -            Chapter III                              | CHAPTER III. The Colophonians also regard the temple and ora
       18042    782 w  -            Chapter IV                               | CHAPTER IV. And the cities of the Ionians in the islands wer
       22474    968 w  -            Chapter V                                | CHAPTER V. And Smyrna, which was one of the 12 cities of the
       27767    667 w  -            CHAPTER VI.                              | CHAPTER VI. After the departure of the Ionians the Achæans d
       31669    715 w  -            CHAPTER VII.                             | CHAPTER VII. The Achæans were most powerful in the days when
       35848    718 w  -            CHAPTER VIII.                            | CHAPTER VIII. Flaminius on his arrival immediately defeated 
       40050    736 w  -            CHAPTER IX.                              | CHAPTER IX. But now Metellus and his colleagues resolved not
       44437    980 w  -            CHAPTER X.                               | CHAPTER X. But the most impious of all crimes, the betrayal 
       50119    590 w  -            CHAPTER XI.                              | CHAPTER XI. And the Romans sent another Senator to Greece, G
       53619    754 w  -            CHAPTER XII.                             | CHAPTER XII. And the Oropians, though no help had come from 
       57985    551 w  -            CHAPTER XIII.                            | CHAPTER XIII. In consequence of these differences with the L
       61123    654 w  -            Chapter XIV                              | CHAPTER XIV. At last the envoys, who had been sent from Rome
       64983    799 w  -            Chapter XV                               | CHAPTER XV. And the Romans being informed of all this by the
       69561    896 w  -            Chapter XVI                              | CHAPTER XVI. Meantime Mummius, and with him Orestes, who was
       74714   1096 w  -            Chapter XVII                             | CHAPTER XVII. At this time Greece was reduced to extreme wea
       80823    987 w  -            Chapter XVIII                            | CHAPTER XVIII. About 40 stades from Dyme the river Pirus dis
       86337    832 w  -            Chapter XIX                              | CHAPTER XIX. And between the temple of Laphria and the altar
       90968    734 w  -            Chapter XX                               | CHAPTER XX. The name of the god inside the chest is Æsymnete
       94990    998 w  -            Chapter XXI                              | CHAPTER XXI. In this part of the city there is also a temple
      100460    926 w  -            Chapter XXII                             | CHAPTER XXII. And Pharæ, a town in Achaia, is reckoned with 
      105352    880 w  -            Chapter XXIII                            | CHAPTER XXIII. And next to the river Charadrus are some ruin
      110188   1061 w  -            Chapter XXIV                             | CHAPTER XXIV. At Ægium there is also near the market-place a
      116333   1059 w  -            Chapter XXV                              | CHAPTER XXV. One may learn not only from this ruin of Helice
      122383   1004 w  -            Chapter XXVI                             | CHAPTER XXVI. And the seaport at Ægira (both town and seapor
      127997    840 w  -            Chapter XXVII                            | CHAPTER XXVII. And the town of Pellene is on a hill which is
      132570    448 w  -            Book VIII.--Arcadia / Chapter I          | BOOK VIII.--ARCADIA. CHAPTER I. The parts of Arcadia near Ar
      135158    559 w  -            Chapter II                               | CHAPTER II. And Lycaon the son of Pelasgus devised even wise
      138350    440 w  -            Chapter III                              | CHAPTER III. The third generation after Pelasgus Arcadia adv
      141094    742 w  -            Chapter IV                               | CHAPTER IV. And after the death of Nyctimus Arcas the son of
      145234    945 w  -            CHAPTER V.                               | CHAPTER V. And after the death of Lycurgus Echemus, the son 
      150725    440 w  -            CHAPTER VI.                              | CHAPTER VI. In all these particulars about their kings, as I
      153345    523 w  -            CHAPTER VII.                             | CHAPTER VII. As you cross over Artemisium into the district 
      156283    900 w  -            Chapter VIII                             | CHAPTER VIII. And next to the ruins of Nestane is a temple s
      161464    686 w  -            Chapter IX                               | CHAPTER IX. And the Mantinæans have a double temple divided 
      165337    823 w  -            Chapter X                                | CHAPTER X. There are roads leading from Mantinea to the othe
      170032    899 w  -            Chapter XI                               | CHAPTER XI. Next to the temple of Poseidon you will come to 
      175004    639 w  -            Chapter XII                              | CHAPTER XII. And about a stade from the tomb of Epaminondas 
      178548    503 w  -            Chapter XIII                             | CHAPTER XIII. In the part belonging to Orchomenus, on the le
      181378    926 w  -            Chapter XIV                              | CHAPTER XIV. And the plain of Pheneus lies below Caryæ, and 
      186448    670 w  -            Chapter XV                               | CHAPTER XV. At Pheneus they have also a temple of Eleusinian
      190233    436 w  -            Chapter XVI                              | CHAPTER XVI. And as you go eastwards from Pheneus you come t
      192602    386 w  -            CHAPTER XVII.                            | CHAPTER XVII. Not far from the tomb of Æpytus is Cyllene the
      194677    598 w  -            CHAPTER XVIII.                           | CHAPTER XVIII. Hesiod has represented Styx in his Theogony, 
      198068    234 w  -            CHAPTER XIX.                             | CHAPTER XIX. And there are some of Arcadian race who live at
      199334    290 w  -            CHAPTER XX.                              | CHAPTER XX. And after having advanced from Lycuria about 50 
      200945    253 w  -            CHAPTER XXI.                             | CHAPTER XXI. From the springs of Ladon it is 60 stades to th
      202299    712 w  -            CHAPTER XXII.                            | CHAPTER XXII. I return to Stymphelus and to Geronteum, the b
      206302    655 w  -            CHAPTER XXIII.                           | CHAPTER XXIII. And next to Stymphelus comes Alea a town in t
      209953    986 w  -            CHAPTER XXIV.                            | CHAPTER XXIV. The founder of Psophis was they say Psophis th
      215585    963 w  -            Chapter XXV                              | CHAPTER XXV. On the road from Psophis to Thelpusa the first 
      220950    512 w  -            Chapter XXVI                             | CHAPTER XXVI. The founder of Heræa was Heræus the son of Lyc
      223793   1320 w  -            Chapter XXVII                            | CHAPTER XXVII. Megalopolis is the most recent city not only 
      231650    573 w  -            Chapter XXVIII                           | CHAPTER XXVIII. And as you go from the sources of the Buphag
      234900    525 w  -            Chapter XXIX                             | CHAPTER XXIX. After crossing the Alpheus you come to the dis
      237828    703 w  -            Chapter XXX                              | CHAPTER XXX. The river Helisson rises in a village of the sa
      241815    630 w  -            CHAPTER XXXI.                            | CHAPTER XXXI. And the west end of the portico has precincts 
      245372    484 w  -            CHAPTER XXXII.                           | CHAPTER XXXII. The part of the city on the other side of the
      248034    364 w  -            CHAPTER XXXIII.                          | CHAPTER XXXIII. That Megalopolis, peopled with such zeal on 
      250088    387 w  -            CHAPTER XXXIV.                           | CHAPTER XXXIV. As you go from Megalopolis to Messene, you wi
      252271    642 w  -            Chapter XXXV                             | CHAPTER XXXV. This road leads to Messene, but another leads 
      255908    729 w  -            Chapter XXXVI                            | CHAPTER XXXVI. Nothing now remains to be mentioned but Methy
      259959    954 w  -            Chapter XXXVII                           | CHAPTER XXXVII. From Acacesium it is four stades to the temp
      265097    827 w  -            Chapter XXXVIII                          | CHAPTER XXXVIII. And a little higher up is the circuit of th
      269591    504 w  -            Chapter XXXIX                            | CHAPTER XXXIX. Past Lycosura in a westerly direction flows t
      272417    408 w  -            Chapter XL                               | CHAPTER XL. The people of Phigalia have also in their market
      274724    669 w  -            Chapter XLI                              | CHAPTER XLI. The Phigalians have also in their market-place 
      278441    907 w  -            Chapter XLII                             | CHAPTER XLII. The other mountain, Elaion, is about 30 stades
      283547    467 w  -            Chapter XLIII                            | CHAPTER XLIII. Pallantium next demands my attention, both to
      286229    567 w  -            Chapter XLIV                             | CHAPTER XLIV. To return to our account of Arcadia, there is 
      289237    463 w  -            Chapter XLV                              | CHAPTER XLV. The people of Tegea say that their district got
      291873    351 w  -            Chapter XLVI                             | CHAPTER XLVI. And the ancient statue of Athene Alea, and tog
      293917    483 w  -            Chapter XLVII                            | CHAPTER XLVII. And the statue now at Tegea of Athene, called
      296604    643 w  -            Chapter XLVIII                           | CHAPTER XLVIII. In the market-place, which is in shape very 
      300144    616 w  -            CHAPTER XLIX.                            | CHAPTER XLIX. And not far from the market-place is a theatre
      303683    702 w  -            CHAPTER L.                               | CHAPTER L. And as the Achæans left everything to him and mad
      307845    589 w  -            CHAPTER LI.                              | CHAPTER LI. And Philopœmen about this time made an incursion
      311290    413 w  -            CHAPTER LII.                             | CHAPTER LII. And now Greece ceased to produce a stock of dis
      313845    751 w  -            CHAPTER LIII.                            | CHAPTER LIII. That is the inscription at Tegea. And the stat
      318099    498 w  -            CHAPTER LIV.                             | CHAPTER LIV. The boundary between the districts of the Laced
      320804    657 w  -            BOOK IX.--BŒOTIA. / CHAPTER I.           | BOOK IX.--BŒOTIA. CHAPTER I. Bœotia is contiguous to Attica,
      324579    584 w  -            Chapter II                               | CHAPTER II. If you turn off a little to the right from the h
      327787    652 w  -            Chapter III                              | CHAPTER III. They say Hera for some reason or other was disp
      331487    288 w  -            Chapter IV                               | CHAPTER IV. The Platæans have also a temple to Arean Athene,
      333124   1320 w  -            Chapter V                                | CHAPTER V. The district of Thebes was they say first inhabit
      340580    420 w  -            CHAPTER VI.                              | CHAPTER VI. Of their successes and reverses in war I found t
      343008    407 w  -            CHAPTER VII.                             | CHAPTER VII. And now the Thebans were expelled from Thebes b
      345433    512 w  -            CHAPTER VIII.                            | CHAPTER VIII. And when you have crossed the Asopus, and gone
      348309    372 w  -            CHAPTER IX.                              | CHAPTER IX. I think this war which the Argives fought is the
      350446    513 w  -            CHAPTER X.                               | CHAPTER X. Not far from the gates is a large sepulchre to al
      353198    584 w  -            CHAPTER XI.                              | CHAPTER XI. On the left of the gate called Electris are the 
      356472    464 w  -            CHAPTER XII.                             | CHAPTER XII. The Thebans used of old to sacrifice bulls to A
      359005    870 w  -            Chapter XIII                             | CHAPTER XIII. Epaminondas was of illustrious descent, but hi
      364183    469 w  -            Chapter XIV                              | CHAPTER XIV. Directly after the battle Epaminondas allowed a
      367023    400 w  -            Chapter XV                               | CHAPTER XV. And after this when Alexander the ruler in Thess
      369401    489 w  -            Chapter XVI                              | CHAPTER XVI. And at no great distance from the statue of Epa
      372164    549 w  -            Chapter XVII                             | CHAPTER XVII. And next is the temple of Artemis Euclea, the 
      375283    394 w  -            Chapter XVIII                            | CHAPTER XVIII. The road to Chalcis from Thebes is by the gat
      377547    698 w  -            Chapter XIX                              | CHAPTER XIX. On this high-road is a place called Teumessus, 
      381375    430 w  -            Chapter XX                               | CHAPTER XX. In that part of the district of Tanagra near the
      383746    610 w  -            Chapter XXI                              | CHAPTER XXI. I have also seen another Triton among the Curio
      387024    600 w  -            Chapter XXII                             | CHAPTER XXII. At Tanagra besides the temple of Dionysus ther
      390289    585 w  -            Chapter XXIII                            | CHAPTER XXIII. The Thebans in front of the gate Prœtis have 
      393515    410 w  -            Chapter XXIV                             | CHAPTER XXIV. As you go from Acræphnium straight for the lak
      395777    738 w  -            CHAPTER XXV.                             | CHAPTER XXV. At Thebes near the gate Neistis is the tomb of 
      399944    495 w  -            CHAPTER XXVI.                            | CHAPTER XXVI. On the right of the temple of the Cabiri is a 
      402682    641 w  -            CHAPTER XXVII.                           | CHAPTER XXVII. Of the gods the Thespians have always honoure
      406256    361 w  -            CHAPTER XXVIII.                          | CHAPTER XXVIII. Of all the mountains of Greece Helicon is th
      408212    716 w  -            Chapter XXIX                             | CHAPTER XXIX. They say that Ephialtes and Otus first sacrifi
      412236   1058 w  -            Chapter XXX                              | CHAPTER XXX. The earliest statues of the Muses here were all
      418206    688 w  -            Chapter XXXI                             | CHAPTER XXXI. There is also at Helicon a statue of Arsinoe, 
      422096    738 w  -            Chapter XXXII                            | CHAPTER XXXII. The inhabitants of Creusis, a haven of the Th
      426384    586 w  -            Chapter XXXIII                           | CHAPTER XXXIII. At Haliartus is Lysander’s tomb, and a hero-
      429636    669 w  -            Chapter XXXIV                            | CHAPTER XXXIV. Before you get to Coronea from Alalcomenæ, yo
      433469    520 w  -            Chapter XXXV                             | CHAPTER XXXV. The Bœotians say that Eteocles was the first w
      436454    588 w  -            Chapter XXXVI                            | CHAPTER XXXVI. On the death of Eteocles the succession devol
      439881    537 w  -            Chapter XXXVII                           | CHAPTER XXXVII. But the posterity of Almus was fated to come
      442990    612 w  -            Chapter XXXVIII                          | CHAPTER XXXVIII. At Orchomenus there is a temple of Dionysus
      446508   1232 w  -            Chapter XXXIX                            | CHAPTER XXXIX. In the mountainous parts the Phocians are nea
      453281    928 w  -            Chapter XL                               | CHAPTER XL. The Bœotians became acquainted with this oracle 
      458617    455 w  -            Chapter XLI                              | CHAPTER XLI. Of all the works indeed of Hephæstus, that poet
      461291    808 w  -            Chapter I                                | CHAPTER I. That part of Phocis which is in the neighbourhood
      465994    605 w  -            Chapter II                               | CHAPTER II. When the army of the Persians passed into Europe
      469551    335 w  -            Chapter III                              | CHAPTER III. And Philip put an end to the war, called the Ph
      471529    827 w  -            Chapter IV                               | CHAPTER IV. From Chæronea it is about 20 stades to Panopeus,
      476281    946 w  -            Chapter V                                | CHAPTER V. There is also an ascent by Daulis to the heights 
      481747    475 w  -            Chapter VI                               | CHAPTER VI. They say the most ancient town here was built by
      484428    727 w  -            Chapter VII                              | CHAPTER VII. It appears that the temple at Delphi was plunde
      488643    739 w  -            Chapter VIII                             | CHAPTER VIII. Some think that Amphictyon the son of Deucalio
      493084    854 w  -            Chapter IX                               | CHAPTER IX. Delphi is everywhere hilly, the sacred precincts
      498240    641 w  -            Chapter X                                | CHAPTER X. On the basement under this horse is an inscriptio
      502010    534 w  -            Chapter XI                               | CHAPTER XI. And near the votive offering of the Tarentines i
      505089    835 w  -            Chapter XII                              | CHAPTER XII. There is a projecting stone above, on which the
      509863    841 w  -            Chapter XIII                             | CHAPTER XIII. The brazen head of the Pæonian bison was sent 
      514577    609 w  -            Chapter XIV                              | CHAPTER XIV. The axes which were the votive offering of Peri
      517975    622 w  -            Chapter XV                               | CHAPTER XV. The gilt statue of Phryne here was made by Praxi
      521564    456 w  -            Chapter XVI                              | CHAPTER XVI. Of the votive offerings which the Lydian kings 
      524237   1073 w  -            Chapter XVII                             | CHAPTER XVII. Of the western barbarians the Sardinians offer
      530398    597 w  -            Chapter XVIII                            | CHAPTER XVIII. The horse, which is next the statue of Sardus
      533763    834 w  -            Chapter XIX                              | CHAPTER XIX. Next to the statue of Gorgias is a votive offer
      538643    760 w  -            Chapter XX                               | CHAPTER XX. The Greeks for their part, though very dejected,
      543196    721 w  -            Chapter XXI                              | CHAPTER XXI. Brennus next ordered those who dwelt near the M
      547367    862 w  -            Chapter XXII                             | CHAPTER XXII. On the seventh day after the battle a division
      552471   1099 w  -            Chapter XXIII                            | CHAPTER XXIII. And Brennus, waiting only till Acichorius’ tr
      558859    666 w  -            Chapter XXIV                             | CHAPTER XXIV. In the vestibule of the temple at Delphi are w
      562540    906 w  -            CHAPTER XXV.                             | CHAPTER XXV. Above the fountain is a building which contains
      567713    824 w  -            CHAPTER XXVI.                            | CHAPTER XXVI. Above the women between Æthra and Nestor are t
      572462    405 w  -            CHAPTER XXVII.                           | CHAPTER XXVII. Of the dead in the painting are Pelis naked,[
      574824    618 w  -            Chapter XXVIII                           | CHAPTER XXVIII. The other part of the painting, that on the 
      578389    817 w  -            Chapter XXIX                             | CHAPTER XXIX. Above those I have already mentioned are Perim
      583062    692 w  -            Chapter XXX                              | CHAPTER XXX. Polygnotus has painted next the daughters of Pa
      586946    879 w  -            CHAPTER XXXI.                            | CHAPTER XXXI. If you look again at the upper part of the pai
      591940   1384 w  -            CHAPTER XXXII.                           | CHAPTER XXXII. Near the temple precincts is a handsome theat
      599661    998 w  -            Chapter XXXIII                           | CHAPTER XXXIII. Another road from Tithorea leads to Ledon, w
      605386    634 w  -            Chapter XXXIV                            | CHAPTER XXXIV. Next to Delphi Elatea is the greatest town in
      609016    722 w  -            Chapter XXXV                             | CHAPTER XXXV. For Abæ and Hyampolis you take the mountainous
      613033    679 w  -            Chapter XXXVI                            | CHAPTER XXXVI. From Stiris to Ambrosus is about 60 stades: t
      616835    698 w  -            Chapter XXXVII                           | CHAPTER XXXVII. On the right of the town at the distance of 
      620792   1039 w  -            Chapter XXXVIII                          | CHAPTER XXXVIII. Next comes the land of the Ozolian Locrians

17_10717.txt  ok  pieces 2  dropped 53  tries 2  toc None  chunks 27  $0.044
    class canonical | title 'The Extant Odes of Pindar' | author 'Pindar' | date 1904 from '1904'
    body 1911-37040 of 320852 (89% outside) | body_start 'INTRODUCTION.' | end matter '[Footnote 1: The importance and interest to a student in Hellenic'
    contents None .. None at None-None
        1911   5117 w  -            Introduction                             | INTRODUCTION. Probably no poet of importance equal or approa
       31936    785 w  -            PREFATORY NOTE                           | PREFATORY NOTE. The few notes appended to this translation a
    53 piece(s) after the end matter dropped

18_10523.txt  ok  pieces 2  dropped 0  tries 1  toc None  chunks 11  $0.011
    class canonical | title 'Alcestis' | author 'Euripides' | date 1915 from '1915'
    body 1153-84196 of 124398 (33% outside) | body_start 'INTRODUCTION' | end matter 'NOTES'
    contents None .. None at None-None
        1153   3323 w  -            Introduction                             | INTRODUCTION The _Alcestis_ would hardly confirm its author'
       20700  10960 w  -            ALCESTIS                                 | ALCESTIS CHARACTERS OF THE PLAY ADMÊTUS, _King of Pherae in 

19_14322.txt  ok  pieces 2  dropped 23  tries 1  toc None  chunks 12  $0.014
    class canonical | title 'The Electra of Euripides' | author 'Euripides' | date 1905 from '_First Edition, November_ 1905'
    body 1811-90616 of 136606 (35% outside) | body_start 'Introduction[1]' | end matter 'NOTES TO THE ELECTRA'
    contents None .. None at None-None
        1811   1122 w  -            Introduction                             | Introduction[1] The _Electra_ of Euripides has the distincti
        8655  13464 w  -            Electra                                  | ELECTRA CHARACTERS IN THE PLAY CLYTEMNESTRA, _Queen of Argos
    23 piece(s) after the end matter dropped

20_77336.txt  ok  pieces 76  dropped 0  tries 2  toc 61  chunks 54  $0.065
    class canonical | title 'Hecuba and other plays' | author 'Euripides' | date 1888 from 'Original publication: London: George Routledge & Sons, 1888'
    body 13728-618672 of 637477 (5% outside) | body_start 'HECUBA.' | end matter '*** END OF THE PROJECT GUTENBERG EBOOK HECUBA AND OTHER PLAYS ***'
    contents 'MORLEY’S UNIVERSAL LIBRARY.' .. '    61. _Euripides: Hecuba and other Plays._' at 2121-4614
       13728   1620 w  -            Hecuba                                   | HECUBA. PERSONS OF THE DRAMA. POLYDORE’S GHOST. HECUBA. CHOR
       24389   2384 w  -            ULYSSES, HECUBA, POLYXENA, CHORUS.       | ULYSSES, HECUBA, POLYXENA, CHORUS. ULY. Though I presume the
       40088   1309 w  -            TALTHYBIUS, HECUBA, CHORUS.              | TALTHYBIUS, HECUBA, CHORUS. TAL. Where, O ye Phrygian damsel
       48510    186 w  -            Ode                                      | CHORUS. ODE. I. By Heaven was my devoted head Me
       49965    577 w  -            Attendant, Chorus                        | ATTENDANT, CHORUS. ATT. Where is the wretched Hecuba, my fri
       53886   1783 w  -            Agamemnon, Hecuba, Chorus                | AGAMEMNON, HECUBA, CHORUS. AGA. Whence this delay? why go yo
       65285    329 w  -            Chorus                                   | CHORUS. I. 1. No more, O Troy, thy dreaded name Conspicuous
       67755    945 w  -            Polymestor, Hecuba, Chorus               | POLYMESTOR, HECUBA, CHORUS. POLYM. For thee, O Priam, my unh
       74200     85 w  -            HECUBA, CHORUS.                          | HECUBA, CHORUS. CHOR. Hast thou, my honoured mistress, caugh
       74810    383 w  -            POLYMESTOR, HECUBA, CHORUS.              | POLYMESTOR, HECUBA, CHORUS. POLYM. Ah, whither am I going? w
       77242   1836 w  -            AGAMEMNON, POLYMESTOR, HECUBA, CHORUS.   | AGAMEMNON, POLYMESTOR, HECUBA, CHORUS. AGA. Hearing thy shri
       89247   3410 w  -            HERCULES DISTRACTED.                     | HERCULES DISTRACTED. PERSONS OF THE DRAMA. AMPHITRYON. MEGAR
      110713    684 w  -            Chorus                                   | CHORUS. ODE. I. 1. For Linus’ death, by all the tuneful Nine
      116111    631 w  -            Megara, Amphitryon, Chorus               | MEGARA, AMPHITRYON, CHORUS. MEG. Come on. What priest, what 
      120085   1756 w  -            HERCULES, MEGARA, AMPHITRYON, CHORUS     | HERCULES, MEGARA, AMPHITRYON, CHORUS. MEG. Ha! O thou aged m
      131974    947 w  -            LYCUS, AMPHITRYON, CHORUS                | LYCUS, AMPHITRYON, CHORUS. LYC. Forth from the portals at du
      138704    876 w  -            IRIS, A FIEND, CHORUS                    | IRIS, A FIEND, CHORUS. IRIS. O, ye aged men, Be not dismayed
      144464   1239 w  -            Messenger and Chorus                     | MESSENGER, CHORUS. MES. O ye whose heads are whitened o’er w
      152284   3850 w  -            Amphitryon and Chorus                    | AMPHITRYON, CHORUS. _The Palace gates thrown open, discover_
      178113    514 w  -            THE CHILDREN OF HERCULES.                | THE CHILDREN OF HERCULES. PERSONS OF THE DRAMA. IOLAUS. COPR
      181468    190 w  -            Copreus and Iolaus                       | COPREUS, IOLAUS. COP. What, think’st thou unmolested to enjo
      182767    433 w  -            Chorus, Iolaus, and Copreus              | CHORUS, IOLAUS, COPREUS. CHOR. What clamorous voices from yo
      185780   2351 w  -            Demophoon, Iolaus, Copreus, and Chorus   | DEMOPHOON, IOLAUS, COPREUS, CHORUS. DEM. Since by thy speed,
      201055    208 w  -            Chorus                                   | CHORUS. ODE. I. Boast as thou wilt, and urge thy proud deman
      202699    927 w  -            Demophoon, Iolaus, Chorus                | DEMOPHOON, IOLAUS, CHORUS. IOL. Why com’st thou hither, O my
      208548   1354 w  -            Macaria, Iolaus, Chorus                  | MACARIA, IOLAUS, CHORUS. MAC. Deem not that I, O strangers, 
      217119   1670 w  -            Ode                                      | ODE. In just proportion, as the gods ordain, Is bliss diffus
      229432   1034 w  -            SERVANT, ALCMENA, CHORUS                 | SERVANT, ALCMENA, CHORUS. SER. O royal dame, the message tha
      236100    241 w  -            CHORUS                                   | CHORUS. ODE. I. 1. To me the choral song is sweet,
      237912   1288 w  -            MESSENGER, EURYSTHEUS, ALCMENA, CHORUS   | MESSENGER, EURYSTHEUS, ALCMENA, CHORUS. MES. Your eyes indee
      245940   2387 w  -            Rhesus                                   | RHESUS. PERSONS OF THE DRAMA. CHORUS OF TROJAN SENTINELS. HE
      262496    746 w  -            A SHEPHERD, HECTOR, CHORUS.              | A SHEPHERD, HECTOR, CHORUS. SHEP. Most gracious monarch, may
      267524    328 w  -            Chorus                                   | CHORUS. ODE. I. 1. Daughter of Jove, forbear to wreak
      269940   1250 w  -            Rhesus, Hector, Chorus                   | RHESUS, HECTOR, CHORUS. RHE. Thou brave descendant of a nobl
      278002    260 w  -            Chorus                                   | CHORUS. I. Who comes this rampart to defend? The times
      280110    323 w  -            Ulysses and Diomede                      | ULYSSES, DIOMEDE. ULY. Heard’st thou, O Diomede, the sound o
      282376    427 w  -            Minerva, Ulysses, and Diomede            | MINERVA, ULYSSES, DIOMEDE. MIN. With affliction stung, Why f
      285229    231 w  -            Paris and Minerva                        | PARIS, MINERVA. PAR. General and brother, Hector, thee I cal
      286809     63 w  -            Ulysses, Diomede, and Minerva            | ULYSSES, DIOMEDE, MINERVA. MIN. But now to you, my real frie
      287254    195 w  -            Chorus, Ulysses, and Diomede             | CHORUS, ULYSSES, DIOMEDE. CHOR. Come on, strike, strike, des
      288746    276 w  -            Chorus                                   | CHORUS. ODE. I. What chief is he, who moved along;
      290911    687 w  -            CHARIOTEER OF RHESUS, CHORUS.            | CHARIOTEER OF RHESUS, CHORUS. CHA. Alas! intolerable stroke 
      295331    726 w  -            HECTOR, CHARIOTEER OF RHESUS, CHORUS.    | HECTOR, CHARIOTEER OF RHESUS, CHORUS. HEC. O ye accursed aut
      300094   1059 w  -            _The_ MUSE _appears in the air_, HECTOR, | _The_ MUSE _appears in the air_, HECTOR, CHORUS. CHOR. High 
      306941   4327 w  -            The Trojan Captives                      | THE TROJAN CAPTIVES. PERSONS OF THE DRAMA. NEPTUNE. MINERVA.
      335688    134 w  -            Ode / Ode I                              | ODE. I. Prepare, O Muse, prepare a song Expressive of t
      336754    137 w  -            Ode II                                   | II. Then did all Phrygia’s race combine Through their devote
      337824    102 w  -            Ode III                                  | III. Then o’er the genial board, to her who reigns In woodla
      338594   1282 w  -            Andromache, Hecuba, Chorus               | ANDROMACHE, HECUBA, CHORUS. CHOR. Seest thou, Andromache, O 
      347423    838 w  -            Talthybius, Andromache, Hecuba, Chorus   | TALTHYBIUS, ANDROMACHE, HECUBA, CHORUS. TAL. O thou who erst
      352972    401 w  -            Chorus                                   | CHORUS. ODE. I. 1. In Salamis’ profound retreat
      356131    370 w  -            Menelaus, Hecuba, Chorus                 | MENELAUS, HECUBA, CHORUS. MEN. Hail, O ye solar beams, who o
      358427   1605 w  -            Helen, Menelaus, Hecuba, Chorus          | HELEN, MENELAUS, HECUBA, CHORUS. HEL. O Menelaus, this is su
      368758    433 w  -            ODE                                      | CHORUS. ODE. I. 1. E’en thus by too severe a doom,
      372080   1876 w  -            The Body of ASTYANAX                     | TALTHYBIUS, HECUBA, CHORUS. _The Body of_ ASTYANAX _borne in
      384436   6372 w  -            The Cyclops                              | THE CYCLOPS. PERSONS OF THE DRAMA. SILENUS. CHORUS OF SATYRS
      428270   3515 w  -            Helen                                    | HELEN. PERSONS OF THE DRAMA. HELEN. TEUCER. CHORUS OF GRECIA
      452224    536 w  -            Menelaus                                 | MENELAUS. O Pelops, in the strife on Pisa’s field, Who didst
      455555    832 w  -            FEMALE SERVANT, MENELAUS.                | FEMALE SERVANT, MENELAUS. FEMALE SER. Who at the threshold s
      461128    871 w  -            HELEN, CHORUS, MENELAUS.                 | HELEN, CHORUS, MENELAUS. CHOR. I heard what yon prophetic ma
      467123   5732 w  -            MESSENGER, MENELAUS, HELEN, CHORUS.      | MESSENGER, MENELAUS, HELEN, CHORUS. MES. After a tedious sea
      504560   1528 w  -            THEOCLYMENUS, CHORUS                     | THEOCLYMENUS, CHORUS (HELEN _and_ MENELAUS _behind the tomb_
      515180    437 w  -            Ode                                      | CHORUS. ODE. I. 1. O’er mountains erst with hasty tread
      518663    198 w  -            Helen, Chorus                            | HELEN, CHORUS. HEL. Within the palace, O my friends, we pros
      519930    706 w  -            Theoclymenus, Helen, Menelaus, Chorus    | THEOCLYMENUS, HELEN, MENELAUS, CHORUS. THEOC. Go forth, in s
      524462    360 w  -            Ode                                      | CHORUS. ODE. I. 1. Swift bark of Sidon, by whose dashing oar
      527282   1874 w  -            Theoclymenus, Messenger, Chorus          | THEOCLYMENUS, MESSENGER, CHORUS. MES. O king, I have discove
      539555   7316 w  -            Andromache                               | ANDROMACHE. PERSONS OF THE DRAMA. ANDROMACHE. ATTENDANT. CHO
      587367    239 w  -            Chorus                                   | CHORUS. ODE. I. My wish were this; or never to be born,
      589165    222 w  -            The Nurse of Hermione, Chorus            | THE NURSE OF HERMIONE, CHORUS. NUR. How doth a rapid series 
      590609    465 w  -            Hermione, Nurse, Chorus                  | HERMIONE, NURSE, CHORUS. HER. Ah me! these ringlets how will
      593694   1348 w  -            Orestes, Hermione, Chorus                | ORESTES, HERMIONE, CHORUS. ORE. Is this th’ abode of great A
      602454    279 w  -            Ode                                      | CHORUS. ODE. I. 1. Phœbus, thou god who with a mound
      604546    233 w  -            Peleus and Chorus                        | PELEUS, CHORUS. PEL. Answer my questions, O ye Phthian dames
      606055   1387 w  -            Messenger, Peleus, and Chorus            | MESSENGER, PELEUS, CHORUS. MES. What evil tidings do I bring
      615284    538 w  -            THETIS, PELEUS, CHORUS.                  | THETIS, PELEUS, CHORUS. THE. O Peleus, mindful of the ties w

21_35451.txt  ok  pieces 2  dropped 0  tries 1  toc None  chunks 13  $0.013
    class canonical | title 'The Project Gutenberg eBook of Medea of Euripides' | author 'Euripides' | date 1912 from '                                  1912'
    body 2197-101407 of 146196 (32% outside) | body_start '                              INTRODUCTION' | end matter 'NOTES TO MEDEA'
    contents None .. None at None-None
        2197   1995 w  -            Introduction                             | INTRODUCTION The _Medea_, in spite of its background of wond
       13623  14282 w  -            Medea                                    | MEDEA CHARACTERS OF THE PLAY MEDEA, _daughter of Ai

22_35173.txt  ok  pieces 1  dropped 0  tries 1  toc None  chunks 11  $0.012
    class canonical | title 'The Bacchae of Euripides' | author 'Euripides' | date 1906 from '1906'
    body 3931-94539 of 133306 (32% outside) | body_start 'THE BACCHAE' | end matter 'NOTES ON THE BACCHAE'
    contents None .. None at None-None
        3931  13534 w  -            The Bacchae                              | THE BACCHAE CHARACTERS IN THE PLAY DIONYSUS, THE GO

23_35171.txt  ok  pieces 2  dropped 7  tries 1  toc None  chunks 12  $0.013
    class published | title 'The Trojan Women of Euripides' | author 'Euripides' | date 1905 from '                               1905'
    body 3648-93379 of 138013 (35% outside) | body_start '                         INTRODUCTORY NOTE' | end matter '                    NOTES ON THE TROJAN WOMEN'
    contents None .. None at None-None
        3648   1066 w  -            Introductory Note                        | INTRODUCTORY NOTE Judged by common standards, the _Troaedes_
       10141  13263 w  -            The Trojan Women                         | POSEIDON. Up from Aegean caverns, pool by pool Of blue salt 
    7 piece(s) after the end matter dropped

24_5063.txt  ok  pieces 3  dropped 0  tries 1  toc None  chunks 11  $0.012
    class canonical | title 'The Iphigenia in Tauris of Euripides' | author 'Euripides' | date None from None
    body 1349-89740 of 131565 (33% outside) | body_start 'PREFACE' | end matter 'NOTES TO IPHIGENIA IN TAURIS'
    contents None .. None at None-None
        1349   1798 w  -            Preface                                  | PREFACE The Iphigenia in Tauris is not in the modern sense a
       11894  11075 w  -            The Iphigenia in Tauris                  | THE IPHIGENIA IN TAURIS [The Scene shows a great and barbari
       76150   2392 w  -            Chorus: Strophe                          | CHORUS. [STROPHE.] Oh, fair the fruits of Leto blow:

25_35170.txt  ok  pieces 1  dropped 0  tries 1  toc None  chunks 11  $0.011
    class canonical | title 'The Rhesus of Euripides' | author 'Euripides' | date 1913 from '                                  1913'
    body 4152-81272 of 121879 (37% outside) | body_start '                             INTRODUCTION' | end matter '                                  NOTES'
    contents None .. None at None-None
        4152  11848 w  -            Introduction                             | INTRODUCTION This short play needs rather a long introductio

26_8418.txt  ok  pieces 2  dropped 0  tries 1  toc None  chunks 16  $0.018
    class canonical | title 'Hippolytus; The Bacchae' | author 'Euripides' | date None from None
    body 3538-174422 of 193148 (12% outside) | body_start '    APHRODITE' | end matter 'Updated editions will replace the previous one—the old editions will'
    contents None .. None at None-None
        3538  13845 w  -            Hippolytus                               | HIPPOLYTUS OF EURIPIDES DRAMATIS PERSONAE THE GODDESS APHROD
       87516  13497 w  -            THE BACCHAE                              | THE BACCHAE OF EURIPIDES DRAMATIS PERSONAE DIONYSUS, THE GOD

27_library00apolgoog.txt  FLAGGED  pieces 3  dropped 100  tries 2  toc 6  chunks 70  $0.157
    class canonical | title 'THE LIBRARY' | author 'APOLLODORUS' | date 1921 from 'MCMXXI'
    body 4112-85228 of 829695 (90% outside) | body_start 'INTRODUCTIGN,' | end matter 'SYMBOLS EMPLOYED IN THE CRITICAL NOTES'
    contents 'CONTENTS' .. 'emigrates to Aetolia, and having there begotten a son' at 3689-85102
        4112   7036 w  -            INTRODUCTION / I.—Tue Autrnor ano His Bo | INTRODUCTIGN, ow I.—Tue Autrnor ano His Boog’ ΝΌΤΗΙΝΟ is pos
       46108    814 w  -            Manuscripts and Editions                 | II.—Manuscripts anp EpITions. 1. Manuscripts. A fair number 
       51215   5488 w  -            2. Editions.                             | 2. Editions. The first edition of the Library was published 
    MISSING 'BOOK Vl eh k Hoo Soe Re we OAR SO @ ee me See ὡθ0ὅ'
    MISSING 'VI.—TwHeE Famity or PELascus.'
    MISSING 'VII.—Tue Famity or ATLAs.'
    MISSING 'VIIIL—Tae Famity or Asopvus.'
    MISSING 'IX.—Tue Kinas or ATHENS.'
    MISSING 'X.—THESEUS.'
    MISSING 'Lio X1I.—Tuer Famity or PEevops.'
    MISSING 'XII.—ANTEHOMERICA.'
    MISSING 'XITI.—Tue ‘‘ Intap.”'
    MISSING 'ΓΞ XIV.—PostHoMERICA.'
    MISSING 'XV.—THE RETURNS.'
    MISSING 'XVI.—THE WANDERINGS oF ULYSSES.'
    MISSING '4 ρῳδίας ἐστέρησαν. Εὐτέρπης δὲ καὶ ποταμοῦ'
    MISSING '4 ᾿Απὸ δὲ Μυσίας ἀπῆλθον εἰς τὴν Βεβρύκων γῆν; -ἧς ἀξβασίλενεν ἼΑμυκος Ποσειδῶνος παῖς καὶ'
    100 piece(s) after the end matter dropped

28_apollodoruslibra02apol.txt  FLAGGED  pieces 141  dropped 46  tries 2  toc 4  chunks 105  $0.207
    class canonical | title 'THE LIBRARY' | author 'APOLLODORUS' | date 1921 from 'MCMXXI'
    body 658-611012 of 1248889 (51% outside) | body_start 'X. Ἴλτλαντος δὲ καὶ τῆς ᾽Ωκεανοῦ Ἰ]ληιόνης' | end matter 'APPENDIX'
    contents 'CONTENTS' .. 'INDEX' at 526-583
         658   2985 w  -            X.                                       | X. Ἴλτλαντος δὲ καὶ τῆς ᾽Ωκεανοῦ Ἰ]ληιόνης ἐγένοντο θυγατέρε
       18113   2783 w  -            The Library, III. x. 2-3                 | THE LIBRARY, III. x. 2-3 wishing to get the pipe also, Apoll
       34637    774 w  -            THE LIBRARY, IIIT. x. 3-4                | THE LIBRARY, IIIT. x. 3-4 pactica reports; Tyndareus, as Pan
       39177    617 w  -            III. x. 4-5                              | THE LIBRARY, III. x. 4-5 however, at the intercession of Lat
       43083   1611 w  -            III. x. 5-7                              | THE LIBRARY, III. x. 5-7 Tebrus, Hippothous, Eurytus, Hippoc
       52978     78 w  -            9                                        | 9 Πάτροκλος Μενοιτίου. τούτων ὁρῶν τὸ πλῆθος Τυνδάρεως ἐδεδο
       53538   1973 w  -            XI                                       | ΧΙ. Μενέλαος μὲν οὖν ἐξ “Ἑλένης ἹῬρμιόνην ἐγέννησε καὶ κατά 
       65330   1549 w  -            Chapter XII                              | XII. Ἠλέκτρας δὲ τῆς "Ἄτλαντος καὶ Διὸς Ἴασί t Δάρδ ἐγέ ἸΙασ
       74582   1409 w  -            THE LIBRARY, III. χη. 3                  | THE LIBRARY, III. χη. 3 cow and bade him found a city wherev
       82864   2196 w  -            THE LIBRARY, III. xn. 3-5                | THE LIBRARY, III. xn. 3-5 country ; and Ilus built a temple 
       96285   3510 w  -            Chapter 6                                | 6 APOLLODORUS wh » Φ 2 ὃ / \ ᾿ ,ὔὕ Extwp μὲν οὖν ᾿Ανδρομάχην
      117061   2044 w  -            Chapter XIII                             | XIII. Πηλεὺς δὲ εἰς Φθίαν φυγὼν πρὸς Βύρυ- τίωνα ὃ τὸν Ἄκτορ
      129125    971 w  -            Section 4                                | 4 Paper δὲ ὁ Πηλεὺς ΠΠολυδώραν τὴν Περιήρους, ἐξ ἧς αὐτῷ γίν
      134938    756 w  -            THE LIBRARY, III. xi. 5-6                | THE LIBRARY, III. xi. 5-6 and there the gods celebrated the 
      139266    792 w  -            THE LIBRARY, III. xin. 6-7               | THE LIBRARY, III. xin. 6-7 writhing on the fire, he cried ou
      143754   1091 w  -            THE LIBRARY, III. xm. 7-8                | THE LIBRARY, III. xm. 7-8 laid waste Ioleus; and he slaughte
      150295   1965 w  -            XIV. Κέκροψ αὐτόχθων                     | XIV. Κέκροψ αὐτόχθων, συμφυὲς ἔχων σῶμα ἀνδρὸς καὶ δράκοντος
      162084   1065 w  -            Chapter 3                                | 3 APOLLODORUS “Epons δὲ καὶ Ἑρμοῦ Κέφαλος, οὗ ἐρασθεῖσα "Has
      168465    661 w  -            III. xiv. 3-4                            | THE LIBRARY, III. xiv. 3-4 some people, founded Paphos; and 
      172434    663 w  -            III. xiv. 4                              | THE LIBRARY, III. xiv. 4 of Thias, king of Assyria, who had 
      176233    616 w  -            III. xiv. 4-6                            | THE LIBRARY, III. xiv. 4-6 However Adonis made over to Aphro
      180007   2143 w  -            III. xiv. 6                              | THE LIBRARY, III. xiv. 6 her; but she fled. When he got near
      192985    381 w  -            III. xiv. 7                              | THE LIBRARY, III. xiv. 7 Dionysus by Icarius, who received f
      195220    885 w  -            8                                        | 8 APOLLODORUS Πανδίων δὲ γήμας Ζευξίππην τῆς μητρὸς τὴν ἀδελ
      200471   1329 w  -            XV.                                      | XV. Πανδίονος δὲ ἀποθανόντος οἱ παῖδες τὰ πατρῷα ἐμερίσαντο,
      208806    538 w  -            Orithyia                                 | Ὡρείθυιαν δὲ παίξουσαν 8 ἐπὶ ᾿Γλισσοῦ ποταμοῦ ἁρπάσας Βορέας
      212019   2829 w  -            Chione                                   | Χιόνη δὲ Ἰ]Ποσειδῶνι, μίγνυται. ἡ δὲ κρύφα 1 ἐξ inserted by 
      228828    631 w  -            III. xv. 6-7                             | THE LIBRARY, III. xv. 6-7 oracle concerning the begetting of
      232537    701 w  -            III. xv. 7-8                             | THE LIBRARY, III. xv. 7-8 to Thebes to take part in the game
      236639   1173 w  -            III. xv. 8                               | THE LIBRARY, III. xv. 8 When the war lingered on and he coul
      243552   1364 w  -            Θησεὺς                                   | ΧΥ͂Ι. Θησεὺς δὲ γεννηθεὶς ἐξ Αἴθρας Αἰγεῖ παῖς, ὡς ἐγένετο "
      251448   2548 w  -            Τρίτην                                   | I. Τρίτην ἔκτεινεν ἐν Κρομμυῶνι σῦν τὴν καλου- μένην Φαιὰν ἀ
      266698     29 w  -            Epitome 1.10                             | E10 | Λυπούμενος δὲ Θησεὺς ἐ ἐπ᾽ ᾿Αριάδνῃ καταπλέων ἐπελάθετ
      266885    640 w  -            Epitome 1.11                             | ES 11 λέναε ῥίψας ἑαυτὸν μετήλλαξε. Θησεὺς δὲ παρέ- 1 > , | 
      270635     63 w  -            Epitome 1.12                             | E12 [Ὅτι Mivas, αἰσθόμενος, τοῦ φεύγειν τοὺς μετὰ Θησέως, Δα
      271018    555 w  -            Epitome 1.13                             | 13 δος λυθῇ. Ἴκαρος δὲ ἀμελήσας τῶν τοῦ πατρὸς ἐντολῶν ψυχαγ
      274263     66 w  -            Epitome 1.14                             | 14 Δαίδαλον δὲ ἐδίωκε Μίνως, καὶ καθ᾽ ἑκάστην χώραν ἐρευνῶν 
      274635    609 w  -            Epitome 1.15                             | 15 δίδωσιν: ὁ δὲ ἐξάψας μύρμηκος λίνον καὶ τρήσας τὸν κοχλία
      278347    795 w  -            16                                       | | Συστρατευσάμενος δὲ ἐπὶ ᾿Αμαζόνας Ηρακλεῖ ἥρπασεν ὃ ᾿Ι᾿Αντ
      283126     50 w  -            17                                       | 17 Ἱππόλυτον, λαμβάνει μετὰ ταῦτα παρὰ Δευκαλί- S vos Φαίδρα
      283459   1324 w  -            18                                       | ES 18 λέγουσιν ἀποθανεῖν." Φαίδρα δὲ γεννήσασα Θησεῖ δύο παι
      291356    750 w  -            Ixion fell in love with Hera / And These | E 20 Z 21 : APOLLODORUS [Ὅτε ὁ "T&wv “Hpas ἐρασθεὶς ἐπεχείρε
      295860    651 w  -            Caeneus was formerly a woman             | E 22 [Ὅτι Καινεὺς πρότερον ἣν γυνή, συνελθόντος δὲ αὐτῇ Ποσε
      299791     62 w  -            Θησεύς, Πειρίθῳ συνθέμενος               | 23 Ὅτι Θησεύς, Πειρίθῳ συνθέμενος Διὸς θυ- γατέρας “γαμῆσαι,
      300205    622 w  -            Θησεὺς δὲ μετὰ Πειρίθου                  | 24 τῶν ᾿Αθηναίων διδόασι τούτῳ. Θησεὺς δὲ μετὰ Πειρίθου παρα
      303856    669 w  -            II                                       | II. Ὅτι ὁ Τάνταλος ἐν “Atdov? κολάζεται, πέτρον ἔχων ὕπερθεν
      307695   1534 w  -            Pelops                                   | “Ὅτι Πέλοψ σφαγεὶς ἐν τῷ τῶν θεῶν ἐράνῳ καὶ καθεψηθεὶς ὡραιό
      316484    601 w  -            5                                        | 5 --1 APOLLODORUS ἀνῃροῦντο ὑπ᾽ αὐτοῦ. ἔχων; γὰρ ὅπλα τε καὶ
      320063     61 w  -            8                                        | 8 "Λαβὼν οὖν "Πέλοψ τὴν Ἱπποδάμειαν. καὶ διερ- χόμενος ἐν τό
      320443     37 w  -            9                                        | 9 παραγενόμενος δὲ ἸΤέλοψ' ἐπ᾽ ὠκεανὸν καὶ ἄγνι- σθεὶς ὑπὸ Ἡ
      320695   1169 w  -            ιῖιο                                     | ιῖιο Ὅτι viol Πέλοπος Πιτθεὺς ᾿Ατρεὺς Θυέστης καὶ ἕτεροι: γυ
      327765    750 w  -            Section 14                               | 14 αὐτὸν ἐκβάλλει. Θυέστης δὲ κατὰ πάντα τρόπον + ᾿Αγλαὸν Wa
      332193    728 w  -            Section 15                               | Tz 15 «Τὸν δ᾽ ᾿Αγαμέμνονα ὃ τροφὸς μετὰ τοῦ Μενελάου 1 οὖν F
      336456     47 w  -            S 16                                     | S 16. ᾿Αγαμέμνων δὲ βασιλεύει Μυκηναίων καὶ γαμεῖ Τυνδάρεω θ
      336783   1901 w  -            III                                      | III. Αὖθις δὲ ᾿Βλένην ᾿Αλέξανδρος ἁρπάξει, ὥς τινες λέγουσι 
      347889    660 w  -            EPITOME, πὶ. 6-7                         | S 6 oD) APOLLODORUS Μενέλαος δὲ αἰσθόμενος τὴν ἁρπαγὴν ἧκεν 
      351780     93 w  -            EPITOME, tu. 8-10                        | E 8 APOLLODORUS \"O7 ᾿Οδυσσεὺς λαβὼν αἰχμάλωτον Φρύγα ἠνάγκα
      352382    569 w  -            The daughters of Anius                   | Ι0 “Oru θυγατέρες ᾿Ανίου τοῦ “᾿Απόλλωνος ’EXals 1 We should 
      355695    796 w  -            The armament mustered in Aulis           | 11 | Συνηθροίξετο δὲ ὁ στρατὸς ἐν Αὐλίδι. οἱ δὲ στρατεύσαντε
      360359    512 w  -            The Greek forces                         | 12 μινίων" Αἴας ὁ Τελαμώνιος" ἦγε ναῦς ιβ΄. ᾿Αργείων Διομήδη
      363548     77 w  -            Μυρμιδόνων ᾿Αχιλλεὺς Πηλέως καὶ Θέτιδος  | 14 Μυρμιδόνων ᾿Αχιλλεὺς Πηλέως καὶ Θέτιδος ν΄. / Α ἐκ Φυλάκη
      364003     77 w  -            Ὅτι ὄντος ἐν Αὐλίδι τοῦ στρατεύματος     | ES τό | Ὅτι ὄντος ἐν Αὐλίδι τοῦ στρατεύματος, θυσίας / > / 5
      364427    444 w  -            καὶ πλεῖν παρεσκευάζοντο ἐπὶ Τροίαν.     | 16 καὶ πλεῖν παρεσκευάζοντο ἐπὶ Τροίαν. ᾿Αγαμέ- μνων οὖν αὐτ
      367254    573 w  -            τὸν μηρὸν τιτρώσκεται δόρατι.            | 18 τὸν μηρὸν τιτρώσκεται δόρατι. τῆς δὲ Μυσίας ἐξελθόντες “Ἕ
      370704     22 w  -            Συνελθόντων δὲ αὐτῶν ἐν Ἄργει            | 19 Συνελθόντων δὲ αὐτῶν ἐν Ἄργει αὖθις μετὰ τὴν ῥηθεῖσαν ὀκτ
      370844   1323 w  -            δυνατὸς δεῖξαι τὴν εἰς “Ῥροίαν.          | 20 δυνατὸς δεῖξαι τὴν εἰς “Ῥροίαν. Τήλεφος δὲ ἐκ τῆς “Μυσίας
      378601     24 w  -            23                                       | E 23 0: δὲ ἀναχθέντες ἐξ Αὐλίδος προσέσχον '“ενέδῳ. ταύτης ἐ
      378749     41 w  -            24                                       | 24 φυγαδευθεὶς ἐνταῦθα ὃ κατῴκει. Κύκνος γὰρ ἔχων ἐκ ἸἹΤροκλ
      379031    610 w  -            25                                       | 25 ὄνομα. Κύκνος δὲ πιστεύσας, ἐνθέμενος αὐτὸν μετὰ τῆς ἀδελ
      382652     34 w  -            26                                       | 26 Προσπλέοντας οὖν Τενέδῳ τοὺς “Ἕλληνας ὁ ὁρῶν Τένης ἀπεῖργ
      382886    584 w  -            27                                       | 27 ἐὰν κτεῖνῃ Τένην. τελούντων δὲ αὐτῶν ᾿Απόλ- Awve θυσίαν, 
      386359    844 w  -            28                                       | ES 28 | ᾿Αναχθέντες δὲ ἀπὸ τῆς Τενέδου 1 προσέπλεον 7 pola, 
      391395    646 w  -            30                                       | ES 30 βάλλοντες πέτροις ἀποβῆναι. ἐκώλυον. | τῶν δὲ ᾿Βλλήνων
      395151     41 w  -            B91                                      | B91 Πρωτεσιλάου δὲ τελευτήσαντος, ἐκβαίνει μετὰ Μυρμιδόνων ᾿
      395432    663 w  -            32                                       | 32 Τρῶας ἐπολιόρκουν' ἀνέλκουσι δὲ τὰς ναῦς. μὴ θαρρούντων δ
      399428    658 w  -            33                                       | 33 αἱρεῖ δὲ καὶ Λέσβον καὶ Φώκαιαν, εἶτα Κολο- “Ὁ \ 4 \ \ \ 
      403376     65 w  -            35                                       | 35 φλαγόνων Πυλαιμένης Βιλσάτου,, ἐκ Zerias Πάνδαρος Λυκάονο
      403834   1541 w  -            IV.                                      | IV. ᾿Αχιλλεὺς δὲ μηνίων ἐπὶ τὸν πόλεμον οὐκ ἐξηει διὰ Βρισηΐ
      413380    684 w  -            V. 1                                     | V. | "Ore Πενθεσίλεια, ᾿Οτρηρῆς καὶ ἔΑρεος, ἀκουσίως Ἱππολύτ
      417594    951 w  -            V. 2                                     | [Ὅτι Μέμνονα 25 τὸν Τιθωνοῦ καὶ ᾿Ηοῦς μετὰ πολλῆς Αἰθιόπων δ
      423279    768 w  -            EPITOME, v. 3-5                          | EPITOME, v. 3-5 was shot with an arrow in the ankle by Alexa
      427847    722 w  -            EPITOME, v. 5-6                          | EPITOME, v. 5-6 of Achilles filled the army with dismay, and
      432174    371 w  -            EPITOME, v. 6-7                          | EPITOME, v. 6-7 as a prize to the bravest, and Ajax and Ulys
      434378    904 w  -            8                                        | E 8 |’ ‘Hoy δὲ ὄντος τοῦ πολέμου δεκαετοῦς ἀθυμοῦσι ES τοῖς 
      439447   1350 w  -            9                                        | 9 ανδρον τοξεύει. τούτου δὲ ἀποθανόντος εἰς ἔριν ἔρχονται “Ἕ
      447710     21 w  -            12                                       | 12 πλίαν πολλοὺς τῶν Τρώων a ἀναιρεῖ. ἀφικνεῖται δὲ ὕστερον 
      447850    700 w  -            13                                       | 13 σαντα Νεοπτόλεμος ἀπέκτεινεν. ᾿Οδυσσεὺς δὲ μετὰ Διομήδους
      451997    878 w  -            14                                       | 14 στερον δὲ ἐπινοεῖ δουρείου ἵππου κατασκευὴν καὶ ὑποτίθετα
      457166    763 w  -            Section 15                               | 15 ἐπιοῦσαν νύκτα καταπλεῖν. οἱ δὲ πείθονται καὶ \ \ » / a /
      461528     30 w  -            Section 16                               | 16 Ἡμέρας δὲ γενομένης ἔρημον οἱ Τρῶες τὸ τῶν «ς / Ελλήνων σ
      461722     48 w  -            Section 17                               | 17 στήσαντες ἐβουλεύοντο τί χρὴ ποιεῖν. Κασάνδρας δὲ λεγούση
      461995     27 w  -            Section 18                               | 18 τραπέντες ἐπὶ θυσίαν εὐωχοῦντο. ᾿Απόλλων δὲ a a \ αὐτοῖς 
      462151   1965 w  -            Section 19                               | 19νήσων τοὺς Λαοκόωντος υἱοὺς κατεσθίουσιν. ὡς δὲ ἐγένετο νὺ
      473741   1419 w  -            Epitome, v. 23                           | ES 23 3 Κτείναντες δὲ τοὺς Τρῶας τὴν πόλιν ἐνέπρησαν καὶ τὰ 
      482467   1540 w  -            VI                                       | VI. ᾿Αγαμέμνων καὶ Μενέλαος ἐφιλονείκουν, Meve- λάου λέγοντο
      491505    629 w  -            EPITOME, vi. 5-7 .                       | EPITOME, vi. 5-7 . After sacrificing, Agamemnon put to sea a
      495222    659 w  -            EPITOME, vi. 7-11                        | EPITOME, vi. 7-11 For Palamedes, the son of Nauplius and Cly
      499211    776 w  -            EPITOME, νι. 12-13                       | EPITOME, νι. 12-13 After remaining in Tenedos two days at th
      503803    784 w  -            EPITOME, vi. 13-14                       | EPITOME, vi. 13-14 succeeded to his father’s kingdom. And wh
      508495    756 w  -            EPITOME, νι. 14                          | EPITOME, νι. 14 at Delphi. But some say that he went to Delp
      512930    408 w  -            EPITOME, νι. 15                          | EPITOME, νι. 15 After their wanderings the Greeks landed and
      515387     53 w  -            15a                                      | TZ 15a «902: ᾿Απολλόδωρος δὲ καὶ οἱ λοιποὶ οὕτω φασί: Τοουνε
      515712   1252 w  -            15b                                      | 1» <911: Μετὰ δὲ τὴν Ἰλίου πόρθησιν Μενεσθεὺς Φείδιππός τε κ
      523235    592 w  -            E16                                      | E16 | “Δημοφῶν δὲ Θρᾳξὶ Βισάλταις μετ᾽ ὀλίγων νεῶν προσίσχει
      526742     59 w  -            17                                       | 17 ἀπελπίσῃ τῆς πρὸς αὐτὴν avodov.! Δημοφῶν δὲ ἐλθὼν εἰς Κύπ
      527116     31 w  -            18                                       | 18 Ποδαλείριος δὲ ἀφικόμενος εἰς Δελφοὺς ἐχρᾶτο ποῦ κατοικήσ
      527346    495 w  -            19                                       | 19 ᾿Αμφίλοχος δὲ ὁ ᾿Αλκμαίωνος, κατά τινας ὕστερον παραγενόμ
      530333     37 w  -            20                                       | 20 Λοκροὶ dé μόλις τὴν ἑαυτῶν καταλαβόντες, ἐπεὶ μετὰ τρίτον
      530570    657 w  -            21                                       | 2] Κλεοπάτρα. αὗται δὲ εἰς Τροίαν ἀφικόμεναι, διωκόμεναι παρ
      534563     39 w  -            22                                       | 22 καὶ ἀνυπόδετοι. τῶν δὲ πρώτων ἀποθανουσῶν ἄλλας ἔπεμπον" 
      534830    648 w  -            23                                       | ES 23 [᾿Αγαμέμνων δὲ καταντήσας εἰς Μυκήνας μετὰ Κασάνδρας ἀ
      538809     65 w  -            24                                       | 24 Κασάνδραν. ᾿Ηλέκτρα δὲ pia τῶν ᾿Αγαμέμνονος ,ὕὔ ᾽ / \ > \
      539147    637 w  -            25                                       | 25 τοῦτο δὲ τοῦ θεοῦ ἐπιτρέποντος " ἀπέρχεται εἰς Μυκήνας * 
      542944     48 w  -            26                                       | ES 26 | ’Epopevm) δὲ αὐτῷ, πῶς ἂν ἀπαλλαγείη τῆς νόσου, ὁ θε
      543204   1468 w  -            27                                       | ES 27 ἀναφερόμενον ἐξ “Ardov. | παραγενόμενος οὖν εἰς 1 For 
      551859    907 w  -            28                                       | ES 28 κατὰ χρησμὸν ἐν τείχει καθοσιωθῆναι." | καὶ δὴ E ἐλθὼν
      557124    596 w  -            VII.                                     | VII. ‘O δὲ Ὀδυσσεύς, ὡς μὲν ἔνιοι λέγουσιν, ’ a \ , ς \ ὃλ \
      560449     45 w  -            2                                        | 2 ᾿Αναχθεὶς δὲ ἀπὸ ᾿Ιλίου προσίσχει πόλει Kixo- νων ᾿Ισμάρῳ 
      560739     59 w  -            3                                        | 8 χθεὶς ἔφευγε. καὶ καταντᾷ εἰς τὴν Λωτοφάγων χώραν καὶ πέμπ
      561121   1085 w  -            4                                        | 4 Καταλιπὼν δὲ τὰς λοιπὰς ναῦς ἐν τῇ πλησίον νήσῳ, μίαν ἔχων
      567351     53 w  -            9                                        | 9 Tas ἐκείνου χεῖρας. ἣν δὲ λόγιον Κύκλωπι εἰρη- μένον ὑπὸ μ
      567624    177 w  -            10                                       | 10 ᾿Αναχθεὶς δὲ συμπάσαις <vavol>' παραγίνεται , a εἰς Αἰολί
      568534    419 w  -            12                                       | 12 Πλέων οὖν κατῆρε πρὸς Λαιστρυγόνας, Kal... τὴν ἑαυτοῦ ναῦ
      570908     56 w  -            13                                       | 13 καὶ αὐτοὺς “ἄγει πρὸς τὸν πατέρα. ὁ δὲ ἕνα μὲν αὐτῶν ἁρπά
      571257     44 w  -            14                                       | 14 Μίαν δὲ “ἔχων ναῦν Aiain νήσῳ προσίσχει. ταύτην κατῴκει Κ
      571537     46 w  -            15                                       | 15 καλούσης δὲ αὐτῆς χωρὶς , Εὐρυλόχου πάντες εἰσίασιν. ἡ δ᾽
      571820    508 w  -            16                                       | 16 Εὐρύλοχος δὲ ἰδὼν ταῦτα ᾿Οδυσσεῖ ἀπαγγέλλει. ᾿ Wagner con
      574729     50 w  -            17                                       | 17 ἐνιαυτὸν δὲ μείνας ἐκεῖ, mEVTAaS” τὸν ᾿Ωκεανόν, σφάγια τα
      575024    643 w  -            18                                       | 18 Παραγενόμενος δὲ πρὸς Κίρκην ὑπ᾽ ἐκείνης προπεμφθεὶς ἀνήχ
      578619    727 w  -            19                                       | 19 ἔπειθον καταμένειν τοὺς παραπλέοντας. εἶχον δὲ ἀπὸ τῶν μη
      582950     46 w  -            20                                       | 20 Μετὰ δὲ τοῦτο παραγίνεται ἐπὶ δισσὰς ὁδούς. ἔνθεν μὲν ἦσα
      583228    607 w  -            21                                       | 2] κυνῶν. ἐν δὲ θατέρῳ [τῷ σκοπέλῳ] ἡ ἣν Χάρυβδις, i) τῆς ἡμ
      586751     36 w  -            22                                       | 22 ἐκεῖθεν δὲ ἐχθὼν εἰς Θρινακίαν νῆσον οὗσαν Ἡλίου, ἔνθα βό
      586983     74 w  -            23                                       | 23 κεραυνῷ ἔβαλε. λυθείσης δὲ τῆς νεὼς ᾽Οδυσσεὺς τὸν ἱστὸν κ
      587500    496 w  -            25                                       | 25 éxBpaocerat. Ναυσικάα δέ, ἡ τοῦ βασιλέως θυγάτηρ. ᾿Αλκινό
      590401     20 w  -            26                                       | 26 ᾿Οδυσσεὺς δὲ παραγενόμενος εἰς τὴν πατρίδα εὑρίσκει τὸν ο
      590547     60 w  -            27                                       | 27 μὲν νζ΄. ᾿Αμφίνομος Θόας Δημοπτόλεμος ᾿Αμφί- μαχος Εὐρύαλ
      591045    408 w  -            28                                       | 28 Λεστορίδης, Νικόμαχος Πολυποίτης Κεραός. ἐκ δὲ Σάμης κγ΄ 
      594043     28 w  -            30                                       | 30 Περίφας᾽ ‘Oppevos Πόλυβος, ᾿Ανδρομήδης. ἐκ δὲ αὐτῆς ᾿Ιθάκ
      594271     43 w  -            81                                       | 81 Οὗτοι πορευόμενοι εἰς τὰ βασίλεια δαπανῶντες τὰς ᾽Οδυσσέω
      594563   2677 w  -            32                                       | 32 τῆς Πηνελόπης, μέχρις ὅτε ἐφωράθη. ᾽Οδυσσεὺς δὲ μαθὼν τὰ 
    MISSING '5 αὖθις δὲ γαμεῖ Θέτιν τὴν'
    MISSING '19 ράξασα κατεψεύσατο ἹἹππόλυτου βίαν. Θησεὺς'
    MISSING '29 τους μὲν ἔσωσεν'
    MISSING 'B91 Πρωτεσίλαου δὲ τελευτήσαντος, ἐκβαίνει μετὰ'
    MISSING '84 ᾿Ενναετοῦς δὲ χρόνου διελθόντος παραγίνονται'
    MISSING '10 χειρωσάμενος ἐπὶ τὸ στρατόπεδον ἤγαγε· καὶ'
    MISSING ']. Ταῦτα * ἀκούσαντες Ελληνες ὃ τὰ μὲν Πέλοπος'
    MISSING '94 «(Exel δὲ ἀποδέχεται Καλυψὼ θυγάτηρ '
    MISSING '94 «(Exel δὲ ἀποδέχεται Καλυψὼ θυγάτηρ '
    MISSING '29"Irავos’ Λύαμμος. ἐκ δὲ Ζακύνθου μδ΄. Εὐρύ- '
    MISSING '84 Θύσας δὲ '
    46 piece(s) after the end matter dropped

30_heroidesamores00ovid.txt  FLAGGED  pieces 41  dropped 44  tries 2  toc 3  chunks 75  $0.150
    class canonical | title 'HEROIDES    AND    AMORES' | author 'OVID' | date 1914 from 'MCMXIV'
    body 11874-531509 of 898566 (42% outside) | body_start 'P.  OVIDI  NASONIS  HEROIDES' | end matter 'MANUSCRIPTS    AND    EDITIONS'
    contents 'CONTENTS' .. 'INDEX 509' at 958-1014
       11874   2143 w  -            opening / Penelope to Ulysses            | P. OVIDI NASONIS HEROIDES i Penelope Ui.ixi Hanc tua Penelop
       26000   3393 w  -            Phyllis Demophoonti                      | II Phyllis Demophoonti Hospita, Demophoon, tua te Rhodopeia 
       47703    216 w  -            Briseis to Achilles                      | III Briseis Achilli Quam legis, a rapta Briseide littera ven
       49221   3026 w  -            III                                      | III Briseis to Achilles From stolen Briseis is the writing y
       68444   3383 w  -            Phaedra Hippolyto                        | IV Phaedra Hippolyto Quam nisi tu dederis, caritura est ipsa
       90382   3102 w  -            Oenone to Paris                          | Oenone Paridi 2 Perlegis ? an coniunx prohibet nova ? perleg
      110322   3688 w  -            VI                                       | VI Hypsipyle Iasoni Litora Thessaliae reduci tetigisse carin
      134089   4156 w  -            Dido Aeneae                              | VII Dido Aeneae Sic ubi fata vocant, udis abiectus in herbis
      160841   2644 w  -            Hermione Oresti                          | VIII Hermione Oresti 1 Pyrrhus Achillides, animosus imagine 
      177999    324 w  -            Deianira to Hercules                     | IX Deianira Herculi Gratulor Oechaliam titulis accedere nost
      180241    391 w  -            11                                       | 11 More than Juno, Venus has been your banc. The one, by cru
      182940    496 w  -            27                                       | 27 Yet I am said to be well mated, because I am called the w
      186241    288 w  -            47                                       | 47 Is this too little for me to endure ? You add to it your 
      188000    464 w  -            73                                       | 73 They say that you have held the wool-basket among the gir
      191260   1262 w  -            101                                      | 101 These deeds can you recount, gaily arrayed in a Sidonian
      199402   5811 w  -            Heroides X                               | X Ariadne Theseo Minus inveni quam te genus omne ferarum ; c
      236317    693 w  -            Medea to Jason                           | XII Medea Iasoni At tibi Colchorum, memini, regina vacavi, a
      240944     98 w  -            21                                       | 21 'Tis some pleasure to reproach the ungrateful with favour
      241537    110 w  -            29                                       | 29 Aeetes welcomes to his home the Pelasgiau youths, and you
      242202    351 w  -            39                                       | 39 Meanwhile the condition is imposed that you press the har
      244615    172 w  -            51                                       | 51 Aeetes had spoken ; in gloom you all rise up, and the hig
      245721    511 w  -            67                                       | 67 There is a grove, sombre with pine-trees and the fronds o
      248886    384 w  -            89                                       | 89 Words like these — and how slight a part of them is here 
      251466    139 w  -            101                                      | 101 Then, 1<> and behold ! all a-bristle with rattling scale
      252332    116 w  -            113                                      | 113 But thee, O my brother, I did not leave behind as I fled
      252975   1850 w  -            121                                      | 121 Would the Symplegades had caught and crushed us out toge
      264728   3182 w  -            Laodamia to Protesilaus                  | XIII Laudamia Protesilao. Mittit et optat amans, quo mittitu
      285408   2677 w  -            Hypermestra Lynceo                       | XIV Hypermestra Lynceo Mittit Hypermestra de tot modo fratri
      302853   1314 w  -            Sappho to Phaon                          | XV Sappho Phaoni 1 Ecquid, ut adspecta est studiosae littera
      311359    484 w  -            Section 51                               | 51 Now new prey is yours — the maids of Sicily. What is Lesb
      314500    279 w  -            Section 71                               | 71 Last cause of all are you for my complaint. My craft is n
      316163    566 w  -            Section 97                               | 97 I write, and my eyes let fall the springing tears like dr
      319607    358 w  -            Section 123                              | 123 You, Phaon, are my care ; you, my dreams bring back to m
      322023    246 w  -            Section 135                              | 135 But when Titan shows his face and lights up all the eart
      323498   1162 w  -            Section 157                              | 157 There is a sacred spring, bright and more transparent th
      331089   7676 w  -            Paris Helenae 1                          | XVI Paris Helenae 1 Hanc tibi Priamides mitto, Ledaea, salut
      380251   5270 w  -            XVII: Helen to Paris                     | XVII Helene Paridi Nunc oculos tua cum violarit epistula nos
      413790   4120 w  -            Leander Heroni                           | XVIII.. Leander Heroni Mittit Abydenus, quam mallet ferre, s
      440151   4291 w  -            XIX                                      | XIX Hero Leandro Quam mihi misisti verbis, Leandre, salutem 
      467615   4991 w  -            Acontius Cydippae                        | XX Acontius Cydippae Pone metum ! nihil hie iterum iurabis a
      499126   5067 w  -            Cydippe Acontio                          | XXI Cydippe Acontio Pertimlt, scriptumque tuum sine murmure 
    MISSING 'I'
    MISSING 'II'
    MISSING 'IV'
    MISSING 'VI'
    MISSING 'VI'
    MISSING 'XV'
    MISSING 'IV'
    MISSING 'V'
    MISSING 'XI'
    MISSING 'XV'
    MISSING 'XV'
    MISSING 'INDEX—HEROIDES'
    MISSING 'INDEX—HEROIDES'
    44 piece(s) after the end matter dropped

31_historicallibra00bootgoog.txt  FLAGGED  pieces 385  dropped 0  tries 2  toc 10  chunks 181  $0.388
    class canonical | title 'THE  HISTORICAL  LIBRARY' | author 'DIODORUS THE  SICILIAN,' | date 1814 from '1814,.'
    body 7562-2104845 of 2161997 (3% outside) | body_start 'PREFACE.' | end matter 'CONTENTS.'
    contents 'jtUxoiidcr  comes  to  Babylon.  J%e  wealth  found  there.  FUws ' .. 'PhiUp  invades  Thrace.' at 646042-415510
        7562   3470 w  -            CHAP. I.                                 | CHAP. I. drtaxcrxcs's expedition against Evagoras, in Cyprus
       31077   3302 w  -            Chapter II                               | CHAP. n. 3fn9Uviea besieged by tlie Lacedcemanians. Dionysiu
       53846   1720 w  -            Pelopidas sent general by the LacecUsmon | CHAR III. Pelopidas sent general by the LacecUsmonians again
       65922   2796 w  -            Chap. m.                                 | Chap. m. DIODORUS SICUItTS. SI Whilst these things were acti
       85002   1694 w  -            Chapter IV                               | CHAP. IV. 7!%t TribalUans make incursions into Thrace. Chabr
       96743   3967 w  -            Chapter V                                | Chap. V. DIODORUS SICULU8. . SI CHAP. V. The Persiam send an
      123837   4140 w  -            Artaserxes tends again to nuAe peace amo | CHAP. VL Artaserxes tends again to nuAe peace among the Ored
      152393   2189 w  -            Chapter VII                              | CHAP. vn. JTke Lacedaemonians send Polytropus into Arcadia; 
      167352    961 w  -            Chapter VII                              | Chap. VII. mODORUS SICULUS. 63 J -■■ I ■ ' ■ Tlie TliehaDs h
      173975   2390 w  -            Chapter VIII                             | CHAP. VIIL Dionysitts sends Gauls ami Spaniards to the assis
      190323   2013 w  -            Chapter 9: New quarrels in Greece        | CHAP. IX, Neiv quarrels in Greece. TVte battle betioeeii the
      204294   5219 w  -            The tear between the Tegeans and Mantine | CHAP. X. The tear between the Tegeans and Mantineans. The Bc
      239858    482 w  -            Book XVI / Preface                       | BOOK XVI. PREFACE. XT is the duty of all writers of history,
      243002   1621 w  -            Chapter 1                                | CHAP, I. Philip J a hostage at Thehesj mahes his escape; hea
      254278   1520 w  -            The actions of Dio7v/siifs the younger^  | CHAP. 11. The actions of Dio7v/siifs the younger^ in Sicily 
      264611   2402 w  -            Dion's march and entry into Syracuse     | CHAP. III. tttoi'5 march and entry hUf) St/racJtst\ Ditvwsht
      280820   2329 w  -            Thejirst rise of the Brutii in Itjah/    | CHAP. IV. Thejirst rise of the Brutii in Itjah/, Dionymts^s 
      296559    712 w  -            The continuance of the Social War.       | CHAP. V. The continuance of the Social War. Tphicrates and T
      301524   2346 w  -            The beginning of the Sacred or Phocian w | CHAP. VI. Thcbegmning of the Sacred or P/iocian war. Philome
      317154   3105 w  -            Chapter VII                              | CHAP. VII. The battle at PhiBdra, between P/dlomelus and the
      338410   1310 w  -            Phayllus continues the Phocian war       | CHAP. Vlll. Fhaylius cmitinues ilie Phodan war. Aryca razed.
      347541   5223 w  -            Chapter VIII                             | Chdp. nil. mODORUS STCULUS. 1 13 tions performed by his valo
      383023   4735 w  -            CHAP. X.                                 | CHAP. X. Philip takes Olf/uthns, and other cities in the Ilt
      415156   2188 w  -            Chapter XI: Timoleon's expedition into S | CHAP. XI. itimaleoH*s expedition into Sicily. The Carthagini
      430294   1612 w  -            Chapter XII                              | CHAP. XII. The cbCts ofTimolean in Sicily. The preparations 
      441361   2568 w  -            Chapter XIII                             | CHAP, XIII. 3ni^ Athemayis aid Byzantium. Philip raises tlie
      458883   2189 w  -            Elatea taken by Philip.                  | CHAP. XIV. Elatea taken by Philip. Great consternations in A
      473853   1922 w  -            Phil^ consults the oraek at Delphos.     | CHAP, XV. Phil^ consults the oraek at Delphos. Marries his d
      486788    301 w  -            PREFACE.                                 | PREFACE. THE former book, being the sixteemh of our history,
      488810   5923 w  -            CHAP. I.                                 | CHAP. I. I Conspiracies of the eiiies agmnst Alexander. The 
      528651   4379 w  -            Alexander lands his army in Asia*        | CHAP. It. Alexander lands his army in Asia* The battle at Gr
      558226   4328 w  -            Mittflene taken by Memnon, Darius's gene | CHAP. III. Mittflene taken by Memnon, Darius's general. His.
      587092   3613 w  -            ^kxamder marches towards Egypt           | CHAP. IV. ^kxamder marches towards Egypt: besieges TSfte. Pr
      611745   4547 w  -            CflAP. V.                                | CflAP. V. Maamder tnakes u journey to tie temple of Jupiter 
      642157    170 w  -            The Grecians conspire to revolt.         | army; arc routed by Antipater, and Agis their king killed* A
      643361   7437 w  -            Alexander comes to Babylon.              | Macedonia into Thrace^ against Memnon. Things thus falling o
      693556   2538 w  -            Alexander nutrchrs against the Parcpamis | CHAP. IX. Alexander nutrchrs against the Parcpamisades. His 
      710587  10256 w  -            jfltxander avertomes Ponu.               | CHAP. X. jfltxander avertomes Ponu. How jfyes are tai^n, Sif
      779266   2376 w  -            CHAP. XII.                               | CHAP. XII. / Ambassadors come to Alexander from all parts. H
      795235    306 w  -            Preface                                  | PREFACE. HAGORAS the SamiaD^ and some others of the antlent 
      797337   4678 w  -            Chapter 1: Quarrels about a successor to | Leosthenes killed: Antiphilus placed iti his room. V^EN Ceph
      829313   5049 w  -            Ptolemy gains Egypt.                     | CHAP. II. Ptolemy gains Egypt. Leagues with jint^paier. Lysi
      863675   6366 w  -            Chapter III                              | CHAP. IIL JDtanr^dn of Alexander's fimeral chariot Ptolemy h
      906696   5364 w  -            CHAP. IV.                                | CHAP. IV. Antigonus routs Alcetas in Pisidia, ami takes Atta
      942886   6516 w  -            CHAP. V.                                 | CHAP. V. ^Bkfperchcn courts Eumenes to assist the kings. Bur
      986994    625 w  -            Preface                                  | PREFACE. IT is an old sayings (brought down to us by traditi
      991170   6572 w  -            Chapter I                                | CHAP. I. /igaikocles^i parentage and educaiian: Mm rhk: hU s
     1035604  10884 w  -            Chapter II                               | CHAP. n. AnHganus marches to the Tigris after Eumenes, Eurne
     1108146   4266 w  -            ZTiff inundaiions at Rhodes.             | CHAP, m. ZTiff inundaiions at Rhodes. Aniigcfmis kills Pytho
     1136787   4341 w  -            CHAP. IV,                                | CHAP. IV, Afitigwfcus's miny feasted by &leueus in Babylon. 
     1166306   1099 w  -            Chapter V                                | CHAP. V. The acts of Jhristodemus, jtntigcnus*s general in P
     1173927    980 w  -            Chapter IV                               | OlmF. f^^ PI0Q0RU6 SICUJJJftfk 977 II • ■ .1 Ji , mJ" ...^. 
     1180706    895 w  -            Chapter V                                | €HUp. V. DIODORUS 8ICULU8. S79 r , , , ^ssssKSsssssSsxsssass
     1186759   5754 w  -            CHAP. VI.                                | CHAP. VI. Several eities revolt; Lysimachus comes against th
     1225579   6158 w  -            Chapter II                               | CAap. n. DI0D0RU8 SICULU9. 3^' But Lyciscusy who far exceede
     1266483   2385 w  -            Cassander^ Ptolemy ^ and Lysimachus, mak | CHAP. VH. Cassander^ Ptolemy ^ and Lysimachus, make peace mt
     1282489    741 w  -            PREFACE.                                 | PREFACE. THOS£ who stuff tbeir histories witb^long and tedio
     1287375   5902 w  -            Aguth/tkhs demgm to invade Africa.       | CHAP. I. Aguth/tkhs demgm to invade Africa. His crudty purtu
     1326862  21445 w  -            Chap. L                                  | Chap. L DI0D0RU8 8ICULU8. 4fi5 hatred of the CarthaginiaDs^ 
     1469866   1911 w  -            Chapter IV                               | CHAR IV, AnHgonus^s march into Egi/pt. A thvtpest near Uaphi
     1482538   2023 w  -            Chapter IV: Diodorus Siculus             | Chap. IV. DIODORUS SICULUS. 47* afterwards mightily enlarged
     1496112   2634 w  -            Chap. IK                                 | Chap. IK DioDORUs siculus, 477 dure the utmost extremity; an
     1513795   9206 w  -            Chapter V                                | CFIAP. V. j?7ie siege of Rhodes conthiKeiL The acts of the s
     1575574    675 w  -            A FRAGMENT                               | A FRAGMENT Ota of the Sixth Aook of the Bibliotheca of Diodo
     1580145    379 w  -            Fragment concerning the Corinthian kingd | A FRAGMENT. ge Monachusy or the Monk^ who wrote a history in
     1582789    333 w  -            Fragment concerning the origin of the Ro | A TRAGMENT. IVie same George of the origin of the Romans, ou
     1584916    190 w  -            Book XXI / Book XXI, Fragment 1          | BOOK XXI, 1. ALL vice is to be avoided by every wise man, bu
     1586208     56 w  -            Book XXI, Fragment 2                     | 2. A^aMiocles, king of Sicily, burnt all the Macedonian flee
     1586563     92 w  -            Book XXI, Fragment 3                     | S. Agathoclt s, being returned to the re^t of his artny from
     1587182    196 w  -            Book XXI, Fragment 4                     | 4. Afrathocles rigged out a great fleet, and sailed into Ita
     1588497     20 w  -            Book XXI, Fragment 5                     | 5. Diallus the Athenian writer composed a general history li
     1588643     27 w  -            Book XXI, Fragment 6                     | 6. In the war against the Hetruscans, Gauls, and Samnites» a
     1588842     54 w  -            Book XXI, Fragment 7                     | 7. Antipater, out of envy, killed his own mother. Alexander^
     1589228    149 w  -            Book XXI, Fragment 8                     | 8. AgathotUs raised an army, and sailed over into Italy, wit
     1590217     22 w  -            Book XXI, Fragment 9                     | 9. Nf ost generals of armies, when they are brought into str
     1590373     34 w  -            Book XXI, Fragment 10                    | 10. When the Thebans made a second defectkm^ Demetrius bat- 
     1590594     64 w  -            Book XXI, Fragment 11                    | 11. Agathocles sent hisson Agathocles to Demetrius, to enter
     1591016   1038 w  -            Book XXI, Fragment 12                    | 12. King Agathocles, after a long peace between him and the 
     1597906     30 w  -            13.                                      | 13. For they who are not members of the democratical govem--
     1598099     21 w  -            14.                                      | 14. It is a commendable thing to be ever terrible to an enem
     1598227    133 w  -            15.                                      | 15. Since at that time, when you knew not what was best and 
     1599061     22 w  -            16.                                      | 16. Offences are to be forgiven, and peace to be kept for th
     1599197     19 w  -            17.                                      | 17. Not they that offend, but they who repeot not of their o
     1599320     59 w  -            18. / 19.                                | 18. Mercy and kindness annong men, is more aotient than wntk
     1599699    174 w  -            20.                                      | 20. Covetousness being naturally ingrafted in men, uo man ca
     1600851     42 w  -            21.                                      | 21. It does not become any man to have more regard to stran-
     1601111     30 w  -            1.                                       | 1. IT is the natural property of the Epirots, not only fo fi
     1601301    370 w  -            2.                                       | 2. Decius, the Roman tribune governor of Rhegium, to revenge
     1603833     16 w  -            3.                                       | 3. King Ptolemy was killed by the Gaus^ and the whole Madedo
     1603941     32 w  -            4.                                       | 4. A Cadmean victory is a proverb^ meant when the conquerors
     1604149     58 w  -            5.                                       | 5. Phintias, the builder of Phintia, and tyilunt of Agrf^ntt
     1604502     22 w  -            6.                                       | 6. Hicetas, after he had reigned nine years at Syracuse, ifr
     1604645     15 w  -            7*                                       | 7* Thynion and Sosistratus^ the successors of Hicetas^ sent 
     1604758     59 w  -            8.                                       | 8. The Mamertines^ who treaeberously murdered the Messaniand
     1605171     67 w  -            9.                                       | 9. The Carthaginians entered into a league with the RomHns^ 
     1605606     45 w  -            10.                                      | 10. When Thynion had the command of the Island*, and Sosistr
     1605898    461 w  -            1 1.                                     | 1 1. Pyrrhus made war in Italy for the space of two years an
     1609078    269 w  -            12. / 13.                                | 12. The port of Corinth is called LtchsBum. 13. Brennus, kin
     1610859    774 w  -            11.                                      | 11. But Pyrrhus, when he had settled all things at Syracuse 
     1616058    821 w  -            Section 15                               | 15. When the Mamertines in Messana grew strongs tliey fortif
     1621560     27 w  -            Book XXIII / Section 1                   | BOOK XXIIL 1. SICILY h one of the finest islands in the worl
     1621737    343 w  -            Section 2                                | 2. Hanno, the son of Hannibal, as aoon as he arrifed in Siei
     1624051     26 w  -            Section 3                                | 3. The Romans at first bore four-square shields, but afterwa
     1624242     61 w  -            Section 4                                | 4. When the consul landed at Metsana, Hiero, suspecting thai
     1624644    202 w  -            Section 5                                | 5. When both consuls arrived in Sicily, they besieged the ci
     1626069     27 w  -            Section 6                                | 6. The Romans, after they had besieged the towns called Adro
     1626258    130 w  -            Section 7                                | 7* The i£gestines, who were the first brought under tjie pow
     1627196    127 w  -            8.                                       | 8. After the siege of Agrigentum, Hanno the elder brought ov
     1628064    414 w  -            9.                                       | 9. There was likewise the eity Entella. .^ -jl .^ Hanno tber
     1630813     21 w  -            10.                                      | 10. A prudent man oughl either to resolve to conquer^ or els
     1630943     60 w  -            1 1.                                     | 1 1. All men in time of adversity are apt to be more religio
     1631316   1172 w  -            12.                                      | 12. It is much more easy to get the advantage of an enemy, w
     1639205   1478 w  -            vooKxxiy.                                | vooKxxiy. THfi Oartfiaginiaqs, after t^y had ra«ed the city 
     1649082    256 w  -            Book XXV                                 | 8t8 tilt ntAOMCNfS ov .fiOOKXXV. feiMCtJRUS th« t)hn(Nk>pher
     1650857    615 w  -            Section 24                               | 24 But Amilcar the Carthaginian general in a shoft time lOcf
     1654938    141 w  -            3.                                       | 3. The CehsB and the Gauls entering into a war with the Ronl
     1655868     22 w  -            4.                                       | 4. Hiero, king of Syracuse, supplied the Romans with corn ia
     1656006    185 w  -            5.                                       | 5. The army being in went of a general after Asdrubal was sl
     1657202    450 w  -            BOOK XXVI.                               | BOOK XXVI. THERE never was any poet or historian, nor any le
     1660242     32 w  -            2.                                       | 2. For as a brave champion, after he has spent much time iq 
     1660444     24 w  -            3.                                       | 3. Menodotus the Corinthian wrote the affairs of Greece in f
     1660606     49 w  -            4. / 5.                                  | 4. Among the Romans a legion consisted of five thousand men.
     1660932     55 w  -            (j.                                      | (j. The city of Rhodes bemg ruined by a great earthquake^ Hi
     1661299     17 w  -            7*                                       | 7* That which i^ now called Philopolis^ was heretofore paUed
     1661418    114 w  -            8.                                       | 8. For <oft beds, constant delicate ^e, and the use of all t
     1662217    250 w  -            BOOK XXXI.                               | BOOK XXXI. WHILE these things were doiog, ambassadors came t
     1663892    485 w  -            2.                                       | 2. At length ^Emilius took Perseus, the last king of Macedon
     1667108    864 w  -            3.                                       | 3. The kings of Cappadocia say that they sprung from CynM^ k
     1672971    100 w  -            4.                                       | 4. For statues are erected to such Romans as are of noble fa
     1673636     90 w  -            5.                                       | 5. Memmius* was sent general with the army into Spain. But t
     1674250   1757 w  -            1.                                       | 1. ALEXANDER fled out of the fight witli five himtlrcd mm to
     1685777    193 w  -            Manassesk                                | 3. ^laiiassesk (called Masinis^a by the Latins) who reigned 
     1687042     42 w  -            Nioomedes                                | I. Nioomedes after he had routed his father Prusias, and for
     1687324    347 w  -            The Lusitanians                          | 5. The Lusitanians at first not having an expert general, we
     1689707    470 w  -            BOOK XXXIV. / KING Antiochus             | BOOK XXXIV. 1. KING Antiochus* besieged Jerusalem, But the J
     1692811   6545 w  -            The afliiirs of Sicily                   | 2. The afliiirs of Sicily after the overthrow of_Cartbage—.—
     1736478     41 w  -            FROM THE SAME.                           | FROM THE SAME. was a CDstom among the Roman soldiers .^That 
     1736741   1300 w  -            BOOK XXXVIL                              | BOOK XXXVIL THE Marsian war took its name from the authors o
     1745559    421 w  -            2.                                       | 2. And now that the KUfslao war was M an ehdj a second great
     1748433    314 w  -            FROM THE SAME.                           | FROM THE SAME. CTNNA and Marius*, ealUog together a council 
     1750534   1169 w  -            BOOK XL                                  | BOOK XL. being aboQt to write of the war against the Jewa, w
     1758419    109 w  -            BOOK VI                                  | *BOOKVI. 1. CASTOR and Pollux^ who were also called Dioscuri
     1759182     18 w  -            2. Epopeus                               | 2. Epopeus, king of Sicyon, cliallenging the godato m cnmhat
     1759311     23 w  -            Sisyphus                                 | Su Sisyphus is said to excel all others in craft and cunniog
     1759465     50 w  -            4. SalmoneuB                             | 4. SalmoneuB^ king of Elis, was proud and proihney the gods,
     1759796     18 w  -            5. Tyro                                  | 5. Tyro, they say, was Salmoneus's daughter, who was ao calk
     1759919     67 w  -            6. Adnietu8                              | 6.'Adnietu8) for bis justice and piety, was ao- approved ond
     1760348    231 w  -            7. MelampQs / 8. When Troy was taken     | 7* MelampQs was beloved by ApoHo^ for his eminent virtues en
     1761836     64 w  -            9. Romulus Sylvfius                      | f 9. Romulus Sylvfius was exceeding pitHid all the days of b
     1762250     60 w  -            10. Malachus                             | 10. About this time, one Malachus became king of the chy of 
     1762657     87 w  -            11. Lycurgtis                            | 11. Such was the eminent virtue of L»ycui^tts> that once whe
     1763286    132 w  -            12. The Elians                           | 12. Whereas the Elians were full of strong And useful fiien,
     1764181    134 w  -            13. Romulus and Remus                    | 13, The twg iKotbers, Romulus aiiJ Remus, being tbu$ exposed
     1765114    362 w  -            14. Polychares                           | 4. Polychares the Messcnian, a man of noble birth, and W h, 
     1767635    199 w  -            15. Archias                              | 15. Archias the Corinthian falling in love with Actseon, fir
     1768907    102 w  -            16. Agatliocles                          | 16. Agatliocles, to whom was committed the care of buildihg 
     1769604     56 w  -            17. Pompilius                            | 17. Pompilius, king of Rome, lived , peaceably all his d^s^ 
     1769962     21 w  -            18. Diodes                               | 18. Diodes, king of the Medes, when all sorts of wickedness 
     1770103    238 w  -            19. The Sybarites                        | VJ, The Sybarites -were addicted to gluttony and voluptuousn
     1771676     51 w  -            20. Hippometieji                         | 20, Hippometieji, archon of Athen^t, when bts daughter had p
     1772014    102 w  -            21. Arcesihus                            | :3L Arcesihus, kine of Cyrene, hein^ grievously aMieted with
     1772730     48 w  -            22                                       | 22. Demonax of Mantinea^ was the arbitrator to allay the sed
     1773061     94 w  -            23                                       | 23. Lucius Tarquinius, king of the Romans, being carefully e
     1773713    217 w  -            24                                       | 24. Solon was the son of Exechestides ; he was an Athenian, 
     1775158     52 w  -            25                                       | 25. There was one Myson of Malea, living in a town called Ch
     1775488     78 w  -            26                                       | 26. Chilo lived according to his doctrine, which is a thing 
     1775981    133 w  -            27                                       | 27. Pittacus Mitylene, was a man not only to be adn)ired for
     1776858    208 w  -            28                                       | 2S. The Prienians say That Bias having redeemed fr^om the ha
     1778209     85 w  -            29                                       | 29. Cyrus, ilie son of Camhyscs and Mandane, nephew to Astva
     1778763    140 w  -            30                                       | ^0. Astyages, king of the Medes^ being beaten in a battle, a
     1779666     26 w  -            31                                       | 31. Cyrus, they say, was not only valiant against the enemy,
     1779846    155 w  -            32                                       | 32. One Adrastus a Phrygian, by casting a dart at a l)oar lo
     1780847     73 w  -            33                                       | 33. Croesus, king of Lydia, pretending to send Eurybatas the
     1781338     77 w  -            34                                       | 34. Cyrus believing that CroesUs was a religious man, becaus
     1781836     26 w  -            35                                       | 85* Servius Tullius king of Rome reigned forty-four years, a
     1782019    252 w  -            36                                       | 3G. When Thericles was chief magistrate at Athens in the six
     1783669    395 w  -            S7. The Pythagoreans                     | S7. Th« PytlHigofeilns (if any cf their society fall ifllto 
     1786275     97 w  -            58. The Pythagoreans                     | SB. The Pythagoreans 'had a great art in improving iheir lli
     1786942     77 w  -            59. These philosophers                   | S9. These philosophers inured themselves to absttnciiee bylU
     1787489    164 w  -            40. Pythagoras                           | 40. Pythagoras commanded his disciples to forbear taking an 
     1788557     72 w  -            41. One Cylo of Crotona                  | <41. One Cylo of Crotona, the most wealthy and eminent man o
     1789038     73 w  -            42. Lysis the Pythagorean                | 42. Lysis the Pytliagorean, going to Thebes in Boeotia, beca
     1789537    242 w  -            43. To write the lives of persons        | 43. To write the lives of persons in former ages is indeed a
     1791118    148 w  -            44. Cambyses                             | 44. Cambyses was naturally furious and even a madman^ and th
     1792139     55 w  -            45. Certain Lydians                      | 45. Certain Lydians flying away to avoid the tyrannical gove
     1792527    152 w  -            46. Thessalus                            | 46*. Thcssalus the son of Pisistratus, a wise and prudent aw
     1793609    252 w  -            47. Zeno of FMsy                         | ■ 47. Zeno of FMsy being seized upon for a conspiracy agai A
     1795171    446 w  -            48. Sextus                               | 48 Sextus, the son of Lucinius Tarquinius, kiqgof the Romans
     1798093     85 w  -            50* Theron of Agrigentum, for wealth and | 50* Theron of Agrigentum, for wealth and nobilitjr of birtli
     1798640     91 w  -            52. Cimon was very eminent when he was a | 52. Cimon was very eminent when he was a civil nagistii^ and
     1799267    593 w  -            1. ANTICIONUS                            | 1. ANTICIONUS, from a private man, advanoed to the state ani
     1803243     51 w  -            5. King Demetrius                        | 5. King Demetrius, after he had forced the rest of the caiti
     1803610    322 w  -            7. Timieus                               | 7. Timieus was a bitter censprer of former historians, jret 
     1805815    137 w  -            8. Callias                               | 8. Callias, likewjse a Syracusan, deserves as much to be cen
     1806734     53 w  -            9. After the mercenary soldiers*         | 9. After the mercenary soldiers* had agreed with the Syracit
     1807108    173 w  -            10. When Demetrius was a prisoner at Pel | 10. When Demetrius was a prisoner at PelIa,JLysimachus sent 
     1808249    624 w  -            BOOK XjpL / 1. WH£N a ganiaoo was pot in | BOOK XjpL 1. WH£N a ganiaoo was pot into Rhcgi«a hf liie Kdu
     1812478    705 w  -            BOOK XXIII.                              | BOOK XXIII. 1 . I LOOK upon it as the duty of an historian d
     1817215    852 w  -            BOOK XXIV.                               | BOOK XXIV. 1. CLODIUS coming into Sicily, as soon as he had 
     1822904    421 w  -            Book XXV                                 | BOOK XXV. ] . THE Carthaginlansy who bad been at war with th
     1825775    688 w  -            Book XXVI                                | BOOK XXVI. 1. HANNIBAL was naturally of a warlike spiriti an
     1830483    209 w  -            10. Tlie Carthaginians, after they had m | 10. Tlie Carthaginians, after they had made an end of the Li
     1831920    131 w  -            12* Nahts^ king of Laceds^monj murdct>cd | 12* Nahts^ king of Laceds^monj murdct>cd Pelop^^ ibe eon of 
     1832792     37 w  -            13. The Cretans fitted cot seyen ships f | 13. The Cretans fitted cot seyen ships for pimcjr^ wni rohbe
     1833080    556 w  -            14. Pleminius was left governor of Locri | 14. Pleminius was left governor of Locris by Scipio^ aa4 beo
     1836871    110 w  -            15. Scipio, when he saw Syphax among oth | 15. Scipio, when he saw Syphax among other prisonet-s led up
     1837602    148 w  -            IG. Sophonisba, who was the wife of Masi | IG. Sophonisba, who was the wife of Masinissa^ and afterward
     1838604     28 w  -            1 /• Scipio, through his clemency and co | 1 /• Scipio, through his clemency and compassion towards all
     1838799    103 w  -            18. Hannibal called together his confede | 18. Hannibal called together his confederates, and told them
     1839455     55 w  -            J 9. Four thousand horse of those that w | J 9. Four thousand horse of those that went over to Masiniss
     1839799    221 w  -            20. Scipio sent ambassadors to Carthage, | 20. Scipio sent ambassadors to Carthage, but the common peop
     1841263     60 w  -            21. Philip, king of Macedon*, persuaded  | 21. Philip, king of Macedon*, persuaded Picoeardus the iGtoI
     1841693    123 w  -            22. Philip the Macedonian kingf^ had wit | 22. Philip the Macedonian kingf^ had with him one Heraclides
     1842515    226 w  -            23                                       | 23. This king Philip of Macedon, be^des his rooted covetousn
     1844037     67 w  -            24                                       | 24. Th6 saifie Philip being in extreme want of prbriMdiij ob
     1844525     92 w  -            25                                       | 25. Philip entering into Attica, encamped at CyotiMrges, and
     1845137     58 w  -            26                                       | 26: Philip perceiving he was hated by altiiost all th^ ttiei
     1845551     30 w  -            27                                       | 27* The name and fame of Hannibal, was ciibulated Of«r afftl
     1845756    110 w  -            28                                       | 28. Ptolemy, king of Egypt, for some time reigoed irith grei
     1846487    107 w  -            29                                       | 29. There is a temple not far from Chalcis, called Delium, l
     1847201    112 w  -            30                                       | 30. Antiochus wintered at Demetrius *, where he laid aside a
     1847942    119 w  -            31                                       | 31. King Antipchus Cfteiog the cities of Thessaly inclining 
     1848743    114 w  -            32                                       | 32. Antiochus, wholly disheartened by his late rout, determi
     1849486     58 w  -            33                                       | 33. Marcus Fulvius the prfBtor§, was deservedly punished for
     1849882    116 w  -            34                                       | 34. King Antiochus being in want of money, and hearing there
     1850678    145 w  -            3S                                       | 3S« Philopoemen, governor of Achaia, was both au ^aLcdlent a
     1851649    319 w  -            3G                                       | 3G. Hannibal was the most expert general, and p^rfgnoed dm g
     1853795     77 w  -            37                                       | 37. P. Scipio, when he was but very young, performed great a
     1854320    109 w  -            38                                       | 38. Leocritus, general of king Pharnaccs, after he had often
     1855042     41 w  -            39                                       | 39. Seleucus having raised a great army, and on his march to
     1855295    130 w  -            40                                       | 40. But they who had committed such a notoriously wicked act
     1856147     63 w  -            41                                       | 41. Tiberius Gracchus being sent lieutenant-general into Spa
     1856580     68 w  -            42                                       | 42. Paulus ,£tniiitt8, tht coilsvl and |ltitrott iDf ^ lfaQe
     1857065    279 w  -            43                                       | 43. Antiochus*, n0w recently Hdvanced to the ihrdoe of Syris
     1858881     45 w  -            44                                       | 44. After Eumenes was way^laid, and tiews eametoi that he wa
     1859193     81 w  -            45                                       | 45. Cptys, king of Thhice, was valiant in war, aDdpradetttia
     1859746     91 w  -            4G                                       | 4G. Perseus havidg taken Chlilesfta by-stonh, piit all tiiit
     1860361    168 w  -            47                                       | 47. Charopes the £pirot, and son of that Chari[ypiis who in 
     1861506    105 w  -            48                                       | 48. King Eumenes being out of all hopes of taking Abdera, wh
     1862188    112 w  -            49                                       | 49. When an opportunity was put into the hands of Perseus to
     1862899     80 w  -            50                                       | 50. Fersens, lodkfaif npon all to be lort^ and hdng aitegsll
     1863468     48 w  -            51                                       | 51. Perseus in the mean time pulling down all the golden i a
     1863776     63 w  -            52                                       | 52. At this time the Cydoniates§ committed a moat impioan ns
     1864189     61 w  -            53                                       | 53. King Antiochus, when he had routed die JSgypdanayOnd nri
     1864607    159 w  -            54                                       | 54. But we cannot (observing the method we hi^ve pmpoaadia o
     1865646     27 w  -            55                                       | 55. Kiog AntiochcM seemed to all to be a prudent and active 
     1865830     79 w  -            56                                       | 56. When Perseus understood that a choice body of Gauls liad
     1866383     75 w  -            57                                       | 57. Paulus iEmilius, as soon as he had received the legions,
     1866861    106 w  -            58                                       | 58. Perseus desirous to have many to go along with him, when
     1867542     58 w  -            59                                       | 59. Alexander was of a far different temper from Perseus^ fo
     1867944    108 w  -            60                                       | 60. After the flight of Perseus, Lucius iEmilijos begaii to 
     1868644     91 w  -            61                                       | 61. iSmilius, by his civil and courteous u^ge qf P^rseus^ en
     1869251    297 w  -            62                                       | 62. For in former times when the Romans had overcome those t
     1871317     31 w  -            6S                                       | 6S. The senate decreed the Macedonians and Illyrians to be f
     1871513     37 w  -            64                                       | 64. Perseus thus thrown into the gaol, miserably ended hisdi
     1871778     94 w  -            G5                                       | G5. The general of the Gauls being retuucd Irom the pursnit 
     1872434    164 w  -            66                                       | 66, Eumenes,far difierent from Perseus, not only paid his so
     1873569    145 w  -            67                                       | 67. Some of the counsels and acts of Antiochus were both pri
     1874511    377 w  -            68                                       | 68. And in thestate, grandeur, and variety of those famous g
     1876979     80 w  -            69                                       | 69. When the solemnity was ended, Tiberius Gracchus arrived 
     1877504    177 w  -            70                                       | 70. Ptolemy being driven out of his kingdom, and on his jour
     1878662    110 w  -            Section 71                               | 7 1 Antipater having breathed out hU last m the midsC of the
     1879407     56 w  -            Section 72                               | ' 72. Philopater, surnamed Ariarathes, being now come to the
     1879788    112 w  -            Section 73                               | 73. When Ariarathes had restored Mithrobuzanes to his father
     1880601    113 w  -            Section 74                               | 74. Lucius iEmilius, who conquered Perseus, and was fi consu
     1881360    635 w  -            Section 75                               | 73. Such as i^imilius was reported for his wealth while he l
     1885622    763 w  -            Section 76                               | 7G. But Seipio followed another course of life, dnd combatin
     1890658    153 w  -            After the Romans had conquered Perseus   | 77* After the Romans had conquered Perseus, (orratherCbarope
     1891679    156 w  -            Orophcrnes having deposed his brother Ar | 78. Orophcrnes having deposed his brother Ariarathes» wbeo h
     1892726    127 w  -            Ptolemy the elder                        | 79. Ptolemy the elder, having presently by the multitude of 
     1893558     76 w  -            When Orophernes discerned that his afiai | 80. When Orophernes discerned that his afiairs declined much
     1894087    171 w  -            Prusias king of Bithynia                 | 81. Prusias king of Bithynia, being altogether disappointed 
     1895237    179 w  -            The Cretans arriving at Siphnos          | 52. The Cretans arriving at Siphnos, besieged the city, and 
     1896434    495 w  -            Philip the son of Aroyntas               | 53. Philip the son of Aroyntas, coming to a kingdom then sub
     1899759     28 w  -            The Romans make it their great care      | 84. The Romans make it their great care, that the wars they 
     1899949     93 w  -            Publias Scipio                           | 85. Publias Scipio, (who was afterwards simamed Africanus, a
     1900599     89 w  -            When there were only three Ronaans kille | 86*. When there were only three Ronaans killed in the skirmi
     1901173     84 w  -            The counterfeit Philip                   | 8/. The counterfeit Philip, having beaten the Romans in a gr
     1901743     33 w  -            The Romans had such a kiudness for Publi | 88. The Romans had such a kiudness for Publius Scipio, tluU 
     1901953     72 w  -            Calphurnius the consul                   | . 89. Calphurnius the consul, after he had some towns delmre
     1902446     21 w  -            90.                                      | 90. King Prusias being both of an ugly visage, and a mean an
     1902590    123 w  -            91.                                      | 91. After the taking of Carthage, Scipio gave liberty to the
     1903426    192 w  -            92.                                      | 92. In our time Caius Julius Ceesar, sirnamed for the greatn
     1904720     81 w  -            93.                                      | 93. Viriathixsof Lusitania, the captain of therobb^ft, wt^jt
     1905304     26 w  -            94.                                      | 94. Plautius the Roman prietoi^ greatly misgoverned his prov
     1905504     33 w  -            95.                                      | 95. In Syria, king Alexander, being far unfit for to high a 
     1905715    454 w  -            96.                                      | 96. The kingdom of Syriaf, being now brought low, .add De* m
     1908783    237 w  -            97.                                      | 97. The Aradiansf growing high crested and insolept, abused 
     1910494    105 w  -            98.                                      | 98. Ptolemy Physcon, the brother of Philometor, began hb rei
     1911211    317 w  -            99.                                      | 99. Viriathus, when at his marriage many gold and silver eup
     1913383     34 w  -            100.                                     | 100. Demetrius, while he staid at Laodicea, spent his time i
     1913609     76 w  -            101.                                     | 101. Tiie Cnossians contended for the sovereignty of the isl
     1914114     74 w  -            102.                                     | 102. But in Egypt, king Ptolemy for his cruelty, was hated b
     1914589     93 w  -            103                                      | 103. At the time when Ptolemy, (after the solemn muiper of t
     1915223    414 w  -            104                                      | 104. After Diegylis king of Thrace, came to the thiooe, be w
     1918032    199 w  -            105                                      | 105. When Attains understood that Diegylis was liated by all
     1919359    248 w  -            106                                      | 106. When Pom pey was preparing to besiege the city Laghus, 
     1921099    115 w  -            107                                      | 107- Aisaces king of the Parthians being a mild and graciotu
     1921857    219 w  -            108                                      | 108, Variaihus was buried by the Lusitanians with great pomp
     1923348     84 w  -            109                                      | 109, Ptolemy for his cruelty, murders, filthy lusts^ and def
     1923882     27 w  -            110                                      | 1 10, Tiie ^Egyptians altogether condemned Ptolemy when they
     1924078     37 w  -            111                                      | iU. ^milius* the consul being of a heavy and unweildy bodyj^
     1924339    839 w  -            Section 1                                | \ . ABOUT this time there arose so great a mutiny and sediti
     1929999    269 w  -            4. There was one Damophilus              | 4* There was one Damophilus of Euna, a wealthy man, bttt wp 
     1931824    398 w  -            5. The barbarity and cruelty of this Dam | ^ 5. The barbarity and cruelty of this Damophilu$ was such, 
     1934438    243 w  -            9. In Asia                               | 9. In Asia, Attalus being newly come to thecrowni began to m
     1936057     81 w  -            10. Tiberius Gracchus                    | 10k Tiberius Gracchus was the son of Tiberius who bad lif#rf
     1936583     23 w  -            11. The Syrian slaves                    | 11. The Syrian slaves cut off the hands of those they toolT 
     1936729     70 w  -            12. The senate                           | li» The senate dreading the anger of the | onstilted it^t Si
     1937219    152 w  -            13. Gorgus                               | 13< Gorgus was of Morgantium*, surnamed Camhalus, a principa
     1938197    175 w  -            Zibelmius                                | 14. Zibelmius the son of Diegylis following his father's ste
     1939443    203 w  -            Ptolemy Physcon                          | 15. Ptolemy Physcon, when he saw his sister Cleopatra was so
     1940785     91 w  -            Atheneus                                 | .16. Atheneus, Antiochu^'s general, in a short time met with
     1941360     73 w  -            HegelochnSjgeneral                       | 17> HegelochnSjgeneral of Ptolemy Physcon, sent against llai
     1941866     72 w  -            Evemerus                                 | IS. Evemerus, king of Parthia, born in Hyrcania, exceeding a
     1942351     61 w  -            Alexander surnamed Zabinas               | 19. Alexander surnamed Zabinas, when those renowned captains
     1942795    169 w  -            When Caius Sextius had taken the city of | 20. When Caius Sextius had taken the city of the Gauls, ands
     1943877    140 w  -            Alexander                                | 21. Alexander not being very confident of the multitude, bot
     1944830    147 w  -            After Caius Gracchus was killed          | 22. After Caius Gracchus was killed by the hands of his own 
     1945775    192 w  -            In Libya                                 | 23. In Libya the two kings drew up their armies one against 
     1947061   1328 w  -            Publius Scipio Nasica                    | 24. Publius Scipio Nasica, the consul, was a man reoovned bo
     1956016    319 w  -            I. THE rebellious slaves                 | I. THE rebellious slaves did not only Wast6 and destroy Sici
     1958115     76 w  -            2. Saturninus                            | 2. Saturninus the tribune being a man of profuse life, and q
     1958630    114 w  -            3. Whereas for two years together        | 3. Whereas for two years together in every public assembly Q
     1959443    410 w  -            4.'The RomMi fomiftrly                   | 4.'The RomMi fomiftrly, bdttg guMtWi hyj|diid mA WhidesdH^ l
     1962289    141 w  -            5. QutDtus Mutltu Scaevdiii              | 5. QutDtus Mutltu Scaevdiii used his utmost endcavoiir to te
     1963252   1685 w  -            6. Mutius Scttvolsi                      | 6. Mutius Scttvolsi mahftging his government with all possib
     1974593    427 w  -            8.                                       | 8. Caias Marlqs was the most renowned person of any of his t
     1977439    139 w  -            9.                                       | 9. Lucius Cornelius Merula, who was chosen consul in the roo
     1978373    180 w  -            10.                                      | 10. Lucius Sylla, being greatly straitened for want of moBey
     1979528    240 w  -            11.                                      | 11. Fimbria, having out-run Flaccus, and got a loag way befo
     1981145     90 w  -            12.                                      | 12. Fimbria, having again ei^ossed thfe Hdlcspont, afrimated
     1981774    100 w  -            13.                                      | 13. The same Fimbria being admitteci itito Cyzicum, professi
     1982411    222 w  -            14.                                      | 14. Cn. Pompeius addicted' ItiMsdf to marVial afltifrS) at^d
     1983985     93 w  -            15.                                      | 15. Lucius Scipio's army being corrupted, revolted, and went
     1984608    103 w  -            16.                                      | 16. Id the mean time the persons of the greatest quality at 
     1985275    148 w  -            17*                                      | 17* The names of those that were proscribed being fixed up i
     1986232    256 w  -            18.                                      | 18. Cneius Pompeius, being a long time pretor in Sicilyj app
     1987963    290 w  -            BOOK XXXVIL / Fragment 1                 | BOOK XXXVIL 1. IN the reign of TuUus Hostilius, king of the 
     1989924     32 w  -            Fragment 2                               | 2. When Cambyses, king of Persia, was lord of all Egypt, the
     1990159    183 w  -            Fragment 3                               | 3. Hie ambassadors that were sent from Nabis and Flamininds*
     1991370    465 w  -            Fragment 4                               | 4. The senate again gave audience to the Grecian ambassadoni
     1994492     83 w  -            Fragment 5                               | 5. As to the yEtolian ambassadors that sought for peace, the
     1995057     96 w  -            Fragment 6                               | (). Antiochus, hearing that the Romans had passed over into 
     1995674    119 w  -            Fragment 7                               | 7« Antiochus prooused PuUiiis Scipio^ tiie preaSitet of tlia
     1996423     91 w  -            Fragment 8                               | S. In Rome, before the overthrow of Antbchus, die ambMsadofs
     1997065    163 w  -            Fragment 9                               | 9. Antioclius, laving aside all thoughts of war, sent ambass
     1998166    162 w  -            10.                                      | 10. After the overthrow of Antiochus, there came ambassadon 
     1999303     32 w  -            1 L                                      | 1 L When the Galatian^^ ambassadors came 10 Onehis MaDlius i
     1999515     29 w  -            i2.                                      | i2. The same coming 'i mo tLycaoiua, brovght oom that was iv
     1999709    139 w  -            IS.                                      | IS. The general Assembly of the Achaians coming together in 
     2000694    129 w  -            14.                                      | 14. Ambassadors coming to Rome from the >king8 and pisinces 
     2001612    100 w  -            15.                                      | 15. llie defrauding of creditors in Thessaly setting all in 
     2002306     37 w  -            16.                                      | 16. When Arpalus, Perseus's ambassador was silent, die so fa
     2002564     56 w  -            17*                                      | 17* The same day the senate decreed the war against Peiaais^
     2002947    118 w  -            18.                                      | 18. Ptolemy§, king of E^t, knovring that hia aneeatofi M bee
     2003760    227 w  -            19.                                      | 19. Ambassadors came to Rome from Rhodes to clear tbcmsdias 
     2005292     34 w  -            20.                                      | 20. About this time came ambassadors to Rome from all parts 
     2005548    126 w  -            21                                       | 21. About this time there being many ambassadors arrived, th
     2006443    241 w  -            22                                       | 22 Prussias became unworthy of the royal dignity, spent his 
     2008044     86 w  -            23.                                      | 23. Ambassadors came to Rome both from the yoonger and the e
     2008613     83 w  -            24.                                      | 24. About the one hundred and fifty-fifth olympiad, ambassad
     2009189     74 w  -            25.                                      | 25. At the same time ambassadors came from Demetrius bKngi^f
     2009672     55 w  -            26.                                      | 26. The Celtiberians,** after the victory, wisely foresctiog
     2010041    390 w  -            When the Romans were at war with the Car | 27* When the Romans were at war with the Carthaginiaiu, At C
     2012884    109 w  -            Tiie Romans being unmoveable in their de | 28. Tiie Romans being unmoveable in their decrees as to the 
     2013631    316 w  -            The Aradiaiis, supposing they had got an | 29. The Aradiaiis, supposing they had got an opportunity to 
     2015858    177 w  -            The Numantiansf and Termissianst         | SO. The Numantiansf and Termissianst sent anihassadon to the
     2017104    216 w  -            Tryphon§ from a private man being made k | 31. Tryphon§ from a private man being made king, all he coul
     2018595    460 w  -            There come with Scipio Africanus other a | 32. There come with Scipio Africanus other ambassadors to Al
     2021817    171 w  -            Bocchus, king of Libya                   | Sd Bocchus, king of Libya, having sharply rebuked those that
     2022973    802 w  -            Ambassadors came from king Mithridates t | 34. Ambassadors came from king Mithridates to Home, with a g
     2028490    643 w  -            Alexander marching throttgh a dry countr | SUP. I. Alexander J marching throttgh a dry country , loses 
     2032673    498 w  -            Alexander destroyed all the Brmchtdas, f | SUP. n. Alexander destroyed all the Brmchtdas, fas trmtam to
     2035955   1928 w  -            SUP. III.                                | T%e kmg led his mrmg against the Sogdians and Segfihians. Ar
     2048877    343 w  -            The Sogdian noblemen                     | SUP^ IV. 7f%€ Sogdian noblefnen, being led fwth to he put to
     2051114    337 w  -            Alexander punished the Bactrians         | SUP, V, Alexander punislied the Bactrians, and subdued the S
     2053410    673 w  -            The Sogdians revolted a third time       | SUP. VI, The Sqgdians revoked a third titne; and iheg thai b
     2057827    362 w  -            Of the hunting in Bahastis, and the mult | SUP. VII. Of the hunting in Bahastis, and the multitude ef w
     2060231   1082 w  -            jflexcmder's qffince agaimt Bacchus, and | SUP. VIIL jflexcmder's qffince agaimt Bacchus, andhu murdar 
     2067243   2219 w  -            0/ the death of CkUUthetus.^^AiritLU^^ l | SUR IX. 0/ the death of CkUUthetus.^^AiritLU^^ lib, it« AS t
     2081998    644 w  -            The king*s expedition against the Nautic | SUP. X. The king*s expedition against the Nauticans, or NoMv
     2086226    233 w  -            Haw Alexander falling in love with Roxan | SUP. XI. Haw Alexander falling in love with Roxana, married 
     2087809    774 w  -            His breaking into IndlUy and his putting | SUP. XII. His breaking into IndlUy and his putting all to th
     2093005   1796 w  -            kindneis to the city ofNyMaj upon the ac | SUP. XIII. kindneis to the city ofNyMaj upon the account of 
    MISSING 'BOOK XV.'
    MISSING 'BOOK XV.'
    MISSING 'THE  HISTORICAL  LIBRARY'
    MISSING 'DIODORUS THE  SICILIAN,'
    MISSING 'CHAP. IV.'
    MISSING 'CHAP. V.'
    MISSING 'CHAR XL'
    MISSING 'CHAP. IX.'
    MISSING 'itimaleoH*s expedition into Sicily.  The Carthaginian army  in'
    MISSING 'BUT  \n  the following year, wherein  Nicoerates  was  chief  goirernpr,'
    MISSING 'CHAP. IV.'
    MISSING 'CHAP. VIII.'
    MISSING 'CHAP. XI.'
    MISSING 'CHAP. XII.  /'
    MISSING 'CHAP.  IL.'
    MISSING 'CHAP.  ni.'
    MISSING '2.  At length  ^Emilius took  Perseus,  the  last  king  of  Macedonia, '
    MISSING 'i!. They say  that  the  walls  of  Carthage  were  forty  cubits  high,  aD(|'
    MISSING 'BOOK XXXVI.'
    MISSING 'FROM THE SAME.'
    MISSING 'FROM THE SAME.'
    MISSING 'FROM THE SAME.'
    MISSING '20, Hippometieji,  archon  of  Athen^t,  when  bts  daughter  had  plafrf'
    MISSING ':3L.  Arcesihus,  kine  of  Cyrene,  hein^  grievously  aMieted  with'
    MISSING '48  Sextus, the son of Lucinius Tarquinius, kiqgof  the Romans^'
    MISSING "49'  Hippocrates, king of Gela, after his victoiy  over  the  Syiaca*"
    MISSING '51  Cimon the sou  of  Miltlades, when his father died in the  i'
    MISSING '59*  Those of Thermopylse died fighting conragoooaly^'
    MISSING 'FROM THE SAME..'
    MISSING '2.  When Agathodes heard that the Ligurians and lynrbeniaiis'
    MISSING '3.  The Thracians, who had taken Agnthocies, the son of king'
    MISSING '4.  DromichGetes, king of Thrace, having taken Lynmadius pri-'
    MISSING '(L  Arebaigathus  was  valorous  and  poQnigeo«Sjbe]fOQndli|si^s  |oc'
    MISSING 'BOOK  XjpL.'
    MISSING 'BOOK XXXIV.'
    MISSING '.  3.  The Italians, who  had  large  possessions  in  Sicily,  and  theieforfc'
    MISSING "'^  jr.  In Sicily Damophilus had a young daughter of a very gentle and courteous disposition, .who made it her business to relieve and"
    MISSING '7.  After Eunus was declared king, he put many to death, and'
    MISSING 'i/3  8.  About  the same time  broke out another  rebellion  of  the  slaics;'
    MISSING 'BOOK XXXVII.'
    MISSING 'SUP. X. \n\nThe king*s  expedition  against  the  Nauticans,  or  NoMvans;  and'
    MISSING 'Beasts  and  birds  adored  in  Egypt,  ea  lions,  wolves^'
    MISSING 'SUP. XIV.\nHmvj  having taken  a  strong  city  called  MassagOy  he  put  to  the  sword'
    MISSING 'BOOK XVIII.'
    MISSING 'Cassander agrees with Antiguous.  Antigonos'

32_historicallibra01bootgoog.txt  FLAGGED  pieces 101  dropped 0  tries 2  toc None  chunks 177  $0.285
    class canonical | title 'THE\n\n\nHISTORICAL  LIBRARY\n\n\nOF\n\n\nDIODORUS  THE  SICILIAN,' | author 'DIODORUS  THE  SICILIAN,' | date 1814 from '1814.'
    body 13685-2113511 of 2113544 (1% outside) | body_start 'WHAT  notions  they  had  of  the  gods.^who  first  instituted  divine' | end matter 'BSD  Op  VOL.  I.'
    contents None .. None at None-None
       13685   7309 w  -            The Preface                              | THE PREFACE. ALL mankind are under a great obligation of gra
       62506   5232 w  -            The Canivmaiwn of Chiris's Expedition    | CHAP. 11. The Canivmaiwn of Chiris's Expedition through Ethi
       96814   6648 w  -            The Description of Egypt.                | CHAP. III. The Description of Egypt. Of the Lake of Serbon. 
      140257   6803 w  -            Chapter IV                               | CHAP. IV. The Jlrst way of Living of the Egyptians: Gods and
      185291   3947 w  -            The Acts of Sesostrls the Second.        | CHAP. V. The Acts of Sesostrls the Second. Of Ammosls^ AcHsa
      211493   4209 w  -            Chapter VI: The Customs of the Egyptians | tures. Reasons given for this Adoration. SINCE sufficient ha
      239603     19 w  -            10.                                      | 10. Such as revealed the secrets of the army to the enemy, w
      239718     84 w  -            11.                                      | 11. They that coined false and adulterated money, or contriv
      240284     71 w  -            12.                                      | 12. In relation to women, the laws were very severe: for he 
      240718     52 w  -            13.                                      | 13. In case of adultery, the nan was to have a thousand lash
      241042    196 w  -            14.                                      | 14. They say that Bocchoris made the laws concerning merchan
      242282    225 w  -            15.                                      | 15. For those that lent money by contract in writing, it was
      243724   3692 w  -            1S«                                      | 1S« There is a very remarkable law among the Egyptians, con*
      268044   4891 w  -            Chapter VII: The Crocodile               | CHAP, VII. IFAjf the Crocodile is worshipped. Some sorts of 
      300414   8894 w  -            Chapter 1                                | CHAP. I. Ninus the first King of Assyria; his acts; he invad
      359543   3396 w  -            NhufrnM nuxeedi Semhrumis.               | CHAP. IL NhufrnM nuxeedi Semhrumis. Him dose and slaihful mm
      382439   7485 w  -            Chapter III                              | CHAP. III. Of the antient Chaldeans^ and their philosophy. T
      432458   5019 w  -            Chapter IV: A description of Arabia the  | CHAP. IV. ^ description of Arabia the Desert, Happy, SfC. Me
      465601    161 w  -            Preface                                  | PREPACK THE first of the two Boolcs preceding^ contains the 
      466685   6919 w  -            Chapter 1                                | CHAP. I. Of the Ethiopians ; their letters y latvSy artnSy r
      511994   1855 w  -            Chapter II                               | CHAP. II. CheUmophages: the manner of taking sea-tortoises. 
      524156   3123 w  -            Chapter II                               | Chup. IL DIODORUS SICULUS. I69 nsss liold of his tail with h
      544419   2137 w  -            Chapter IX                               | €9^p. JX DI0D0RU8 9ICULUS. I7S Having ^ven a dbdoct account 
      558245   6497 w  -            Chapter III                              | CHAP. III. Adexeription of the const$ and cmnitrtes on both 
      601187  11158 w  -            CHAP. IV.                                | CHAP. IV. Of the Amazons of Africa. Their acts: rooted out b
      675406    631 w  -            Preface                                  | PREFACE. I AM not ignonuit that the writers of antiquities i
      679650  10821 w  -            Chapter I                                | CHAP. I. ¥Fhat the Grecians say further of Bacchus. The stor
      752057   5515 w  -            An aeemmi ofJtlas and his daughters, eat | CHAP, n. An aeemmi ofJtlas and his daughters, eatted jManHdi
      788895  15544 w  -            Of the Argonauts                         | CHAR m. Of the Argonauts J Medea, and the daughters ofPelias
      893913   4305 w  -            CflktdabiSf, and his works m Creie^ Sidf | CHAP. V. CflktdabiSf and his works m Creie^ Sidfy, and elsew
      922335    265 w  -            BOOK. V.                                 | BOOK. V. PREFACK rr ought to be the special care of all hist
      924144   3327 w  -            A description 'of Sidfy. The JEolideSy o | CHAP. I. A description 'of Sidfy. The JEolideSy or Lipara LH
      946749   2551 w  -            Chap. L                                  | Chap. L DIODORUS SICULU8. grows a sort of small aUiuD,. but 
      963925   8046 w  -            Chapter II                               | CHAP. II. Of Madeira^ Britabiy Gallia j Celtiberia, Iberia^ 
     1017235   7523 w  -            Chapter III                              | CHAP. III. Of Gredosia, Of the isles of the AraUan sea. Of t
     1067993   7728 w  -            Chapter IV: Of Crete                     | CHAP. IV. Of Crete: the first inhabi f ants. Of the Idaei Da
     1119594   7846 w  -            CHAP. I.                                 | CHAP. I. Of Xerxe^^s expedition into Greece, and the battle 
     1172643   2842 w  -            JSTotir the Carthaginians invaded Sicily | CHAP. U. JSTotir the Carthaginians invaded Sicily, and were 
     1191783   2276 w  -            The victory of the Greeks over Mardonius | CHAP. HI. 77tc victory of the Greeks over Mardmius at Plai€e
     1207499   1435 w  -            Chapter IV                               | CHAP. IV. Of the fight with the Pernam by the Qreeiam m Jmti
     1217395   1085 w  -            CHARV.                                   | I. CHARV. O0atkand:oammmdiUim of:04(mkmff€^Sj^racu$9^ mHLtek
     1224995   2282 w  -            7%€ enlarging of the hav^ at Athens by 3 | CHAP, VI. 7%€ enlarging of the hav^ at Athens by 3%emistocle
     1240582    606 w  -            Chapter VII                              | CHAP. VII. Hiero king of Sicify prepares to beriege Agrigent
     1244793    447 w  -            7%e LtundtrmanaMi fiuBrreL with tke Athe | CHAP. Tm. 7%e LtundtrmanaMi fiuBrreL with tke Athemitau far 
     1247883     94 w  -            Hiero breaks the power of the Etruscans  | C&AiP. IX- Hiero breaks the power of the Etruscans by sea. W
     1248537    242 w  -            77ie war between the Tarentines and the  | CHAR X. 77ie war between the Tarentines and the Japt/gians. 
     1250205    393 w  -            The death of Theron prince of j^grigentu | CHAP. XI. The death of Theron prince of j^grigentum, and the
     1252899   2103 w  -            The malice of the Lacedaemonians against | CHAR XII. The malice of the Lacedaemonians against Themistoc
     1267302    983 w  -            Cif$honj                                 | CHAP. XIII. Cif$honj the Atl^iian general J gains many place
     1273893    572 w  -            A great earthquake in Sparta ; the war u | CHAP. XIV. A great earthquake in Sparta ; the war upon them 
     1277890    450 w  -            l%c war between the Argives and the Myct | CHAP. XV. l%c war between the Argives and the Myctnctarts. W
     1280906    278 w  -            The death of Hiero.                      | CHAP. XVI. The death of Hiero. LYSIATUS being governor or ar
     1282765    823 w  -            nnuybMbts tang qf Syracuse deposed by fo | CHAP. XVII. nnuybMbts tang qf Syracuse deposed by force of a
     1288466    331 w  -            The murder of Xerxes by Artabanuim       | CHAP. XVUI. The murder of Xerxes by Artabanuim AT the end of
     1290756    291 w  -            The war between the Athenians and the j3 | CHAP. XIX. The war between the Athenians and the j3EgimatUm 
     1292804   1110 w  -            CHAP. XX.                                | Chap. XX. DIODORUS sicuLUS. 417 wmmmmmma «■ ■ » CHAP. XX. Th
     1300368   1001 w  -            CHAP. XXL.                               | T%e Persian expedition into Egypt. fTars in Sicily. AT Athen
     1307386    262 w  -            T/te war britrcni the Epidanriofis and t | CHAP. XXII. T/te war britrcni the Epidanriofis and the Athen
     1309300    714 w  -            The war hetiveen the Corinthians and Meg | CHAP. XXUI. « The war hetiveen the Corinthians and Megarewum
     1314294    846 w  -            l%e war between i/ie Atlienians and the  | CHAP. XXIV. l%e war between i/ie Atlienians and the Beeoiian
     1320171    604 w  -            The Athenians invade the Spartans by Thl | CHAP. XXV. The Athenians invade the Spartans by Thlnddes. TH
     1324295    745 w  -            Tke war in Sicily between the ^getteans  | CHAP. XXVI. Tke war in Sicily between the ^getteans and the 
     1329300   1039 w  -            Phayliu in Sicily made admiral against t | CHAP- XXVII. /VrirfM makes an inroad into Peloponnesus. Besi
     1336409    672 w  -            37le contexts betiveeti Deucetins and th | CHAP. XXVIII. 37le contexts betiveeti Deucetins and the /fgr
     1340933    541 w  -            PREFACE.                                 | PREFACE. HE who seriously considers the uncertainty and inst
     1344683    874 w  -            Cioion tfie Athenicni admiral.           | Cyprus, EUTH YDEM US being chief governor of Athens, Liucius
     1350870    242 w  -            7*he Megnreans revolt from the Athenians | revolt, ji peace is cotUluded. AFTER these things, when Tyma
     1352668   5542 w  -            The building of Thnrium                  | CHAP. III. ne H*ar between the AgngetUines and Sgracu»ans in
     1389902    866 w  -            The war between the Samiuns and the Mile | CHAP. V. The war between the Samiuns and the Milesians. A se
     1396057   1933 w  -            The Corinthian war againU Corryra,       | CHAP. VI. The Corinthian war againU Corryra, Potidea revolis
     1409779  15641 w  -            The Peloponnesian war                    | had continued ten years* WHEN Euthydemus governed at Athens,
     1517179    206 w  -            Preface                                  | PREFACE. If we should imitate otliers in the compiling of th
     1518585   2716 w  -            Chapter I: The Athenian fleet rigged out | CHAP. I. The Athenian fleet rigged out for Sicily, jtlcibiad
     1537363   8917 w  -            Chapter II                               | CHAP. II. The LacedUtmonians invade Attica. Thefighi ai sea 
     1599061   1487 w  -            Diocles instituted laws for Sicily       | CHAP. 111. Diocles instituted laws for Sicily: siiffered by 
     1609438   1606 w  -            CHAP. IV.                                | CHAP. IV. 7%e government by four hundred dhrogated m Athens^
     1620665   3850 w  -            Chapter 5: Commotions in Sicily          | CHAP. V. Commotions in Sicily. The Carthaginians invited thi
     1647083    764 w  -            The Spartans sue for peace.              | CHAP. VI. 77ie Spartans sue for peace. The speech qf Endius.
     1652041   3749 w  -            Hammhal the Carikagmian mvadti Sicily    | CHAP. VII. Hammhal the Carikagmian mvadti Sicily, The misera
     1677559   1488 w  -            2%raiybuluM assauliM Ephetu*. The LaceiU | CHAP. VIU. 2%raiybuluM assauliM Ephetu*. The LaceiUtmaniana 
     1687828   2583 w  -            TkeraifMneB and AkibiadeM return to jtih | CHAP. IX. TkeraifMneB and AkibiadeM return to jtiheM; are ad
     1705358    499 w  -            Chapter X: H^rmocrates killed at Syracus | CHAP. X. H^rmocrates killed at Syracusey attenuating to surp
     1708727   1669 w  -            Chapter XI: The acts of Callicratides    | CHAP. XI. IThe acts of Callicratidfs^ the Lacedfcmonian gait
     1719908   4568 w  -            Chapter XII                              | CHAP. XII. Therma built in Sicily by the Carthaginians They 
     1750853   2533 w  -            2%e SyracuBon offktrt accused.           | CHAP. 3(111. 2%e SyracuBon offktrt accused. DianyHuB mode gc
     1768026   2813 w  -            The famous battle of ArginuscB at sea    | CHAP. XIV. 27ie famous battle of ArginuscB at sea^ wherein t
     1787079   1614 w  -            CHAP. XV.                                | CHAP. XV. fmaJe sole ndmiral of the LaceAamottiam JUeL JXr t
     1797991   2604 w  -            J^figatum Mcked by jimilcar the Carthagi | CHAP. XVI. J^figatum Mcked by jimilcar the Carthaginian. The
     1815720    557 w  -            Preface                                  | PREFACE. IT is common and natural for every man to be touche
     1819479   1574 w  -            CHAP. 1.                                 | CHAP. 1. A peace between the Athenians and Laced^emonkau. Tk
     1830344   1414 w  -            Chapter II                               | CHAR 11. Dionyms^s projects to strengthen himself in the sov
     1839940   1730 w  -            Chapter III                              | CHAP. III. Sfltf Lacedismcnians establish an oligarchy in ev
     1851637   2003 w  -            Dkmjfdus'sacikmsinSicify.                | CHAP. IV. Dkmjfdus'sacikmsinSicify. 7^ Oropian$ ittbdned iy 
     1865160   8888 w  -            The war between Cyrus and his brother Ar | CHAP. V- Tht war between Cyrus and his brother Artaxersts ki
     1925228   9512 w  -            The war bpiween the Rhegians and Dionysi | CHAP. VII. TJie war bpiween the Rhegians and Dionysius: he p
     1989371   5238 w  -            The J^ech of Theodxjmn.                  | 7%e J^ech of Theodxjmn. ALTHOUGH Dionysius has interlaced hi
     2024316   1294 w  -            Chapter VIII                             | CHAP. vm. jtgesitaus fnade general against the Perrian$ hf t
     2033183   1918 w  -            Chapter IX                               | CHAP. IX, T/ie confederate war by the Argives and others aga
     2046558   3257 w  -            The quarrel between the JRh^fiana and IH | Chap. X. NODORUS SICULUS. 659 ■f ij]' . , CHAP. X. The quarr
     2068930   3326 w  -            Didhjf9iu8*s expediium against Megium.   | CHAP. XU. Didhjf9iu8*s expediium against Megium. The war bet
     2091228   3341 w  -            The peace of Antnlridas.                 | CHAP. XIII. ■ The peace of Antnlridas. The war by the PersUm
    MISSING 'CHAP. I.'
    MISSING '*  Sardantpmlm.— The  Aatjruui  emptf c, down  to  Sardanapalot,  oontinued  1S60  jeanw'
    MISSING ',CHAP. IV.'
    MISSING "Chap.  JL. DioDORUS  SICULUS.  '315 "
    MISSING 'CHAR  VIIL.'
    MISSING 'CHAP. IX. '
    MISSING 'CHAP. VI.'
    MISSING 'CHAP.  XL.'

Novel-10146.txt  ok  pieces 18  dropped 0  tries 2  toc None  chunks 21  $0.028
    class published | title None | author None | date None from None
    body 0-244216 of 244216 (0% outside) | body_start 'If James M. Goodhue could revisit the earth and make a tour among the daily newspaper offices of St. Paul he would discover that wonderful strides had been made in the method of producing a newspaper during the latter half of the past century.' | end matter None
    contents None .. None at None-None
           0   4505 w  -            opening                                  | If James M. Goodhue could revisit the earth and make a tour 
       25373   2390 w  -            THE FIVE MILLION LOAN ELECTION           | THE FIVE MILLION LOAN ELECTION. EARLY STEAMBOATING--CELEBRAT
       39544   2108 w  -            THE LINE OF MARCH.                       | THE LINE OF MARCH. Up St. Anthony street to Fort street, up 
       51940   6114 w  -            THE GREAT SIOUX OUTBREAK IN 1862         | THE GREAT SIOUX OUTBREAK IN 1862. NARRATION OF SOME OF THE E
       87586   2789 w  -            Firemen and Fires of Pioneer Days        | FIREMEN AND FIRES OF PIONEER DAYS. A BRIEF HISTORY OF THE ST
      103672   3513 w  -            Hotel Fires                              | HOTEL FIRES. LIST OF HOTELS DESTROYED BY FIRE DURING ST. PAU
      123705   5437 w  -            THE FIRST AMUSEMENT HALLS IN ST. PAUL.   | THE FIRST AMUSEMENT HALLS IN ST. PAUL. INCIDENTS CONNECTED W
      154742    230 w  -            PRINTERS AND EDITORS OF TERRITORIAL DAYS | PRINTERS AND EDITORS OF TERRITORIAL DAYS. CAPT.E.Y. SHELLEY 
      156427   1325 w  -            Capt. E.Y. Shelly                        | CAPT. E.Y. SHELLY. Much has been written of the trials and t
      164135   1167 w  -            Other Printers in the Civil War          | OTHER PRINTERS IN THE CIVIL WAR. Capt. Henry C. Coates was f
      170583   1897 w  -            TERRITORIAL PRINTERS IN CIVIL LIFE.      | TERRITORIAL PRINTERS IN CIVIL LIFE. One of the brightest of 
      181363   2430 w  -            THE DECISIVE BATTLE OF MILL SPRINGS      | THE DECISIVE BATTLE OF MILL SPRINGS. THE FIRST BATTLE DURING
      195533   5380 w  -            THE GREAT BATTLE OF PITTSBURG LANDING.   | THE GREAT BATTLE OF PITTSBURG LANDING. A BRIEF DESCRIPTION O
      226198    759 w  1865-04-15   The Death of President Lincoln           | THE DEATH OF PRESIDENT LINCOLN. The terrible and sensational
      230632    613 w  ~1865-04-15  An Allegorical Horoscope in Two Chapters | AN ALLEGORICAL HOROSCOPE IN TWO CHAPTERS. CHAPTER I.--AN OPT
      234150    303 w  ~1865-04-15  Chapter II: A Terrible Reality           | CHAPTER II.--A TERRIBLE REALITY. After the lapse of more tha
      236004    945 w  ~1865-04-15  Spelling Down a School                   | SPELLING DOWN A SCHOOL. When I was about twelve years of age
      241297    528 w  1908-04-18   Half a Century with the Pioneer Press    | HALF A CENTURY WITH THE PIONEER PRESS. Pioneer Press, April 

Novel-10321.txt  ok  pieces 21  dropped 0  tries 2  toc 21  chunks 27  $0.028
    class canonical | title "DRAGON'S BLOOD" | author 'HENRY MILNER RIDEOUT' | date 1909 from '1909'
    body 1668-316543 of 316622 (1% outside) | body_start 'CHAPTER I A LADY AND A GRIFFIN' | end matter "End of the Project Gutenberg EBook of Dragon's blood, by Henry Milner Rideout  "
    contents 'CONTENTS' .. "XXI. THE DRAGON'S SHADOW" at 1000-1425
        1668   2956 w  -            Chapter I: A Lady and a Griffin          | CHAPTER I A LADY AND A GRIFFIN It was "about first-drink tim
       19519   2733 w  -            Chapter II: The Pied Piper               | CHAPTER II THE PIED PIPER A gray smudge trailing northward s
       36098   2906 w  -            Chapter III: Under Fire                  | CHAPTER III UNDER FIRE The desert was sometimes Gobi, someti
       53625   2303 w  -            Chapter IV: The Sword-Pen                | CHAPTER IV THE SWORD-PEN "Wutzler was missing last night," s
       67155   2403 w  -            Chapter V: In Town                       | CHAPTER V IN TOWN Night, in that maze of alleys, was but a m
       81554   2509 w  -            THE PAGODA                               | CHAPTER VI THE PAGODA He was spared that inconvenience. The 
       96378   2571 w  -            Chapter VII: Iphigenia                   | CHAPTER VII IPHIGENIA "Don't chop off a hen's head with a ba
      111296   2293 w  -            Chapter VIII: The Hot Night              | CHAPTER VIII THE HOT NIGHT Rudolph paced his long chamber li
      124733   2828 w  -            Chapter IX: Passage at Arms              | CHAPTER IX PASSAGE AT ARMS "Boy." "Sai." "S'pose Mr. Forrest
      141692   2111 w  -            Chapter X: Three Portals                 | CHAPTER X THREE PORTALS Not till after dinner, that evening,
      153994   2450 w  -            Chapter XI: White Lotus                  | CHAPTER XI WHITE LOTUS He was swarming up, quiet as a thief,
      168178   2196 w  -            Chapter XII: The War Board               | CHAPTER XII THE WAR BOARD "Rigmarole?" drawled Heywood, and 
      181247   2512 w  -            Chapter XIII: The Spare Man              | CHAPTER XIII THE SPARE MAN Beyond the scant greenery of Heyw
      196116   2618 w  -            Chapter XIV: Off Duty                    | CHAPTER XIV OFF DUTY The last of the sunlight streamed level
      211412   2370 w  -            KAU FAI                                  | CHAPTER XV KAU FAI At the top of the nunnery stairs, Rudolph
      225351   2536 w  -            Chapter XVI: The Gunwale                 | CHAPTER XVI THE GUNWALE Rudolph's mission began quietly, wit
      239867   2447 w  -            Chapter XVII: Lamp of Heaven             | CHAPTER XVII LAMP OF HEAVEN The white men peered from among 
      253792   2813 w  -            SIEGE                                    | CHAPTER XVIII SIEGE He never believed that they could hold t
      270190   2635 w  -            Chapter XIX: Brother Moles               | CHAPTER XIX BROTHER MOLES This new danger, working below in 
      285385   2386 w  -            Chapter XX: The Hakka Boat               | CHAPTER XX THE HAKKA BOAT "Pretty fair," Captain Kneebone sa
      299275   2976 w  -            THE DRAGON'S SHADOW                      | CHAPTER XXI THE DRAGON'S SHADOW The lowdah would have set hi

Novel-10356.txt  FLAGGED  pieces 10  dropped 2  tries 2  toc 11  chunks 26  $0.034
    class canonical | title 'TRAVELS IN MOROCCO' | author 'JAMES RICHARDSON' | date None from None
    body 5062-273394 of 308774 (13% outside) | body_start 'CHAPTER I. The Mogador Jewesses.--Disputes between the Jew and the Moor.--Melancholy Scenes.--The Jews of the Atlas.--Their Religion.--Beautiful Women.--The Four Wives.--Statues discovered.--Discrepancy of age of married people.-- Young and frail fair ones.--Superstition respecting Salt.--White Brandy.--Ludicrous Anecdote.' | end matter 'APPENDIX.'
    contents 'CONTENTS OF THE SECOND VOLUME.' .. 'APPENDIX.' at 408-5032
        5062   3483 w  -            CHAPTER I                                | CHAPTER I. The Mogador Jewesses.--Disputes between the Jew a
       25556   5688 w  -            Chapter II                               | CHAPTER II. The Maroquine dynasties.--Family of the Shereefi
       59615   4925 w  -            Chapter III                              | CHAPTER III. The two different aspects by which the strength
       89341   5052 w  -            Division of Morocco into kingdoms or Sta | CHAPTER IV. Division of Morocco into kingdoms or States, and
      119441   3794 w  -            Description of the Imperial Cities or Ca | CHAPTER V. Description of the Imperial Cities or Capitals of
      141993   4196 w  -            Description of the towns and cities of t | CHAPTER VI. Description of the towns and cities of the Inter
      167299   2103 w  -            Chapter VII                              | CHAPTER VII. London Jew-boys.--Excursion to the Emperor's ga
      179580   2519 w  -            Chapter VIII: El-Jereed, the Country of  | CHAPTER VIII. El-Jereed, the Country of Dates.--Its hard soi
      194141   7228 w  -            Chapter IX                               | CHAPTER IX. Tour in the Jereed of Captain Balfour and Mr. Re
      235361   6535 w  -            Chapter X                                | CHAPTER X. Toser.--The Bey's Palace.--Blue Doves.--The town 
    MISSING 'CHAPTER II. The Maroquine dynasties.--Family of the Shereefian Monarchs.--Personal appearances and character of Muley Abd Errahman.--Refutation of the charge of human sacrifices against the Moorish Princes.--Genealogy of the reigning dynasty of Morocco.--The tyraufc Yezeed, (half Irish).--Muley Suleiman, the "The Shereeff of Shereefs."--Diplomatic relations of the Emperor of Morocco with European Powers.--Muley Ismael enamoured with the Fre'
    MISSING 'rs of taxation; and, to the despotism and exactions of these and most governments, we owe a knowledge of the proximate amount of the numbers of mankind.'
    2 piece(s) after the end matter dropped

Novel-10762.txt  ok  pieces 18  dropped 0  tries 1  toc 18  chunks 29  $0.027
    class canonical | title 'IMPRESSIONS OF THEOPHRASTUS SUCH' | author 'GEORGE ELIOT' | date 1879 from 'Edinburgh and London MDCCCLXXIX'
    body 1067-342590 of 342668 (0% outside) | body_start 'I. LOOKING INWARD.' | end matter "End of Project Gutenberg's Impressions of Theophrastus Such, by George Eliot"
    contents 'CONTENTS' .. 'XVIII. THE MODERN HEP! HEP! HEP!' at 471-1034
        1067   4136 w  -            I. LOOKING INWARD                        | I. LOOKING INWARD. It is my habit to give an account to myse
       24730   5005 w  -            II. LOOKING BACKWARD.                    | II. LOOKING BACKWARD. Most of us who have had decent parents
       53852   4584 w  -            III. HOW WE ENCOURAGE RESEARCH           | III. HOW WE ENCOURAGE RESEARCH. The serene and beneficent go
       81141   2706 w  -            IV. A MAN SURPRISED AT HIS ORIGINALITY.  | IV. A MAN SURPRISED AT HIS ORIGINALITY. Among the many acute
       96854   2547 w  -            V. A TOO DEFERENTIAL MAN.                | V. A TOO DEFERENTIAL MAN. A little unpremeditated insincerit
      111874   2369 w  -            VI. ONLY TEMPER.                         | VI. ONLY TEMPER. What is temper? Its primary meaning, the pr
      125599   1385 w  -            A POLITICAL MOLECULE                     | VII. A POLITICAL MOLECULE. The most arrant denier must admit
      133762   2570 w  -            VIII. THE WATCH-DOG OF KNOWLEDGE         | VIII. THE WATCH-DOG OF KNOWLEDGE Mordax is an admirable man,
      148293   2644 w  -            IX. A HALF-BREED                         | IX. A HALF-BREED An early deep-seated love to which we becom
      163848   2250 w  -            X. DEBASING THE MORAL CURRENCY.          | X. DEBASING THE MORAL CURRENCY. "Il ne faut pas mettre un ri
      177139   4001 w  -            XI. THE WASP CREDITED WITH THE HONEYCOMB | XI. THE WASP CREDITED WITH THE HONEYCOMB No man, I imagine, 
      200847   1778 w  -            Chapter XII: SO YOUNG!                   | XII. "SO YOUNG!" Ganymede was once a girlishly handsome prec
      211308   2862 w  -            XIII. HOW WE COME TO GIVE OURSELVES FALS | XIII. HOW WE COME TO GIVE OURSELVES FALSE TESTIMONIALS, AND 
      228145   2929 w  -            XIV. THE TOO READY WRITER                | XIV. THE TOO READY WRITER One who talks too much, hindering 
      245271   3098 w  -            Chapter XV: Diseases of Small Authorship | XV. DISEASES OF SMALL AUTHORSHIP Particular callings, it is 
      263367   2917 w  -            XVI. MORAL SWINDLERS.                    | XVI. MORAL SWINDLERS. It is a familiar example of irony in t
      280539   1979 w  -            XVII. SHADOWS OF THE COMING RACE         | XVII. SHADOWS OF THE COMING RACE. My friend Trost, who is no
      292329   8431 w  -            Chapter XVIII: The Modern Hep! Hep! Hep! | XVIII. THE MODERN HEP! HEP! HEP! To discern likeness amidst 

Novel-2544.txt  ok  pieces 12  dropped 0  tries 2  toc 7  chunks 29  $0.032
    class canonical | title 'FROM SAND HILL TO PINE' | author 'Bret Harte' | date None from None
    body 281-344323 of 344399 (0% outside) | body_start "A NIECE OF SNAPSHOT HARRY'S" | end matter 'End of the Project Gutenberg EBook of From Sand Hill to Pine, by Bret Harte'
    contents 'CONTENTS' .. "MR. BILSON'S HOUSEKEEPER" at 65-233
         281   5255 w  -            A NIECE OF SNAPSHOT HARRY'S              | A NIECE OF SNAPSHOT HARRY'S I There was a slight jarring tho
       30178   7451 w  -            Chapter II                               | II The robbery furnished the usual amount of copy for the lo
       71724   2870 w  -            III                                      | III In twenty-four hours Edward Brice was in San Francisco. 
       87902   3200 w  -            A TREASURE OF THE REDWOODS PART I        | A TREASURE OF THE REDWOODS PART I Mr. Jack Fleming stopped s
      105806   3745 w  -            Part II                                  | PART II Mr. Jack Fleming was indeed "not much of a miner." H
      126912  13088 w  -            A BELLE OF CANADA CITY                   | A BELLE OF CANADA CITY Cissy was tying her hat under her rou
      201665   3410 w  -            WHAT HAPPENED AT THE FONDA PART I        | WHAT HAPPENED AT THE FONDA PART I "Well!" said the editor of
      221081   4134 w  -            Part II                                  | PART II The next afternoon he went to the fonda. Situated on
      244563   8104 w  -            A JACK AND JILL OF THE SIERRAS           | A JACK AND JILL OF THE SIERRAS It was four o'clock in the af
      289759   2804 w  -            MR. BILSON'S HOUSEKEEPER                 | MR. BILSON'S HOUSEKEEPER I When Joshua Bilson, of the Summit
      306110   3588 w  -            II                                       | II One afternoon Miss Trotter received a message that Mr. Ca
      326341   3256 w  -            III                                      | III When the news of the marriage reached Buckeye Hill, it d

Novel-25646.txt  ok  pieces 19  dropped 0  tries 1  toc 19  chunks 9  $0.010
    class published | title "CHILD'S HEALTH PRIMER." | author None | date 1885 from 'COPYRIGHT, 1885'
    body 4835-98723 of 99076 (5% outside) | body_start 'CHAPTER I. JOINTS AND BONES.' | end matter "Transcriber's Notes: This book contains pronunciation codes."
    contents 'CONTENTS' .. '    XIX.--WASTED MONEY                          122' at 3578-4787
        4835   1750 w  -            Chapter I: Joints and Bones              | CHAPTER I. JOINTS AND BONES. [Illustration: L]ITTLE girls li
       14286    852 w  -            CHAPTER II. MUSCLES.                     | CHAPTER II. MUSCLES. [Illustration: W]HAT makes the limbs mo
       18900   1763 w  -            CHAPTER III. NERVES.                     | CHAPTER III. NERVES. [Illustration: H]OW do the muscles know
       28252    902 w  -            CHAPTER IV. WHAT IS ALCOHOL?             | CHAPTER IV. WHAT IS ALCOHOL? [Illustration: R]IPE grapes are
       33369    670 w  -            CHAPTER V. BEER.                         | CHAPTER V. BEER. [Illustration: A]LCOHOL is often made from 
       36984    426 w  -            CHAPTER VI. DISTILLING                   | CHAPTER VI. DISTILLING. [Illustration: D]ISTILLING (d[)i]s t
       39369    379 w  -            CHAPTER VII. ALCOHOL                     | CHAPTER VII. ALCOHOL. [Illustration: A]LCOHOL looks like wat
       41481    529 w  -            CHAPTER VIII. TOBACCO                    | CHAPTER VIII. TOBACCO. [Illustration: A] FARMER who had been
       44226    213 w  -            CHAPTER IX. OPIUM                        | CHAPTER IX. OPIUM. [Illustration: A]LCOHOL and tobacco are c
       45476   1568 w  -            CHAPTER X. WHAT ARE ORGANS               | CHAPTER X. WHAT ARE ORGANS? [Illustration: A]N organ is a pa
       53889   1137 w  -            Chapter XI: What Does the Body Need for  | CHAPTER XI. WHAT DOES THE BODY NEED FOR FOOD? [Illustration:
       59817    952 w  -            Chapter XII: How Food Becomes Part of th | CHAPTER XII. HOW FOOD BECOMES PART OF THE BODY. [Illustratio
       65098   1046 w  -            CHAPTER XIII. STRENGTH.                  | CHAPTER XIII. STRENGTH. [Illustration: H]ERE are the names o
       70817    558 w  -            CHAPTER XIV. THE HEART.                  | CHAPTER XIV. THE HEART. [Illustration: T]HE heart is in the 
       73782    989 w  -            Chapter XV: The Lungs                    | CHAPTER XV. THE LUNGS. [Illustration: T]HE blood flows all t
       78919   1018 w  -            Chapter XVI: The Skin                    | CHAPTER XVI. THE SKIN. [Illustration: T]HERE is another part
       84467   1068 w  -            CHAPTER XVII. THE SENSES.                | CHAPTER XVII. THE SENSES. [Illustration: W]E have five ways 
       90093   1117 w  -            CHAPTER XVIII. HEAT AND COLD.            | CHAPTER XVIII. HEAT AND COLD. WHAT MAKES US WARM? "[Illustra
       96094    482 w  -            Chapter XIX: Wasted Money. Cost of Alcoh | CHAPTER XIX. WASTED MONEY. COST OF ALCOHOL. [Illustration: N

Novel-26183.txt  ok  pieces 3  dropped 4  tries 2  toc 9  chunks 38  $0.040
    class published | title 'LAURENCE STERNE IN GERMANY' | author 'HARVEY WATERMAN THAYER, Ph.D.' | date 1905 from 'Copyright 1905, Columbia University Press, New York'
    body 2991-117999 of 450081 (74% outside) | body_start 'CHAPTER I INTRODUCTION' | end matter '[Footnote 1: Various German authorities date the Sentimental Journey erroneously 1767. Jördens, V, p.\xa0753; Koberstein, III, p.\xa0463; Hirsching, XIII, pp. 291-309.]'
    contents 'CONTENTS Chapter I. Introduction 1' .. 'Index 196' at 2543-2981
        2991   3031 w  -            Chapter I: Introduction                  | CHAPTER I INTRODUCTION The indebtedness of German culture to
       22758   9759 w  -            CHAPTER II STERNE IN GERMANY BEFORE THE  | CHAPTER II STERNE IN GERMANY BEFORE THE PUBLICATION OF THE S
       82752   5641 w  -            Chapter III: The Publication of the Sent | CHAPTER III THE PUBLICATION OF THE SENTIMENTAL JOURNEY On Fe
    4 piece(s) after the end matter dropped

Novel-29973.txt  ok  pieces 12  dropped 0  tries 1  toc 14  chunks 14  $0.015
    class published | title "THE 'PATRIOTES' OF '37" | author 'ALFRED D. DECELLES' | date 1916 from 'TORONTO GLASGOW, BROOK & COMPANY 1916'
    body 2572-150653 of 164036 (10% outside) | body_start 'CHAPTER I CANADIANS, OLD AND NEW' | end matter 'BIBLIOGRAPHICAL NOTE'
    contents 'CONTENTS' .. 'INDEX . . . . . . . . . . . . . . . . . . . . . 136' at 1149-1869
        2572    988 w  -            Chapter I: Canadians, Old and New        | CHAPTER I CANADIANS, OLD AND NEW The conquest of Canada by B
        8595   1078 w  -            Chapter II: The Rights of the Defeated   | CHAPTER II THE RIGHTS OF THE DEFEATED The British did not tr
       15004   1489 w  -            THE REIGN OF TERROR                      | CHAPTER III 'THE REIGN OF TERROR' During the session of 1805
       23795   2249 w  -            THE RISE OF PAPINEAU                     | CHAPTER IV THE RISE OF PAPINEAU In the year 1812 a young man
       37289   2065 w  -            THE NINETY-TWO RESOLUTIONS               | CHAPTER V THE NINETY-TWO RESOLUTIONS After 1830 signs began 
       49951   2339 w  -            Chapter VI: The Royal Commission         | CHAPTER VI THE ROYAL COMMISSION A general election followed 
       64029   2322 w  -            THE RUSSELL RESOLUTIONS                  | {57} CHAPTER VII THE RUSSELL RESOLUTIONS When the legislatur
       77864   2474 w  -            CHAPTER VIII THE DOGS OF WAR             | {69} CHAPTER VIII THE DOGS OF WAR As the autumn of 1837 wore
       92230   4310 w  -            Chapter IX: FORCE MAJEURE                | {82} CHAPTER IX _FORCE MAJEURE_ The check administered to Co
      117309   2572 w  -            Chapter X: The Lord High Commissioner    | 104} CHAPTER X THE LORD HIGH COMMISSIONER The rebellions in 
      132665   2005 w  -            Chapter XI: The Second Rebellion         | CHAPTER XI THE SECOND REBELLION The frigate _Inconstant_, wi
      144553   1044 w  -            Chapter XII: A POSTSCRIPT                | CHAPTER XII A POSTSCRIPT The rebellion of 1837 now belongs t

Novel-30752.txt  ok  pieces 1  dropped 0  tries 1  toc None  chunks 14  $0.013
    class published | title 'VESTIGES OF THE MAYAS, OR,' | author 'AUGUSTUS LE PLONGEON, M. D.' | date 1881 from '1881.'
    body 2118-166446 of 168274 (2% outside) | body_start 'VESTIGES OF THE MAYAS.' | end matter "Transcriber's Note"
    contents None .. None at None-None
        2118  28447 w  -            Vestiges of the Mayas                    | VESTIGES OF THE MAYAS. Yucatan is the peninsula which divide

Novel-40700.txt  ok  pieces 5  dropped 0  tries 1  toc None  chunks 12  $0.013
    class published | title 'DANDY DICK A PLAY IN THREE ACTS' | author 'ARTHUR W. PINERO' | date 1893 from 'Copyright, 1893, by ARTHUR W. PINERO'
    body 2677-135408 of 137923 (4% outside) | body_start 'DANDY DICK.' | end matter "_Transcriber's Note_"
    contents None .. None at None-None
        2677    345 w  -            opening                                  | DANDY DICK. AN ORIGINAL FARCE, IN THREE ACTS, BY A. W. PINER
        4691   6458 w  -            Act I                                    | THE FIRST ACT. _The morning-room in the Deanery of St. Marve
       42448   6742 w  -            Act II                                   | THE SECOND ACT. The morning-room at the Deanery, with the fi
       82013   5141 w  -            Act III                                  | THE THIRD ACT. The first scene is the interior of a country 
      111745   4035 w  -            The second scene                         | _The second scene is the Morning Room at the Deanery again._

Novel-4128.txt  ok  pieces 80  dropped 0  tries 2  toc None  chunks 8  $0.017
    class canonical | title 'THE DIARY OF SAMUEL PEPYS' | author 'SAMUEL PEPYS' | date 1661-06 from 'DIARY OF SAMUEL PEPYS. JUNE, JULY & AUGUST 1661'
    body 419-90889 of 92796 (3% outside) | body_start 'June 1st. Having taken our leaves of Sir W. Batten and my Lady, who are gone this morning to keep their Whitsuntide, Sir W. Pen and I and Mr. Gauden by water to Woolwich, and there went from ship to ship to give order for and take notice of their forwardness to go forth, and then to Deptford and did the like, having dined at Woolwich with Captain Poole at the tavern there.' | end matter "ETEXT EDITOR'S BOOKMARKS:"
    contents None .. None at None-None
         419    152 w  1661-06-01   June 1st.                                | June 1st. Having taken our leaves of Sir W. Batten and my La
        1240    149 w  1661-06-02   2nd (Whitsunday).                        | 2nd (Whitsunday). The barber having done with me, I went to 
        1977    396 w  1661-06-03   3rd.                                     | 3rd. To the Wardrobe, where discoursing with my Lord, he did
        3934    299 w  1661-06-04   4th.                                     | 4th. The Comptroller came this morning to get me to go see a
        5423    205 w  1661-06-05   5th.                                     | 5th. This morning did give my wife L4 to lay out upon lace a
        6529    234 w  1661-06-06   6th.                                     | 6th. My head hath aked all night, and all this morning, with
        7723     77 w  1661-06-07   7th.                                     | 7th. To my Lord's at Whitehall, but not finding him I went t
        8110    257 w  1661-06-08   8th.                                     | 8th. To Whitehall to my Lord, who did tell me that he would 
        9373    273 w  1661-06-09   9th (Lord's day).                        | 9th (Lord's day). This day my wife put on her black silk gow
       10750    327 w  1661-06-10   10th.                                    | 10th. Early to my Lord's, who privately told me how the King
       12454     88 w  1661-06-11   June 11th                                | 11th. At the office this morning, Sir G. Carteret with us; a
       12905    381 w  1661-06-12   June 12th                                | 12th. Wednesday, a day kept between a fast and a feast, the 
       14932    506 w  1661-06-13   June 13th                                | 13th. I went up and down to Alderman Backwell's, but his ser
       17419    127 w  1661-06-14   June 14th                                | 14th. To Whitehall to my Lord's, where I found Mr. Edward Mo
       18054    177 w  1661-06-15   June 15th                                | 15th. My father came and drank his morning draft with me, an
       18930    187 w  1661-06-16   June 16th                                | 16th (Lord's day). But no purser coming in the morning for t
       19876     74 w  1661-06-17   June 17th                                | 17th. Visited this morning by my old friend Mr. Ch. Carter, 
       20234    155 w  1661-06-18   June 18th                                | 18th. All this morning at home vexing about the delay of my 
       21017    151 w  1661-06-19   June 19th                                | 19th. All the morning almost at home, seeing my stairs finis
       21776     25 w  1661-06-20   June 20th                                | 20th. At home the greatest part of the day to see my workmen
       21897    127 w  1661-06-21   June 21st                                | 21st. This morning going to my father's I met him, and so he
       22569    101 w  1661-06-22   June 22nd                                | 22nd. Abroad all the morning about several businesses. At no
       23119    160 w  1661-06-23   June 23rd                                | 23rd (Lord's day). In the morning to church, and my wife not
       23940    112 w  1661-06-24   June 24th                                | 24th (Midsummer-day). We kept this a holiday, and so went no
       24506    186 w  1661-06-25   June 25th                                | 25th. Up this morning to put my papers in order that are com
       25460   1010 w  1661-06-26   June 26th                                | 26th. To Westminster about several businesses, then to dine 
       30612     75 w  1661-07-01   July 1st                                 | July 1st. This morning I went up and down into the city, to 
       31004    204 w  1661-07-02   July 2nd                                 | 2nd. To Westminster Hall and there walked up and down, it be
       32058    119 w  1661-07-03   July 3rd                                 | 3rd. To Westminster to Mr. Edward Montagu about business of 
       32692    198 w  1661-07-04   July 4th                                 | 4th. At home all the morning; in the afternoon I went to the
       33733     36 w  1661-07-05   July 5th                                 | 5th. At home, and in the afternoon to the office, and that b
       33909    187 w  1661-07-06   July 6th                                 | 6th. Waked this morning with news, brought me by a messenger
       34842    190 w  1661-07-07   July 7th                                 | 7th (Lord's day). In the morning my father and I walked in t
       35809    245 w  ~1661-07-07  July 8th–13th                            | 8th, 9th, Loth, 11th, 12th, 13th. I fell to work, and my fat
       37082     61 w  1664-10-14   14th                                     | 14th (Lord's day). At home, and Robert Barnwell with us, and
       37423    367 w  1664-10-15   15th                                     | 15th. Up by three o'clock this morning, and rode to Cambridg
       39341    147 w  1664-10-16   16th, 17th, 18th, 19th                   | 16th, 17th, 18th, 19th. These four days we spent in putting 
       40118    249 w  1664-10-20   20th                                     | 20th. Up to Huntingdon this morning to Sir Robert Bernard, w
       41418    199 w  1664-10-21   21st                                     | 21st (Lord's day). At home all the morning, putting my paper
       42427    205 w  1664-10-22   22nd                                     | 22nd. Up by three, and going by four on my way to London; bu
       43460    150 w  1664-10-23   23rd                                     | 23rd. Put on my mourning. Made visits to Sir W. Pen and Batt
       44217    307 w  1664-10-24   24th                                     | 24th. This morning my wife in bed tells me of our being robb
       45714    229 w  1664-10-25   25th                                     | 25th. This morning came my box of papers from Brampton of al
       46835    213 w  1664-10-26   26th                                     | 26th. At home all the morning, and walking met with Mr. Hill
       47889    407 w  1664-10-27   27th                                     | 27th. To Westminster, where at Mr. Montagu's chamber I heard
       49989    142 w  1661-07-28   July 28th                                | 28th (Lord's day). This morning as my wife and I were going 
       50667    258 w  1661-07-29   July 29th                                | 29th. This morning we began again to sit in the mornings at 
       51904    265 w  1661-07-30   July 30th                                | 30th. After my singing-master had done with me this morning,
       53296     59 w  1661-07-31   July 31st                                | 31st. Singing-master came to me this morning; then to the of
       53614    126 w  1661-08-01   August 1st                               | August 1st. This morning Sir Williams both, and my wife and 
       54294     80 w  1661-08-02   August 2d                                | 2d. At the office all the morning. At noon Dr. Thos. Pepys d
       54706    177 w  1661-08-03   August 3rd                               | 3rd. Got up early the next morning and got to Barkway, where
       55636    241 w  1661-08-04   August 4th                               | 4th (Lord's day). Got up, and by and by walked into the orch
       56879    199 w  1661-08-05   August 5th                               | 5th. Early to Huntingdon, but was fain to stay a great while
       57892    183 w  1661-08-06   August 6th                               | 6th. Up early and went to Mr. Phillips, but lost my labour, 
       58818    208 w  1661-08-07   August 7th                               | 7th. Called up at three o'clock, and was a-horseback by four
       59805    158 w  1661-08-08   August 8th                               | 8th. Early in the mornink to Whitehall, but my Lord Privy Se
       60599    435 w  ~1661-08-08  9th                                      | 9th. To the office, where word is brought me by a son-in-law
       62717    199 w  ~1661-08-08  10th                                     | 10th. This morning came the maid that my wife hath lately hi
       63715    218 w  ~1661-08-08  11th (Lord's day)                        | 11th (Lord's day). To our own church in the forenoon, and in
       64858    160 w  ~1661-08-08  12th                                     | 12th. At the office this morning. At home in the afternoon, 
       65666    329 w  ~1661-08-08  13th                                     | 13th. To the Privy Seal in the morning, then to the Wardrobe
       67313    232 w  ~1661-08-08  14th                                     | 14th. This morning Sir W. Batten and Sir W. Pen and I, waite
       68417    187 w  ~1661-08-08  15th                                     | 15th. To the Privy Seal and Whitehall, up and down, and at n
       69406    190 w  ~1661-08-08  16th                                     | 16th. At the office all the morning, though little to be don
       70383    211 w  ~1661-08-08  17th                                     | 17th. At the Privy Seal, where we had a seal this morning. T
       71425    151 w  ~1661-08-08  18th (Lord's day)                        | 18th (Lord's day). To our own church in the morning and so h
       72182    500 w  ~1661-08-08  19th.                                    | 19th. At the office all the morning; at noon the children ar
       74800     43 w  ~1661-08-08  20th.                                    | 20th. At the office in the morning and all the afternoon at 
       75009    300 w  ~1661-08-08  21st.                                    | 21st. This morning by appointment I went to my father, and a
       76551    137 w  ~1661-08-08  22nd.                                    | 22nd. To the Privy Seal, and sealed; so home at noon, and th
       77245    192 w  ~1661-08-08  23rd.                                    | 23rd. This morning I went to my father's, and there found hi
       78191    286 w  ~1661-08-08  24th.                                    | 24th. At the office all the morning and did business; by and
       79667    233 w  ~1661-08-08  25th (Lord's day).                       | 25th (Lord's day). At church in the morning, and dined at ho
       80847    510 w  ~1661-08-08  26th.                                    | 26th. This morning before I went out I made even with my mai
       83361    285 w  ~1661-08-08  27th.                                    | 27th. This morning to the Wardrobe, and there took leave of 
       84799    112 w  ~1661-08-08  28th                                     | 28th. At home all the morning setting papers in order. At no
       85359    218 w  ~1661-08-08  29th                                     | 29th. At the office all the morning, and at noon my father, 
       86458    123 w  ~1661-08-08  30th                                     | 30th. At noon my wife and I met at the Wardrobe, and there d
       87076    743 w  ~1661-08-08  31st                                     | 31st. At home and the office all the morning, and at noon co

Novel-41603.txt  ok  pieces 18  dropped 0  tries 1  toc None  chunks 23  $0.025
    class canonical | title "TOTO'S MERRY WINTER." | author 'LAURA E. RICHARDS' | date 1887 from '1887.'
    body 703-266931 of 267307 (0% outside) | body_start 'CHAPTER I.' | end matter 'University Press: John Wilson & Son, Cambridge.'
    contents None .. None at None-None
         703   2327 w  -            Chapter I                                | CHAPTER I. IT was evening,--a good, old-fashioned winter eve
       13567   5634 w  -            Chapter II: The Story of Chop-Chin and t | CHAPTER II. THE STORY OF CHOP-CHIN AND THE GOLDEN DRAGON. ON
       45492   1976 w  -            CHAPTER III                              | CHAPTER III. THE grandmother's story was received with great
       56561   2893 w  -            CHAPTER IV                               | CHAPTER IV. AT dinner the next day, it was noticed that <DW5
       72379    146 w  -            Chapter V                                | CHAPTER V. "AND now," said the squirrel, when the tea-things
       73173   2688 w  -            The Useful Coal                          | THE USEFUL COAL. There was once a king whose name was Sligo.
       87875   3089 w  -            Chapter VI                               | CHAPTER VI. IT was a bright clear night, when Toto, accompan
      105463   2462 w  -            Chapter VII                              | CHAPTER VII. TOTO and his companions walked homeward in high
      119047   3380 w  -            Chapter VIII                             | CHAPTER VIII. "BRUIN, what do you think? Oh, Bruin! what _do
      137319   2140 w  -            Chapter IX                               | CHAPTER IX. IT was late in the afternoon of the same day. In
      149029    692 w  -            Chapter X                                | CHAPTER X. WHEN Toto came home, as he did just when night wa
      152747   1760 w  -            The Moon-Calf                            | THE MOON-CALF. There once was a young cow, and she had a cal
      162277    241 w  -            CHAPTER XI.                              | CHAPTER XI. THE apples and nuts went round again and again, 
      163620   2340 w  -            THE THREE REMARKS                        | THE THREE REMARKS. There was once a princess, the most beaut
      176584   3593 w  -            Chapter XII                              | CHAPTER XII. NOW, if we had looked into the hermit's cave a 
      196215   7749 w  -            CHAPTER XIII. GREEN JACKET.              | CHAPTER XIII. GREEN JACKET. "'It's Green Men, it's Green Men
      238663   3352 w  -            Chapter 14                               | CHAPTER XIV. "EGGS! eggs!" cried Toto, springing lightly int
      257218   1804 w  -            Chapter 15                               | CHAPTER XV. YES, the end was come! The woodchuck sounded, th

Novel-44557.txt  ok  pieces 15  dropped 0  tries 1  toc 14  chunks 20  $0.021
    class published | title 'AN UNSENTIMENTAL JOURNEY THROUGH CORNWALL' | author None | date 1884 from 'London MACMILLAN AND CO. 1884'
    body 2051-237405 of 237566 (1% outside) | body_start 'DAY THE FIRST' | end matter 'LONDON: R. CLAY, SONS, AND TAYLOR, BREAD STREET HILL, E.C.'
    contents 'CONTENTS PAGE' .. 'DAYS FOURTEENTH, FIFTEENTH, AND SIXTEENTH 133' at 527-779
        2051   2458 w  -            Day the First                            | DAY THE FIRST I believe in holidays. Not in a frantic rushin
       16108   4933 w  -            Day the Second                           | DAY THE SECOND Is there anything more delightful than to sta
       43963   6011 w  -            Day the Third                            | DAY THE THIRD "And a beautiful day it is, ladies, though it 
       78461   2481 w  1892-09-04   DAY THE FOURTH                           | DAY THE FOURTH Sunday, September 4th--and we had started on 
       92578   1532 w  ~1892-09-04  DAY THE FIFTH                            | DAY THE FIFTH "Hope for the best, and be prepared for the wo
      101449   1923 w  ~1892-09-04  Day the Sixth                            | DAY THE SIXTH And a day absolutely divine! Not a cloud upon 
      112532   2295 w  ~1892-09-04  DAY THE SEVENTH                          | DAY THE SEVENTH John Curgenven had said last night, with his
      125471   2995 w  ~1892-09-04  DAY THE EIGHTH                           | DAY THE EIGHTH And seven days were all we could allow oursel
      142296   4540 w  ~1892-09-04  DAY THE NINTH                            | DAY THE NINTH And our last at the Lizard, which a week ago h
      167776   2373 w  ~1892-09-04  DAY THE TENTH                            | DAY THE TENTH I cannot advise Marazion as a bathing place. W
      181288   2857 w  ~1892-09-04  DAY THE ELEVENTH                         | DAY THE ELEVENTH The last thing before retiring, we had glan
      197043   2240 w  ~1892-09-04  DAY THE TWELFTH                          | DAY THE TWELFTH Monday morning. Black Monday we were half in
      209694   1740 w  ~1892-09-04  Day the Thirteenth                       | DAY THE THIRTEENTH Into King Arthurs land--Tintagel his birt
      219712   2961 w  ~1892-09-04  Days Fourteenth, Fifteenth, and Sixteent | DAYS FOURTEENTH, FIFTEENTH, AND SIXTEENTH-- And all Arthuria
      236625    135 w  ~1892-09-04  L'ENVOI                                  | L'ENVOI Written more than a year after. The "old hen" and he

Novel-47558.txt  ok  pieces 7  dropped 0  tries 1  toc None  chunks 12  $0.012
    class published | title 'PEN PICTURES Of Eventful Scenes and Struggles of Life' | author 'B. F. Craig' | date 1880 from 'Kansas City, Missouri 1880 [Ill cover]'
    body 206-143733 of 143800 (0% outside) | body_start 'SCENE FIRST--INTRODUCTION.' | end matter 'End of the Project Gutenberg EBook of Pen Pictures, by B. F. Craig'
    contents None .. None at None-None
         206   2797 w  -            Scene First: Introduction                | SCENE FIRST--INTRODUCTION. |It is fashionable to preface wha
       15645   2633 w  -            Scene Second: The Hero of Shirt-Tail Ben | SCENE SECOND.--THE HERO OF SHIRT-TAIL BEND. ```Two boys in o
       30518   3708 w  -            Scene Third: The Separated Sisters       | SCENE THIRD--THE SEPARATED SISTERS. ```On the stream of huma
       51443   3638 w  -            SCENE FOURTH--ROXIE DAYMON AND ROSE SIMO | SCENE FOURTH--ROXIE DAYMON AND ROSE SIMON. ```The road of li
       71203   3765 w  -            SCENE FIFTH.--THE BELLE OF PORT WILLIAM. | SCENE FIFTH.--THE BELLE OF PORT WILLIAM. ```A cozy room, ado
       91859   4646 w  -            Scene Sixth: The Second Generation       | SCENE SIXTH.--THE SECOND GENERATION. ````The son may wear th
      117839   4494 w  1861-04-12   SCENE SEVENTH--WAR BETWEEN THE STATES.   | SCENE SEVENTH--WAR BETWEEN THE STATES. |The late civil war b

Novel-47676.txt  FLAGGED  pieces 48  dropped 0  tries 2  toc None  chunks 26  $0.073
    class canonical | title 'THE AMORES; or, AMOURS' | author 'Ovid' | date 1885 from '1885'
    body 202-158899 of 304362 (48% outside) | body_start 'BOOK THE FIRST.' | end matter 'FOOTNOTES BOOK ONE:'
    contents None .. None at None-None
         202     55 w  -            opening / An Epigram on the Amours       | BOOK THE FIRST. AN EPIGRAM ON THE AMOURS. |We who of late we
         481    360 w  -            Elegy I                                  | ELEGY I. _He says that he is compelled by Cupid to write of 
        2512    613 w  -            Elegy II                                 | ELEGY II. _He says, that being taken captive by Love, he all
        5881    331 w  -            Elegy III                                | ELEGY III. _He entreats his mistress to return his affection
        7651    946 w  -            Elegy IV                                 | ELEGY IV. _He instructs his mistress what conduct to-observe
       12629    282 w  -            The beauties of Corinna.                 | ELEGY V. _The beauties of Corinna._ |Twas summer time, [051]
       14177    883 w  -            He entreats the porter to open to him th | ELEGY VI. _He entreats the porter to open to him the door of
       18931    798 w  -            He has beaten his mistress, and endeavou | ELEGY VII. _He has beaten his mistress, and endeavours to re
       23277   1399 w  -            He curses a certain procuress, whom he o | ELEGY VIII. _He curses a certain procuress, whom he overhear
       31010    569 w  -            Elegy IX                                 | ELEGY IX. _He tells Atticus that like the soldier, the lover
       34142    787 w  -            Elegy X                                  | ELEGY X. _He tells his mistress that she ought not to requir
       38391    371 w  -            ELEGY XI.                                | ELEGY XI. _He begs Nape to deliver his letter to her mistres
       40446    295 w  -            ELEGY XII.                               | ELEGY XII. _He curses the tablets which he has sent, because
       42112    612 w  -            ELEGY XIII.                              | ELEGY XIII. _He entreats the morning not to hasten on with i
       45405    697 w  -            ELEGY XIV.                               | ELEGY XIV. _His mistress having been in the habit of dyeing 
       49194    532 w  -            ELEGY XV                                 | ELEGY XV. _He tells the envious that the fame of Poets is im
       52108    440 w  -            BOOK THE SECOND ELEGY I                  | BOOK THE SECOND ELEGY I. _He says that he is obliged by Cupi
       54587    885 w  -            ELEGY II                                 | ELEGY II. _He has seen a lady walking in the portico of the 
       59364    234 w  -            ELEGY III                                | ELEGY III. _He again addresses Bagous, who has proved obdura
       60700    575 w  -            ELEGY IV. / ELEGY IV                     | [330] ELEGY IV. _He confesses that he is an universal admire
       63820    769 w  -            ELEGY V.                                 | ELEGY V. _He addresses his mistress, whom he has detected ac
       67970    702 w  -            ELEGY VI.                                | ELEGY VI. _He laments the death of the parrot which he had g
       71912    364 w  -            ELEGY VII.                               | ELEGY VII. _He attempts to convince his mistress, who suspec
       73878    342 w  -            ELEGY VIII.                              | ELEGY VIII. _He wonders how Corinna has discovered his intri
       75783   1727 w  -            ELEGY IX.                                | ELEGY IX. _To Cupid._ O Cupid, never angered enough against 
       85028    313 w  -            ELEGY XII                                | ELEGY XII. _He rejoices in the possession of his mistress, h
       86830    341 w  -            ELEGY XIII                               | ELEGY XIII. _He entreats the aid of Isis and Lucina in behal
       88740    504 w  -            ELEGY XIV                                | ELEGY XIV. _He reproaches his mistress for having attempted 
       91576    348 w  -            ELEGY XV                                 | ELEGY XV. _He addresses a ring which he has presented to his
       93395    621 w  -            ELEGY XVI                                | ELEGY XVI. _He enlarges on the beauties of his native place,
       96856    383 w  -            ELEGY XVII                               | ELEGY XVII. _He says that he is the slave of Corinna, and co
       98930    468 w  -            ELEGY XVIII                              | ELEGY XVIII. _He tells Macer that he ought to write on Love.
      101489    738 w  -            ELEGY XIX                                | ELEGY XIX. _He tells a husband who does not care for his wif
      105363    841 w  -            ELEGY I                                  | ELEGY I. _The Poet deliberates whether he shall continue to 
      109914   1072 w  -            Elegy II                                 | ELEGY II. _To his mistress, in whose company he is present a
      115644    561 w  -            Elegy III                                | ELEGY III. _He complains of his mistress, whom he has found 
      118667    586 w  -            Elegy IV                                 | ELEGY IV. _He tells a jealous husband, who watches his wife,
      121909    503 w  -            Elegy V                                  | ELEGY V. _A vision, and its explanation._ |Twas night, and s
      124642   1224 w  -            Elegy VI                                 | ELEGY VI. _He addresses a river which has obstructed his pas
      131392    527 w  -            Elegy VII                                | ELEGY VII. ```At non formosa est, at non bene culta puella; 
      135150    759 w  -            ELEGY VIII                               | ELEGY VIII. _He laments that he is not received by his mistr
      139323    727 w  -            ELEGY IX                                 | ELEGY IX. _He laments the death of the Poet Tibullus._ |If h
      143377    530 w  -            ELEGY X                                  | ELEGY X. _He complains to Ceres that during her rites he is 
      146334    597 w  -            He tells his mistress that he cannot hel | ELEGY XI. _He tells his mistress that he cannot help loving 
      149513    523 w  -            He complains that he has rendered his mi | ELEGY XII. _He complains that he has rendered his mistress s
      152336    411 w  -            He describes the Festival of Juno, as ce | ELEGY XIII. _He describes the Festival of Juno, as celebrate
      154674    554 w  -            He entreats his mistress, if she will no | ELEGY XIV. _He entreats his mistress, if she will not be con
      157701    216 w  -            ELEGY X                                  | ELEGY X. _He tells Venus that he now ceases to write Elegies
    MISSING 'ELEGY VIII. _He wonders how Corinna has discovered his intrigue with Cypassis, her handmaid, and tells the latter how ably he has defended her and himself to her mistress._ |'
    MISSING 'ELEGY X. _He tells Græcinus how he is in love with two mistresses at the same time._ |'
    MISSING 'ELEGY XI. _He endeavours to dissuade Corinna from her voyage to Baiæ._ |'
    MISSING 'ELEGY XII. _He rejoices in the possession of his mistress, having triumphed over every obstacle._ |'
    MISSING "sage, and the Amores, Book iii. El. 1.] [Footnote 238: By the East.--Ver. 29. Gallus was the Roman governor of Egypt, which was an Eastern province of Rome.] [Footnote 239: The golden Tagus.--Ver. 34. Pliny and other authors make mention of the golden sands of the Tagus, which flowed through the province of Lusitania, now Portugal.] [Footnote 240: The closing fire.--Ver. 41. Pliny says that the ancient Romans buried the dead; but in consequence of the bones being disturbed by continual warfare, they adopted the system of burning them.] FOOTNOTES BOOK TWO: [Footnote 301: The watery Peligni.--Ver. 1. In the Fourth Book of the Fasti, 1. 81, and the Fourth Book of the Tristia, 1. x. El. 3, he mentions Sulmo, a town of the Peligni, as the place of his birth. It was noted for its many streams or rivulets.] [Footnote 302: And Gyges.--Ver. 12. This giant was more generally called Gyas. He and his hundred-handed brothers, Briareus and Cæus, were the sons of Coelus and Terra.] [Footnote 303: Verses bring down.--Ver. 23. He alludes to the power of magic spells, and attributes their efficacy to their being couched in poetic measures; from which circumstance they received the name of 'carmina.'] [Footnote 304: And by verses.--Ver. 28. He means to say that in the same manner as magic spells have brought down the moon, arrested the sun, and turned back rivers towards their source, so have his Elegiac strains been as wonderfully successful in softening the obduracy of his mistress.] [Footnote 305: Bagous.--Ver. 1. The name Bagoas, or, as it is here Latinized. Bagous, is said to have signified, in the Persian language, 'an eunuch.' It was probably of Chaldæan origin, having that meaning. As among the Eastern nations of the present day, the more jealous of the Romans confided the care of their wives or mistresses to eunuch slaves, who were purchased at a very large price.] [Footnote 306: Daughters of Danaus.--Ver. 4. The portico under the temple of Apollo, on the Palatine Hill, was adorned with the statues of Danaus, the son of Belus, and his forty-nine guilty daughters. It was built by Augustus, on a spot adjoining to his palace. Ovid mentions these statues in the Third Elegy of the Third Book of the Tristia, 1. 10.] [Footnote 307: Let him go.--Ver. 20. 'Eat' seems here to mean 'let him go away' from the house; but Nisard's translation renders it 'qu'il entre,' 'let him come in.'] [Footnote 308: At the sacrifice.--Ver. 23. It is hard to say what 'si faciet tarde' means: it perhaps applies to the rites of Isis, mentioned in the 25th line.] If she shall be slow in her sacrifice.'] [Footnote 309: Linen-clad Isis.--Ver. 25. Seethe 74th line of the Eighth Elegy of the preceding Book, and the Note to the passage; and the Pontic Epistles, Book i. line 51, and the Note. The temple of Isis, at Rome, was in the Campus Martius, or Field of Mars, near the sheep market. It was noted for the intrigues and assignations of which it was the scene.] [Footnote 310: He turns the house.--Ver. 29. As the Delphin Editor says, 'Il peut renverser la maison,' 'he can turn the house upside down.'] [Footnote 311: The masters approve..--Ver. 30. He means to say that the eunuch and his mistress will be able to do just as they please.] [Footnote 312: An executioner.--Ver. 36. To blind the husband, by pretending harshness on the part of Bagous.] [Footnote 313: Of the truth.--Ver. 38 This line is corrupt, and there are about ten various readings. The meaning, however, is clear; he is, by making false charges, to lead the husband away from a suspicion of the truth; and to put him, as we say, in common parlance, on the wrong scent.] [Footnote 314: Your limited savings.--Ver. 39. 'Peculium,' here means the stock of money which a slave, with the consent of his master, laid up for his own, 'his savings.' The slaves of the Romans being not only employed in domestic offices and the labours of the field, but as agents or factors for their masters, in the management of business, and as mechanics and artisans in various trades, great profits were made through them. As they were often entrusted with a large amount of property, and considerable temptations were presented to their honesty, it became the practice to allow the slave to consider a part of his gains, perhaps a per centage, as his own; this was termed his 'peculium.' According to the strict letter of the law, the 'peculium' was the property of the master, but, by usage, it was looked upon as the property of the slave. It was sometimes agreed upon between the master and slave, that the latter should purchase his liberty with his 'peculium,' when it amounted to a certain sum. If the slave was manumitted by the owner in his lifetime, his 'peculium' was considered to be given him, with his liberty, unless it was expressly retained.] [Footnote 315: Necks of informers.--Ver. 41. He probably alludes to informers who have given false evidence. He warns Bagous of their fate, intending to imply that both his mistress and himself will deny all, if he should attempt to criminate them.] [Footnote 325: Tongue caused this.--Ver. 44. According to one account, his punishment was inflicted for revealing the secrets of the Gods.] [Footnote 326: Appointed by Juno.--Ver. 45. This was Argus, whose fate is related at the end of the First Book of the Metamorphoses.] [Footnote 327: Alas! that.--Ver. 1. He is again addressing Bagous, and begins in a strain of sympathy, since his last letter has proved of no avail with the obdurate eunuch.] [Footnote 328: Mutilate Joys --Ver. 3. According to most accounts, Semiramis was the first who put in practice this abominable custom.] [Footnote 329: Standard be borne.--Ver. 10. He means, that he is bound, with his mistress to follow the standard of Cupid, and not of Mars.] [Footnote 330: Favours to advantage.--Ver. 13. 'Ponere' here means, literally, 'to put out at interest.' He tells the eunuch that he has now the opportunity of conferring obligations, which will bring him in à good interest by way of return.] [Footnote 332: Sabine dames.--Ver. 15. Juvenal, in his Tenth Satire, 1. 293, mentions the Sabine women as examples of prudence and chastity.] [Footnote 333: In her stateliness.--Ver. 16. Burmann would have 'ex alto' to mean 'ex alto pectore,' 'from the depths of her breast.' In such case the phrase will correspond with our expression, 'to dissemble deeply,' 'to be a deep dissembler.'] [Footnote 334: Modulates her voice.--Ver. 25. Perhaps 'flectere vocem' means what we technically call, in the musical art, 'to quaver.'] [Footnote 335: Her arms to time.--Ver. 29. Dancing was, in general, discouraged among the Romans. That here referred to was probably the pantomimic dance, in which, while all parts of the body were called into action, the gestures of the arms and hands were especially used, whence the expressions 'manus loquacissimi,' 'digiti clamosi,' 'expressive hands,' or 'fingers.' During the Republic, and the earlier periods of the Empire, women never appeared on the stage, but they frequently acted at the parties of the great. As it was deemed disgraceful for a free man to dance, the practice at Rome was probably confined to slaves, and the lowest class of the citizens. See the Fasti, Book iii. 1. 536, and the Note to the passage.] [Footnote 336: Hippolytus.--Ver. 32. Hippolytus was an example of chastity, while Priapus was the very ideal of lustfulness.] [Footnote 337: Heroines of old.--Ver. 33. He supposes the women of the Heroic ages to have been of extremely tall stature. Andromache was remarkable for her height.] [Footnote 338: The brunette.--Ver. 39. 'Flava,' when coupled with a female name, generally signifies 'having the hair of a flaxen,' or 'golden colour'; here, however, it seems to allude to the complexion, though it would be difficult to say what tint is meant. Perhaps an American would have no difficulty in translating it 'a yellow girl.' In the 43rd line, he makes reference to the hair of a 'flaxen,' or 'golden colour.'] [Footnote 339: Tablets rubbed out.--Ver. 5. If 'deletæ' is the correct reading here, it must mean 'no tablets from which in a hurry you 'have rubbed off the writing.' 'Non interceptæ' has been suggested, and it would certainly better suit the sense. 'No intercepted tablets have, &c.'] [Footnote 342: The wine on table.--Ver. 14. The wine was probably on this occasion placed on the table, after the 'coena,' or dinner. The Poet, his mistress, and his acquaintance, were, probably, reclining on their respective couches; he probably, pretended to fall asleep to watch, their conduct, which may have previously excited his suspicions.] [Footnote 343: Moving your eyebrows.--Ver. 15. See the Note to the 19th line of the Fourth Elegy of the preceding Book.] [Footnote 344: Were not silent.--Ver. 17. See the Note to the 20th line of the same Elegy.] [Footnote 345: Traced over with wine.--Ver. 18. See the 22nd and 26th lines of the same Elegy.] [Footnote 346: Your discourse.--Ver. 19. He seems to mean that they were pretending to be talking on a different subject from that about which they were really discoursing, but that he understood their hidden meaning. See a similar instance mentioned in the Epistle of Paris to Helen, 1. 241.] [Footnote 347: Hand of a master.--Ver. 30. He asserts the same right over her favours, that the master (dominus) does over the services of the slave.] [Footnote 348: New-made husband.--Ter. 36. Perhaps this refers to the moment of taking off the bridal veil, or 'flammeum,' when she has entered her husband's house.] [Footnote 349: Of her steeds.--Ver. 38. When the moon appeared red, probably through a fog, it was supposed that she was being subjected to the spells of witches and enchanters.] [Footnote 350: Assyrian ivory.--Ver. 40. As Assyria adjoined India, the word 'Assyrium' is here used by poetical licence, as really meaning 'Indian.'] [Footnote 351: Woman has stained.--Ver. 40. From this we learn that it was the custom of the Lydians to tint ivory of a pink colour, that it might not turn yellow with age.] [Footnote 352: Of this quality.--Ver. 54. 'Nota,' here mentioned, is literally the mark which was put upon the 'amphorae,' or 'cadi,' the 'casks' of the ancients, to denote the kind, age, or quality of the wine. Hence the word figuratively means, as in the present instance, 'sort,' or 'quality.' Our word 'brand' has a similar meaning. The finer kinds of wine were drawn off from the 'dolia,' or large vessels, in which they were kept into the 'amphoræ,' which were made of earthenware or glass, and the mouth of the vessel was stopped tight by a plug of wood or cork, which was made impervious to the atmosphere by being rubbed over with pitch, clay, or a composition of gypsum. On the outside, the title of the wine was painted, the date of the vintage being denoted by the names of the Consuls then in office: and when the vessels were of glass, small tickets, called 'pittacia,' were suspended from them, stating to a similar effect. For a full account of the ancient wines, see Dr. Smith's Dictionary of Greek and Roman Antiquities.] [Footnote 353: The imitative bird.--Ver. 1. Statius, in his Second Book, calls the parrot 'Humanæ sollers imitator linguæ,' 'the clever imitator of the human voice.'] [Footnote 354: The long trumpet.--Ver. 6. We learn from Aulus Gellius, that the trumpeters at funerals were called 'siticines.' They headed the funeral procession, playing mournful strains on the long trumpet, 'tuba,' here mentioned. These were probably in addition to the 'tibicines,' or 'pipers,' whose number was limited to ten by Appius Claudius, the Censor. See the Sixth Book of the Fasti, 1. 653.] [Footnote 360: Affectionate turtle-dove.--Ver. 12. This turtle-dove and the parrot had been brought up in the same cage together. He probably refers to these birds in the thirty-eighth line of the Epistle of Sappho to Phaon where he mentions the turtle-dove as being black. This Elegy is remarkable for its simplicity and pathetic beauty, and can hardly fail to remind the reader of Cowper's Elegies, on the death of the bullfinch, and that of his pet hare.] [Footnote 361: The Phocian youth.--Ver. 15. He alludes to the friendship of Orestes and Pylades the Phocian, the son of Strophius.] [Footnote 362: So prettily.--Ver. 24. 'Bene' means here, 'prettily,' or 'cleverly,' rather than 'distinctly,' which would be inconsistent with the signification of blæsus.] [Footnote 363: All their battles --Ver. 27. Aristotle, in the Eighth Chapter of the Ninth Book of his History of Animals, describes quails or ortolans, and partridges, as being of quarrelsome habits, and much at war among themselves.] [Footnote 364: The foreboder.--Ver. 34. Festus Avienus, in his Prognostics, mentions the jackdaw as foreboding rain by its chattering.] [Footnote 366: Armed Minerva.--Ver. 35. See the story of the Nymph Coronis, in the Second Book of the Metamorphoses.] [Footnote 367: After nine ages.--Ver. 36. Pliny makes the life of the crow to last for a period of three hundred years.] [Footnote 368: Destined numbers.--Ver. 40. 'Numeri' means here, the similar. parts of one whole: 'the allotted portions of human life.'] [Footnote 369: Seventh day was come.--Ver. 45. Hippocrates, in his Aphorisms, mentions the seventh, fourteenth, and twentieth, as the critical days in a malady. Ovid may here possibly allude to the seventh day of fasting, which was supposed to terminate the existence of the person so doing.] [Footnote 370: Corinna, farewell.--Ver. 48. It may have said 'Corinna;' but Ovid must excuse us if we decline to believe that it said 'vale,' 'farewell,' also; unless, indeed, it had been in the habit of saying so before; this, perhaps, may have been the case, as it had probably often heard the Poet say 'vale' to his mistress.] [Footnote 371: The Elysian hill.--Ver. 49. He kindly imagines a place for the souls of the birds that are blessed.] [Footnote 372: By his words.--Ver. 58. His calling around him, in h"

Novel-51410.txt  ok  pieces 35  dropped 0  tries 2  toc 11  chunks 28  $0.040
    class published | title 'DR. ELSIE INGLIS' | author 'LADY FRANCES BALFOUR' | date None from None
    body 1130-333811 of 334209 (0% outside) | body_start 'PREFACE' | end matter 'Printed in Great Britain by T. and A. CONSTABLE, Printers to His Majesty at the Edinburgh University Press'
    contents 'CONTENTS' .. 'CHAPTER XI THE MOORINGS CUT 234' at 2545-2935
        1130    327 w  -            opening                                  | PREFACE The story of Elsie Inglis needs little introduction.
        2967   3534 w  -            Chapter I: Inglis of Kingsmills, Inverne | CHAPTER I INGLIS OF KINGSMILLS, INVERNESS-SHIRE _PART I_ AME
       22607   2230 w  1864-08-16   CHAPTER II ELSIE MAUD INGLIS             | CHAPTER II ELSIE MAUD INGLIS 1864-1917 ‘Lo, children are an 
       34748   2762 w  ~1864-08-16  Chapter III: The Ladder of Learning      | CHAPTER III THE LADDER OF LEARNING 1876-1885 ‘Hast thou come
       50152   4591 w  ~1864-08-16  CHAPTER IV THE STUDENT DAYS              | CHAPTER IV THE STUDENT DAYS 1885-1892 EDINBURGH--GLASGOW ‘Le
       75493   4071 w  ~1864-08-16  Chapter V: London, The New Hospital for  | CHAPTER V LONDON THE NEW HOSPITAL FOR WOMEN DUBLIN THE ROTUN
       97023   2109 w  1893-11-18   DUBLIN                                   | ‘COSTIGAN’S HOTEL, UPPER SACKVILLE ST., ‘DUBLIN, _Nov. 18, 1
      108035   6800 w  ~1893-11-18  Chapter VI: POLITICAL ENFRANCHISEMENT AN | CHAPTER VI POLITICAL ENFRANCHISEMENT AND NATIONAL POLITICS ‘
      145852   5607 w  ~1893-11-18  Chapter VII: The Profession and the Fait | CHAPTER VII THE PROFESSION AND THE FAITH ‘Run the straight r
      177209   5742 w  ~1893-11-18  Chapter VIII: War and the Scottish Women | CHAPTER VIII WAR AND THE SCOTTISH WOMEN ‘God the all-terribl
      209477    719 w  ~1893-11-18  Chapter IX: Serbia                       | CHAPTER IX SERBIA ‘Send thine hand from above; rid me, and d
      213652   2258 w  ~1893-11-18  In Honour of Dr. Elsie Inglis            | IN HONOUR OF DR. ELSIE INGLIS (Obiit Nov. 27, 1917.) At Mlad
      226110    335 w  1915-04-28   To her Sister                            | _To her Sister._ ‘BRINDISI, _en route_ for SERBIA, ‘_April 2
      227946    734 w  1915-05-30   To Mrs. Simson                           | _To Mrs. Simson._ ‘S.W.H., KRAGUJEVATZ, _May 30/15_. ‘Well, 
      231977    533 w  1915-08-16   To her Niece, Amy M‘Laren                | _To her Niece, Amy M‘Laren._ ‘VALJEVO, _August 16, 1915_. ‘D
      234907    570 w  1915-11-06   To Mrs. Simson                           | _To Mrs. Simson._ ‘KRUSHIEEVATZ, _Nov. 6, 1915_. ‘We are in 
      238088   1673 w  1915-11-30   SERBIAN MILITARY HOSPITAL                | ‘SERBIAN MILITARY HOSPITAL, ‘KRUSHIEEVATZ, _Nov. 30, 1915_. 
      247502   1343 w  ~1915-11-30  CHAPTER X RUSSIA 1917                    | CHAPTER X RUSSIA 1917 ‘Even so in our mortal journey, The bi
      255221   1127 w  1916-09-06   Letter from H.M. Transport               | ‘H.M. TRANSPORT ----, ‘_Sep. 6, 1916_. ‘DEAREST AMY,--Here w
      261370    969 w  1916-09-14   Letter from the train to Moscow          | ‘ON THE TRAIN TO MOSCOW, ‘_Sep. 14, 1916_. ‘DEAREST AMY,--He
      266594    410 w  1916-09-21   NEARING ODESSA                           | ‘NEARING ODESSA, ‘_Sep. 21, 1916_. ‘DARLING EVE,--We are nea
      268762    386 w  1916-09-29   RENI                                     | ‘RENI, _Sep. 29, 1916_. ‘DEAREST AMY,--We have left Odessa a
      270820    160 w  1916-10-28   RENI                                     | ‘RENI, _Oct. 28, 1916_. ‘DEAREST AMY,--Just a line to say I 
      271726    806 w  1916-11-11   ON THE DANUBE AT TULCEA                  | ‘ON THE DANUBE AT TULCEA, ‘_Nov. 11/16_. ‘DEAREST AMY,--I am
      276204    502 w  1917-01-24   IN AN AMBULANCE TRAIN BETWEEN ‘RENI AND  | ‘IN AN AMBULANCE TRAIN BETWEEN ‘RENI AND ODESSA, _Jan. 24, 1
      278922    138 w  1917-01-25   IN AN AMBULANCE TRAIN, ‘NEAR ODESSA      | ‘IN AN AMBULANCE TRAIN, ‘NEAR ODESSA, _Jan. 25, 1917_. ‘You 
      279612    444 w  1917-01-25   To her little Niece, Amy M‘Laren / ON AN | _To her little Niece, Amy M‘Laren_ ‘ON AN AMBULANCE TRAIN, ‘
      281971    384 w  1917-03-05   S.W.H., RENI                             | ‘S.W.H., RENI, _March 5, 1917_. ‘DARLING MARY,--We have been
      284028    827 w  1917-03-23   March 23, 1917.                          | ‘_March 23, 1917._ ‘We have been awfully excited and interes
      288506    172 w  1917         Easter Day, 1917                         | ‘RENI, _Easter Day, 1917_. ‘We, all the patients, sick and w
      289467    269 w  1917-03-02   March 2, 1917                            | ‘RENI, _March 2, 1917_. ‘DARLING EVE,--Very many thanks for 
      290858    629 w  1918-04-18   April 18, 1918                           | ‘_April 18, 1918._ ‘I am writing this sitting out in my litt
      294316    576 w  1917-05-08   On Active Service                        | ‘_On Active Service._ ‘To Mrs. FLINDERS PETRIE, Hon. Sec., S
      297552   2046 w  1917-05-11   May 11, 1917                             | ‘_May 11, 1917._ ‘It was delightful seeing Miss Henderson, a
      308325   4649 w  1917-11-26   Chapter XI: The Moorings Cut             | CHAPTER XI THE MOORINGS CUT ‘Not I, but my Unit.’ ‘My dear U

Novel-54537.txt  ok  pieces 18  dropped 0  tries 2  toc 77  chunks 16  $0.019
    class published | title 'MUSICAL INSTRUMENTS' | author 'CARL ENGEL' | date 1875 from '_August, 1875._'
    body 3308-185824 of 190409 (4% outside) | body_start 'Music, in however primitive a stage of development it may be with some nations, is universally appreciated as one of the Fine Arts.' | end matter 'INDEX.'
    contents 'LIST OF WOODCUTS.' .. 'Carillon, Netherlands 122' at 1670-3261
        3308   2322 w  -            Chapter I                                | CHAPTER I. Music, in however primitive a stage of developmen
       17729     65 w  -            Chapter II                               | CHAPTER II. A really complete account of all the musical ins
       18128    392 w  -            Pre-Historic Relics                      | PRE-HISTORIC RELICS. [Illustration] A musical relic has rece
       20384   1514 w  -            The Ancient Egyptians                    | THE ANCIENT EGYPTIANS. The most ancient nations historically
       29178   1030 w  -            Chapter III: The Assyrians               | CHAPTER III. THE ASSYRIANS. Our acquaintance with the Assyri
       35092     80 w  -            The Hebrews                              | THE HEBREWS. As regards the musical instruments of the Hebre
       35600     46 w  -            The Harp                                 | THE HARP. There cannot be a doubt that the Hebrews possessed
       35870    110 w  -            The Dulcimer                             | THE DULCIMER. Some writers on Hebrew music consider the _neb
       36527   2047 w  -            The Lyre                                 | THE LYRE. This instrument is represented on some Hebrew coin
       48828   1445 w  -            CHAPTER IV. THE GREEKS.                  | CHAPTER IV. THE GREEKS. Many musical instruments of the anci
       57305   1349 w  -            THE ETRUSCANS AND ROMANS.                | THE ETRUSCANS AND ROMANS. The Romans are recorded to have de
       65426   1968 w  -            Chapter V: The Chinese                   | CHAPTER V. THE CHINESE. Allowing for any exaggeration as to 
       77191   3134 w  -            The Hindus                               | THE HINDUS. [Illustration] In the Brahmin mythology of the H
       96090   7306 w  -            Chapter VI: The American Indians         | CHAPTER VI. THE AMERICAN INDIANS. If the preserved antiquiti
      140072   2310 w  -            Chapter VII: European Nations During the | CHAPTER VII. EUROPEAN NATIONS DURING THE MIDDLE AGES. Many r
      154065   1539 w  -            CHAPTER VIII.                            | CHAPTER VIII. The construction of the _organistrum_ requires
      163325   1283 w  -            Chapter 9                                | CHAPTER IX. Respecting the orchestras, or musical bands, rep
      171029   2499 w  -            Chapter X: Post-Mediæval Musical Instrum | CHAPTER X. POST-MEDIÆVAL MUSICAL INSTRUMENTS. Attention must

Novel-58553.txt  ok  pieces 30  dropped 0  tries 1  toc 19  chunks 16  $0.020
    class published | title 'AN ASTRONOMER’S WIFE' | author 'ANGELO HALL' | date 1908 from 'BALTIMORE NUNN & COMPANY 1908'
    body 1723-191358 of 191743 (1% outside) | body_start 'PROLOGUE.' | end matter '● Transcriber’s Notes:'
    contents 'CONTENTS.' .. 'EPILOGUE 130' at 855-1379
        1723    263 w  1908         Prologue                                 | PROLOGUE. _Dear Peggy_: As I tell you this story of the nobl
        3362   1802 w  ~1908        Chapter I: A Grand-Daughter of the Revol | CHAPTER I. –––––– A GRAND-DAUGHTER OF THE REVOLUTION. One fi
       13775   1107 w  ~1908        Chapter II: The Fatherless Child         | CHAPTER II. –––––– THE FATHERLESS CHILD. All the saints had 
       20252   1794 w  ~1908        Chapter III: Lady Angeline               | CHAPTER III. –––––– LADY ANGELINE. In the summer of 1841 Eli
       30302    885 w  ~1908        Chapter IV: Teaching School              | CHAPTER IV. –––––– TEACHING SCHOOL. In the North teaching fo
       35271   1606 w  ~1908        Chapter V: The Next Step                 | CHAPTER V. –––––– THE NEXT STEP. “Do the next thing”—such is
       44373   2783 w  ~1908        Chapter VI: College Days                 | CHAPTER VI. –––––– COLLEGE DAYS. New York Central College, a
       60641   2127 w  ~1908        Chapter VII: College Productions         | CHAPTER VII. –––––– COLLEGE PRODUCTIONS. It is next in order
       72388   1243 w  ~1908        Chapter VIII: Asaph Hall, Carpenter      | CHAPTER VIII. –––––– ASAPH HALL, CARPENTER. Like many other 
       79720   2058 w  ~1908        Chapter IX: Courtship and Marriage       | CHAPTER IX. –––––– COURTSHIP AND MARRIAGE. President Eliot o
       91278   1083 w  1856-08-06   CHAPTER X.                               | CHAPTER X. –––––– ANN ARBOR AND SHALERSVILLE. Do you know th
       97256   2350 w  ~1856-08-06  Chapter XI: Strenuous Times              | CHAPTER XI. –––––– STRENUOUS TIMES. They had left Shalersvil
      110722   1407 w  ~1856-08-06  LOVE IN A COTTAGE.                       | CHAPTER XII. –––––– LOVE IN A COTTAGE. Miss Sarah Waitt, a C
      118889   2588 w  ~1856-08-06  WASHINGTON AND THE CIVIL WAR.            | CHAPTER XIII. –––––– WASHINGTON AND THE CIVIL WAR. Many an o
      133517   2254 w  ~1856-08-06  CHAPTER XIV: THE GAY STREET HOME         | CHAPTER XIV. –––––– THE GAY STREET HOME. In November, 1867, 
      146331   3439 w  ~1856-08-06  AN AMERICAN WOMAN.                       | CHAPTER XV. –––––– AN AMERICAN WOMAN. The desire of knowledg
      166120     74 w  ~1856-08-06  Chapter XVI: A Bundle of Letters         | CHAPTER XVI. –––––– A BUNDLE OF LETTERS. The letters of Ange
      166556    303 w  1866-07-26   Letter to Asaph                          | RODMAN, July 26, ’66. DEAREST ASAPH: I am at Mother’s this m
      168081    171 w  1868-09-28   GEORGETOWN Sept. 28 (1868)               | GEORGETOWN Sept. 28 (1868) DEAR SISTER MARY, Little Angelo i
      168910    245 w  1871-03-03   GEORGETOWN March 3rd 1871                | GEORGETOWN March 3rd 1871 DEAR SISTER MARY: We received your
      170133    216 w  1874-01-18   GEORGETOWN Jan. 18th ’74                 | GEORGETOWN Jan. 18th ’74 DEAR SISTER MARY: I am getting very
      171223    182 w  1877-03-22   GEORGETOWN March 22nd [1877 probably]    | GEORGETOWN March 22nd [1877 probably] DEAR SISTER MARY: We a
      172108    242 w  1881-08-13   RODMAN Aug. 13th 1881                    | RODMAN Aug. 13th 1881 DEAR ASAPH, Yesterday we buried Nellie
      173329    409 w  1884-07-14   THE OLD BRICK, GOSHEN 9 A.M. Monday Morn | THE OLD BRICK, GOSHEN 9 A.M. Monday Morning July 14, 1884 DE
      175508    607 w  1887-11-17   WASHINGTON Nov. 17th 1887                | WASHINGTON Nov. 17th 1887 MY DEAR BOYS [Samuel and Angelo at
      178702    137 w  1888-11-12   [WASHINGTON] Nov. 12th ’88               | [WASHINGTON] Nov. 12th ’88 MY DEAR ANGELO AND PERCIVAL [at c
      179402    457 w  1890-09-08   CLINTON, N.Y. Sept. 8th, 1890            | CLINTON, N.Y. Sept. 8th, 1890 MY DEAR BOYS [Angelo and Perci
      181756    579 w  1891-03-28   2715 N Street [same as 18 Gay St] WASHIN | 2715 N Street [same as 18 Gay St] WASHINGTON D.C. March 28th
      184926   1007 w  1892-07-28   AUGUSTA LARNED’S TRIBUTE.                | CHAPTER XVII. –––––– AUGUSTA LARNED’S TRIBUTE. The following
      190671    109 w  ~1892-07-28  EPILOGUE.                                | EPILOGUE. An amber Adirondack river flows Down through the h

Novel-5956.txt  ok  pieces 10  dropped 0  tries 1  toc 10  chunks 22  $0.022
    class canonical | title 'GALLEGHER AND OTHER STORIES' | author 'Richard Harding Davis' | date 1891 from "Copyright, 1891, By Charles Scribner's Sons"
    body 511-255435 of 255527 (0% outside) | body_start 'GALLEGHER A Newspaper Story' | end matter 'End of the Project Gutenberg EBook of Gallegher and Other Stories, by Richard Harding Davis'
    contents 'Contents' .. 'VAN BIBBER AS BEST MAN' at 241-488
         511  11179 w  -            Gallegher: A Newspaper Story             | GALLEGHER A Newspaper Story {Illustration: "Why, it's Galleg
       62183   2190 w  -            A WALK UP THE AVENUE                     | A WALK UP THE AVENUE He came down the steps slowly, and pull
       73906   6769 w  -            MY DISREPUTABLE FRIEND, MR. RAEGEN       | MY DISREPUTABLE FRIEND, MR. RAEGEN Rags Raegen was out of hi
      110131   5705 w  -            THE OTHER WOMAN                          | THE OTHER WOMAN Young Latimer stood on one of the lower step
      139471   3528 w  -            THE TRAILER FOR ROOM NO. 8               | THE TRAILER FOR ROOM NO. 8 The "trailer" for the green-goods
      158080   6923 w  -            THERE WERE NINETY AND NINE               | THERE WERE NINETY AND NINE" Young Harringford, or the "Goodw
      194224   4986 w  -            The Cynical Miss Catherwaight            | THE CYNICAL MISS CATHERWAIGHT Miss Catherwaight's collection
      220997   1361 w  -            VAN BIBBER AND THE SWAN-BOATS            | VAN BIBBER AND THE SWAN-BOATS It was very hot in the Park, a
      228360   3000 w  -            Van Bibber's Burglar                     | VAN BIBBER'S BURGLAR There had been a dance up town, but as 
      244368   2067 w  -            VAN BIBBER AS BEST MAN                   | VAN BIBBER AS BEST MAN Young Van Bibber came up to town in J

Novel-8559.txt  FLAGGED  pieces 41  dropped 0  tries 2  toc 34  chunks 19  $0.024
    class published | title 'SCIENTIFIC AMERICAN SUPPLEMENT NO. 360' | author None | date 1882-11-25 from 'NEW YORK, NOVEMBER 25, 1882'
    body 3323-223842 of 225822 (2% outside) | body_start 'SOAKING PITS FOR STEEL INGOTS.' | end matter 'A catalogue, containing brief notices of many important scientific papers heretofore published in the SUPPLEMENT, may be had gratis at this office.'
    contents 'TABLE OF CONTENTS.' .. "Lucidity.--Matthew Arnold's remarks at the reopening of the Liverpool University College and School of Medicine." at 374-3210
        3323   2050 w  -            Soaking Pits for Steel Ingots            | SOAKING PITS FOR STEEL INGOTS. ON THE SUCCESSFUL ROLLING OF 
       14708    239 w  -            TEMPERING BY COMPRESSION                 | TEMPERING BY COMPRESSION. L. Clemandot has devised a new met
       16222   2161 w  -            ECONOMICAL STEAM POWER                   | ECONOMICAL STEAM POWER. [Footnote: A paper read by title at 
       28618    278 w  -            RIVER IMPROVEMENTS NEAR ST. LOUIS.       | RIVER IMPROVEMENTS NEAR ST. LOUIS. The improvement of the Mi
       30303   1428 w  -            BUNTE'S BURETTE FOR THE ANALYSIS OF FURN | BUNTE'S BURETTE FOR THE ANALYSIS OF FURNACE GASES. For analy
       38287    724 w  -            THE "UNIVERSAL" GAS ENGINE               | THE "UNIVERSAL" GAS ENGINE. The accompanying engravings illu
       42362    509 w  -            GAS FURNACE FOR BAKING REFRACTORY PRODUC | GAS FURNACE FOR BAKING REFRACTORY PRODUCTS. In order that sm
       45206   1365 w  -            THE EFFICIENCY OF FANS                   | THE EFFICIENCY OF FANS. Air, like every other gas or combina
       52217    697 w  -            MACHINE FOR COMPRESSING COAL REFUSE INTO | MACHINE FOR COMPRESSING COAL REFUSE INTO FUEL. The problem a
       56267    521 w  -            HANK SIZING AND WRINGING MACHINE.        | HANK SIZING AND WRINGING MACHINE. We give a view of a hank s
       59142    654 w  -            IMPROVED COKE BREAKER.                   | IMPROVED COKE BREAKER. The working parts of the breaker now 
       62713    180 w  -            IMPROVEMENT IN PRINTING MACHINERY.       | IMPROVEMENT IN PRINTING MACHINERY. This is the design of Alf
       63755    968 w  -            A CHARACTERISTIC MINING "RUSH."          | A CHARACTERISTIC MINING "RUSH."--THE PROSPECTIVE MINING CENT
       69340     94 w  -            THE SOY BEAN.                            | THE SOY BEAN. The _British Medical Journal_ says that Prof. 
       69877   1759 w  -            ON A NEW ARC ELECTRIC LAMP.              | ON A NEW ARC ELECTRIC LAMP. [Footnote: Paper read at the Bri
       79751    916 w  -            APPARATUS FOR OBTAINING PURE WATER FOR P | APPARATUS FOR OBTAINING PURE WATER FOR PHOTOGRAPHIC USE. Our
       85137    118 w  -            BLACK PHOSPHORUS                         | BLACK PHOSPHORUS. By P. THENARD. The author refers to the cu
       85864     73 w  -            COMPOSITION OF STEEP WATER               | COMPOSITION OF STEEP WATER. According to M. C. Leeuw, water 
       86289   1197 w  -            SCHREIBER'S APPARATUS FOR REVIVIFYING BO | SCHREIBER'S APPARATUS FOR REVIVIFYING BONE-BLACK. We give op
       93055   1001 w  -            SOAP AND ITS MANUFACTURE, FROM A CONSUME | [Continued from SUPPLEMENT, No. 330, page 5264.] SOAP AND IT
       98752    416 w  -            COTTON SEED OIL                          | COTTON SEED OIL. By S.S. BRADFORD, Ph.G. Having had occasion
      101189   2051 w  -            THE FOOD AND ENERGY OF MAN               | THE FOOD AND ENERGY OF MAN. [Footnote: From a lecture delive
      112856    627 w  -            RATTLESNAKE POISON                       | RATTLESNAKE POISON. By HENRY H. CROFT. Some time since, in a
      116536    676 w  -            THE CHINESE SIGN MANUAL                  | THE CHINESE SIGN MANUAL. [Footnote: Dr. D. J. Macgowan, in M
      120606   1580 w  -            LUCIDITY                                 | LUCIDITY. At the close of an interesting address lately deli
      129847   2038 w  -            ON SOME APPARATUS THAT PERMIT OF ENTERIN | ON SOME APPARATUS THAT PERMIT OF ENTERING FLAMES. [Footnote:
      141341   2064 w  -            THE BUILDING STONE SUPPLY                | THE BUILDING STONE SUPPLY. The use of stone as a building ma
      153773    972 w  -            AN INDUSTRIAL REVOLUTION                 | AN INDUSTRIAL REVOLUTION. The most interesting change of whi
      159351    666 w  -            A FARMER'S LIME KILN.                    | A FARMER'S LIME KILN. For information about burning lime we 
      162980   1984 w  -            THE MANUFACTURE OF APPLE JELLY.          | THE MANUFACTURE OF APPLE JELLY. [Footnote: From the report o
      174390    764 w  -            IMPROVED GRAPE BAGS.                     | IMPROVED GRAPE BAGS. It stands to reason that were our summe
      178770    517 w  -            UTILIZATION OF SOLAR HEAT.               | UTILIZATION OF SOLAR HEAT. At a popular fete in the Tuilerie
      181856     21 w  -            HOW TO ESTABLISH A TRUE MERIDIAN.        | HOW TO ESTABLISH A TRUE MERIDIAN. [Footnote: A paper read be
      181985   1594 w  -            Introductory                             | INTRODUCTORY. The discovery of the magnetic needle was a boo
      191049   1068 w  -            To Find the Azimuth of Polaris           | TO FIND THE AZIMUTH OF POLARIS. As we have shown the azimuth
      195607    278 w  -            Applications                             | APPLICATIONS. In practice to find the true meridian, two obs
      197160    495 w  -            Another Method                           | ANOTHER METHOD. It is a little more accurate to find the alt
      199984    460 w  -            Approximate Equation of Time             | APPROXIMATE EQUATION OF TIME. _______________________ | | | 
      201235    924 w  -            The Ocellated Pheasant                   | THE OCELLATED PHEASANT. The collections of the Museum of Nat
      206633    979 w  -            THE MAIDENHAIR TREE.                     | THE MAIDENHAIR TREE. The Maidenhair tree--Gingkgo biloba--of
      212416   2030 w  -            THE WOODS OF AMERICA.                    | THE WOODS OF AMERICA. A collection of woods without a parall
    MISSING '_The Animal Black Furnace_.--'

affilkg-2026.pdf  ok  pieces 8  dropped 7  tries 2  toc None  chunks 4  $0.007
    class published | title 'Relation Extraction Across Entire Books to Reconstruct Community\nNetworks: The AFFILKG Datasets' | author 'Erica Cai\nSean McQuade\nKevin Young\nBrendan O’Connor' | date 2025-05-16 from 'arXiv:2505.10798v1  [cs.CL]  16 May 2025'
    body 227-21815 of 47330 (54% outside) | body_start 'Abstract' | end matter 'References'
    contents None .. None at None-None
         227    160 w  -            opening                                  | Abstract When knowledge graphs (KGs) are automat- ically ext
        1352    899 w  -            Introduction                             | 1 Introduction Extracting social networks from text is of gr
        7240   1042 w  -            AFFILKG Dataset Construction             | 2 AFFILKG Dataset Construction AFFILKG contains six datasets
       14173    818 w  -            Benchmarking LLMs for Extracting Local a | 3 Benchmarking LLMs for Extracting Local and Global Structur
       19187     62 w  -            Conclusion                               | 4 Conclusion AFFILKG is the first dataset collection to pair
       19645    117 w  -            Limitations                              | Limitations We did not carry out extensive prompt engineer- 
       20398    131 w  -            Ethical considerations                   | Ethical considerations The collected manual annotations (for
       21224     85 w  -            Acknowledgments                          | Acknowledgments We thank anonymous reviewers, members of the
    7 piece(s) after the end matter dropped

agent-native-memory-2026.pdf  ok  pieces 22  dropped 0  tries 1  toc None  chunks 8  $0.010
    class published | title 'Are We Ready For An Agent-Native Memory System?' | author 'Wei Zhou' | date 2026-06-23 from 'arXiv:2606.24775v1  [cs.CL]  23 Jun 2026'
    body 557-82638 of 91829 (11% outside) | body_start 'Abstract' | end matter 'References'
    contents None .. None at None-None
         557    241 w  -            Abstract                                 | Abstract Memory for large language model (LLM) agents has ra
        2441   1285 w  -            Chapter 1: Introduction                  | 1 Introduction The rapid evolution of Large Language Model (
       12289    965 w  -            Preliminaries                            | 2 Preliminaries To support the discussion in the rest of thi
       19029     30 w  -            Method Overview                          | 3 Method Overview In this section, we carefully analyze exis
       19238    419 w  -            Memory Representation and Storage        | 3.1 Memory Representation and Storage This module consists o
       23244    759 w  -            Logical Representation                   | 3.1.1 Logical Representation. As displayed in Figure 2, this
       28877    525 w  -            3.1.2 Physical Storage and Indexing      | 3.1.2 Physical Storage and Indexing. As shown in Figure 3, t
       32569    285 w  -            3.2 Memory Extraction                    | 3.2 Memory Extraction Memory extraction concerns how raw int
       34755    804 w  -            3.3 Memory Retrieval and Query Routing   | 3.3 Memory Retrieval and Query Routing Memory retrieval and 
       40991    616 w  -            Memory Maintenance                       | 3.4 Memory Maintenance Memory maintenance concerns how memor
       45833     49 w  -            End-to-End Assessment                    | 4 End-to-End Assessment In this section, we conduct a system
       46181   1125 w  -            Overall Effectiveness (RQ1)              | 4.1 Overall Effectiveness (RQ1) Experimental Setting. For “D
       53479    568 w  -            4.2 Memory Retrieval Fidelity (RQ2)      | 4.2 Memory Retrieval Fidelity (RQ2) Experimental Setting. Fo
       57277    761 w  -            4.3 Memory Evolution Robustness (RQ3)    | 4.3 Memory Evolution Robustness (RQ3) Experimental Setting. 
       62376    577 w  -            4.4 Long Horizon Memory Stability (RQ4)  | 4.4 Long Horizon Memory Stability (RQ4) Experimental Setting
       66285    546 w  -            4.5 Memory Operation Cost (RQ5)          | 4.5 Memory Operation Cost (RQ5) Experimental Setting. For “W
       70036     46 w  -            5 Fine-Grained Component Comparison      | 5 Fine-Grained Component Comparison To understand the root c
       70370    448 w  -            5.1 Memory Representation and Storage (M | 5.1 Memory Representation and Storage (M1) Experimental Sett
       73531    436 w  -            5.2 Memory Extraction (M2)               | 5.2 Memory Extraction (M2) Experimental Setting. For “How do
       76477    455 w  -            5.3 Memory Retrieval and Routing (M3)    | 5.3 Memory Retrieval and Routing (M3) Experimental Setting. 
       79694    285 w  -            5.4 Memory Maintenance (M4)              | 5.4 Memory Maintenance (M4) Experimental Setting. For “How d
       81829    111 w  -            6 Conclusion                             | 6 Conclusion We present a comprehensive review of existing a

agentchaos-2026.pdf  ok  pieces 19  dropped 0  tries 1  toc None  chunks 8  $0.011
    class published | title 'AgentChaos: Chaos Engineering for Agent Systems via\nProgrammatic Fault Injection' | author 'Gou Tan' | date 2026-10 from 'ASE ’26, October 12–16, 2026, Munich, Germany'
    body 1073-69528 of 90266 (24% outside) | body_start 'Abstract' | end matter '9\nData Availability'
    contents None .. None at None-None
        1073    353 w  -            Abstract                                 | Abstract Agent systems rely on LLM APIs for every response, 
        3604   1060 w  -            Introduction                             | 1 Introduction Agent systems built on Large Language Models 
       10504    366 w  -            Background / Agent Systems and LLM API D | 2 Background 2.1 Agent Systems and LLM API Dependence An age
       13039    123 w  -            Fault Injection and Chaos Engineering    | 2.2 Fault Injection and Chaos Engineering Fault injection is
       13892   1002 w  -            Fault Taxonomy for LLM API Responses     | 3 Fault Taxonomy for LLM API Responses To address the lack o
       20075    201 w  -            Methodology / Overview                   | 4 Methodology 4.1 Overview We present AgentChaos, a chaos en
       21396    817 w  -            Fault Configuration                      | 4.2 Fault Configuration The fault taxonomy (§3) defines the 
       26714    867 w  -            Non-Intrusive Fault Injection            | 4.3 Non-Intrusive Fault Injection To address the offline and
       32337    187 w  -            Trigger Verification                     | 4.4 Trigger Verification An agent system decides how many LL
       33454     49 w  -            Experimental Evaluation                  | 5 Experimental Evaluation In this section, we evaluate Agent
       33776   1152 w  -            Experiment Setup                         | 5.1 Experiment Setup Agent Systems. We evaluate agent system
       40559   1227 w  -            RQ1: Robustness of Agent Systems         | 5.2 RQ1: Robustness of Agent Systems Table 3 presents pass@1
       48235   1000 w  -            RQ2: Impact of Fault Configurations      | 5.3 RQ2: Impact of Fault Configurations Beyond overall degra
       54742    834 w  -            RQ3: Fault Diagnosis                     | 5.4 RQ3: Fault Diagnosis We evaluate how well existing metho
       60281    477 w  -            Discussion / 6.1 Implications for Practi | 6 Discussion 6.1 Implications for Practice Our results provi
       63353    317 w  -            6.2 Threats to Validity                  | 6.2 Threats to Validity For internal validity, we reimplemen
       65494    283 w  -            Related Work / 7.1 Fault Injection for A | 7 Related Work 7.1 Fault Injection for Agent Systems Existin
       67440    150 w  -            7.2 Failure Analysis of Agent Systems    | 7.2 Failure Analysis of Agent Systems Existing studies on ag
       68466    157 w  -            Conclusion and Future Work               | 8 Conclusion and Future Work We present AgentChaos, a chaos 

agentchaosbench-2026.pdf  ok  pieces 20  dropped 0  tries 1  toc None  chunks 4  $0.005
    class published | title 'When Agentic Executions Fail: Detecting and Localizing Runtime\nFaults from Telemetry' | author 'Chenkai Zhang∗' | date 2026-08-04 from 'arXiv:2608.14680v1  [cs.AI]  4 Aug 2026'
    body 492-44895 of 49166 (10% outside) | body_start 'Abstract' | end matter 'References'
    contents None .. None at None-None
         492    252 w  -            Abstract                                 | Abstract Reliability in LLM-based agentic systems is a prope
        2230    889 w  -            1 Introduction                           | 1 Introduction Large language model (LLM) agents are evolvin
        8538    195 w  -            2 Benchmark Design and Construction      | 2 Benchmark Design and Construction An agentic system is not
        9892    189 w  -            2.1 Design Goals                         | 2.1 Design Goals The benchmark design follows six goals: • P
       11249    293 w  -            2.2 Agentic Systems and Task Selection   | 2.2 Agentic Systems and Task Selection We build AgentChaosBe
       13299    175 w  -            Deployment and Execution Environment     | 2.3 Deployment and Execution Environment Each system is depl
       14444    264 w  -            Fault Model                              | 2.4 Fault Model Our fault model is intended to cover major o
       16248    559 w  -            Fault-Injection Mechanism                | 2.5 Fault-Injection Mechanism Faults are introduced by inter
       19829    186 w  -            Observability and Trace Collection       | 2.6 Observability and Trace Collection A useful diagnosis tr
       21031    668 w  -            Dataset Construction and Specification   | 2.7 Dataset Construction and Specification Case Generation a
       25327    142 w  -            Chapter 3: Evaluation                    | 3 Evaluation We ask whether a diagnosis method can infer a f
       26259     99 w  -            Section 3.1: Diagnosis Task and Predicti | 3.1 Diagnosis Task and Prediction Format In the primary sing
       26887    112 w  -            Section 3.2: Baselines                   | 3.2 Baselines Our baselines are general-purpose instruction-
       27617    131 w  -            Section 3.3: Metrics                     | 3.3 Metrics For fault-type diagnosis we report top-1 accurac
       28481    353 w  -            Section 3.4: Experimental Setup          | 3.4 Experimental Setup All baselines run against the correct
       30767   1076 w  -            Section 3.5: Results                     | 3.5 Results Table 3 reports AC@1 and AC@3 on the 250 faulty 
       37757    405 w  -            Related Work                             | 4 Related Work Agentic systems and observability. Benchmarks
       40679    188 w  -            Discussion / Limitations                 | 5 Discussion 5.1 Limitations The current benchmark uses five
       41944    295 w  -            Threats to Validity                      | 5.2 Threats to Validity Internal validity. Four factors coul
       43912    133 w  -            Conclusion and Future Work               | 6 Conclusion and Future Work We presented AgentChaosBench, a

ama-bench-2026.pdf  ok  pieces 21  dropped 33  tries 1  toc None  chunks 9  $0.014
    class published | title 'AMA-Bench: Evaluating Long-Horizon Memory for Agentic Applications' | author 'Yujie Zhao 1 Boqin Yuan 1 Junbo Huang 1 Haocheng Yuan 1 Zhongming Yu 1 Haozhou Xu 1 Lanxiang Hu 1\nAbhilash Shankarampeta 1 Zimeng Huang 1 Wentao Ni 1 Yuandong Tian 2 Jishen Zhao 1' | date 2026-05-27 from 'arXiv:2602.22769v4  [cs.AI]  27 May 2026'
    body 247-44227 of 107306 (59% outside) | body_start 'Abstract' | end matter 'References'
    contents None .. None at None-None
         247    146 w  -            Abstract                                 | Abstract Large Language Models (LLMs) are increasingly used 
        1422    992 w  -            Chapter 1: Introduction                  | 1. Introduction Large Language Models (LLMs) have rapidly ev
        8875    289 w  -            Chapter 2: Related Work / Section 2.1: A | 2. Related Work 2.1. Agent Memory Evaluation We categorize e
       11011    204 w  -            Section 2.2: Agent Memory Mechanisms     | 2.2. Agent Memory Mechanisms Three main approaches have been
       12499    234 w  -            Memory Agent Systems                     | Memory Agent Systems. Recent research has shifted from rule-
       14126    208 w  -            3. AMA-Bench                             | 3. AMA-Bench In this section, we introduce AMA-Bench (Benchm
       15547    227 w  -            3.1. Problem formulation                 | 3.1. Problem formulation Agent Environment Interactions. We 
       17031    187 w  -            3.2. Memory Capability Categories        | 3.2. Memory Capability Categories The proposed formulation, 
       18454     43 w  -            3.3. Benchmark Construction              | 3.3. Benchmark Construction With the above formulation and c
       18766    414 w  -            3.3.1. REAL-WORLD SUBSET                 | 3.3.1. REAL-WORLD SUBSET We curate high-quality, long-horizo
       21810    413 w  -            3.3.2. SYNTHETIC SUBSET                  | 3.3.2. SYNTHETIC SUBSET To systematically evaluate agent mem
       24727    470 w  -            4. Empirical Motivation                  | 4. Empirical Motivation We benchmarked a broad set of repres
       28007     51 w  -            5. The AMA-Agent                         | 5. The AMA-Agent Motivated by the observations in Sec. 4, we
       28351    267 w  -            5.1. Memory Construction: Causality Grap | 5.1. Memory Construction: Causality Graph AMA-Agent construc
       30161    220 w  -            5.2. Memory Retrieval: Tool-Augmented Se | 5.2. Memory Retrieval: Tool-Augmented Search Beyond similari
       31649    334 w  -            6. Evaluation / 6.1. Experimental Setup  | 6. Evaluation 6.1. Experimental Setup Benchmarks. We evaluat
       33854    750 w  -            6.2. Key Results                         | 6.2. Key Results Real-world Subset. We report the main resul
       39291    400 w  -            6.3. Further Analyses                    | 6.3. Further Analyses Due to space constraints, we defer to 
       42065    125 w  -            6.4. Ablation Study                      | 6.4. Ablation Study To validate the contributions of our key
       42947    106 w  -            7. Conclusion                            | 7. Conclusion In this paper, we introduced AMA-Bench to brid
       43763     68 w  -            Impact Statement                         | Impact Statement This paper presents work whose goal is to a
    33 piece(s) after the end matter dropped

angles2017-graph-query-foundations.pdf  ok  pieces 39  dropped 12  tries 1  toc None  chunks 17  $0.022
    class published | title 'Foundations of Modern Query Languages for Graph Databases1' | author 'RENZO ANGLES' | date 2017-06-15 from 'arXiv:1610.06264v3  [cs.DB]  15 Jun 2017'
    body 594-146700 of 195890 (25% outside) | body_start 'We survey foundational features underlying modern graph query languages. We ﬁrst discuss two popular' | end matter 'REFERENCES'
    contents None .. None at None-None
         594    239 w  -            opening                                  | We survey foundational features underlying modern graph quer
        2215   1396 w  -            1. INTRODUCTION                          | 1. INTRODUCTION The last decade has seen a resurgence in int
       11202   2349 w  -            2. GRAPH DATA MODELS                     | 2. GRAPH DATA MODELS Graphs can be used to encode data where
       24424    387 w  -            3. GRAPH PATTERNS                        | 3. GRAPH PATTERNS A variety of practical, declarative query 
       26933   2035 w  -            3.1. Basic graph patterns                | 3.1. Basic graph patterns At the core of query answering ove
       38300    775 w  -            Example 3.6                              | Example 3.6. In order to illustrate the differences between 
       42576    431 w  -            Example 3.7                              | Example 3.7. Consider again the graph G from Figure 1, and l
       45191     84 w  -            3.2. Complex graph patterns              | 3.2. Complex graph patterns In terms of traditional relation
       45747    146 w  -            Projection                               | Projection. We call the set of variables for which Q(G) pote
       46575    160 w  -            Join                                     | Join. While the join of two bgps can be easily expressed as 
       47495    208 w  -            Union and difference                     | Union and difference. Let Q1 and Q2 be two graph patterns. T
       48677    379 w  -            Optional.                                | Optional. This operator is based on the join of two graph pa
       50895    168 w  -            Filter.                                  | Filter. Users may wish to restrict the matches of a cgp over
       51952    150 w  -            3.3. Graph patterns in practice          | 3.3. Graph patterns in practice We now take a closer look at
       52881    158 w  -            SPARQL.                                  | SPARQL. SPARQL is a declarative language recommended by the 
       53898    251 w  -            Example 3.8.                             | Example 3.8. The following SPARQL query represents a complex
       55374     96 w  -            Example 3.9.                             | Example 3.9. We start with an example of a union to ﬁnd movi
       55935     67 w  -            Example 3.10.                            | Example 3.10. We could use difference to ask for people who 
       56297    257 w  -            Example 3.11.                            | Example 3.11. Using optional, we could ask for movies that a
       57870     72 w  -            Cypher.                                  | Cypher. Cypher is a declarative language for querying proper
       58354    448 w  -            Example 3.12.                            | Example 3.12. The pattern in Figure 7(b) would be written in
       60994     80 w  -            Example 3.13.                            | Example 3.13. In the following query, we use union to ask fo
       61551   1120 w  -            Example 3.14.                            | Example 3.14. We can use difference to return the people who
       68797    726 w  -            3.4. The complexity of evaluating graph  | 3.4. The complexity of evaluating graph patterns To understa
       73242    249 w  -            Section 4: Navigational Queries          | 4. NAVIGATIONAL QUERIES While graph patterns allow for query
       74722   2012 w  -            Section 4.1: Path Queries                | 4.1. Path Queries Paths are the most basic navigational obje
       85928    410 w  -            Output                                   | Output. As hinted at previously, a user may have different t
       88228    410 w  -            Sets vs. bags                            | Sets vs. bags. In the case of queries that return a boolean 
       90630    978 w  -            Section 4.2: Adding paths to basic graph | 4.2. Adding paths to basic graph patterns Now that we unders
       96145    135 w  -            4.3. Repetition of patterns              | 4.3. Repetition of patterns For the navigational languages w
       96933    372 w  -            Nested regular expressions               | Nested regular expressions. The language of nested regular e
       99258    477 w  -            Regular data path queries                | Regular data path queries. While considering NREs, it is per
      102096    833 w  -            Datalog variants                         | Datalog variants. Thus far all recursive navigational expres
      106960     30 w  -            4.4. Navigational queries in practice    | 4.4. Navigational queries in practice Next we show examples 
      107158   2054 w  -            SPARQL                                   | SPARQL. Since version 1.1 [Harris and Seaborne 2013], SPARQL
      120258   1151 w  -            Section 4.5: Complexity of evaluating na | 4.5. Complexity of evaluating navigational queries We now di
      127174   1488 w  -            Section 5: FINAL REMARKS                 | 5. FINAL REMARKS Graph databases are becoming more and more 
      136560    833 w  -            Uses of this survey.                     | Uses of this survey. First, the categorisation of models, qu
      141735    771 w  -            Future directions.                       | Future directions. Our categorisation also opens interesting
    12 piece(s) after the end matter dropped

angles2018-property-graph-model.pdf  ok  pieces 10  dropped 0  tries 1  toc None  chunks 3  $0.004
    class published | title 'The Property Graph Database Model' | author 'Renzo Angles' | date None from None
    body 139-25173 of 27538 (9% outside) | body_start 'Abstract. Most of the current graph database systems have been de-' | end matter 'Acknowledgments. Renzo Angles is funded by the Millennium Nucleus Center'
    contents None .. None at None-None
         139     64 w  -            Abstract                                 | Abstract. Most of the current graph database systems have be
         559    331 w  -            Chapter 1: Introduction                  | 1 Introduction A graph database system, or just graph databa
        2671    111 w  -            Section 1.1: Related work                | 1.1 Related work The notion of property graph was introduced
        3398    556 w  -            Chapter 2: The property graph data model | 2 The property graph data model Informally, a property graph
        6728    166 w  -            Chapter 3: Integrity Constraints         | 3 Integrity Constraints Integrity constraints are general st
        7801    429 w  -            Section 3.1: Property graph schema       | 3.1 Property graph schema Recall that L is an inﬁnite set of
       10154    319 w  -            Section 3.2: Additional constraints      | 3.2 Additional constraints Note that the deﬁnition of proper
       11924     83 w  -            Chapter 4: Query Language                | 4 Query Language In this section we present a basic graph qu
       12425   1033 w  -            4.1 Syntax                               | 4.1 Syntax The syntax of the query language is based on four
       18431    810 w  -            4.2 Semantics                            | 4.2 Semantics In order to provide a semantics for our query 

artstein2008-intercoder-agreement.pdf  FLAGGED  pieces 39  dropped 0  tries 2  toc None  chunks 12  $0.018
    class published | title 'Inter-Coder Agreement for\nComputational Linguistics' | author 'Ron Artstein∗' | date 2008-01-28 from 'Submission received: 26 August 2005; revised submission received: 21 December 2007; accepted for'
    body 160-119313 of 139341 (14% outside) | body_start 'This article is a survey of methods for measuring agreement among corpus annotators. It exposes' | end matter 'Acknowledgments'
    contents None .. None at None-None
         160     83 w  -            opening                                  | This article is a survey of methods for measuring agreement 
         735    840 w  -            Chapter 1: Introduction and Motivations  | 1. Introduction and Motivations Since the mid 1990s, increas
        6185    286 w  -            Chapter 2: Coefﬁcients of Agreement / Se | 2. Coefﬁcients of Agreement 2.1 Agreement, Reliability, and 
        7993    307 w  -            Section 2.2: A Common Notation           | 2.2 A Common Notation It is useful to think of a reliability
        9686    709 w  -            Section 2.3: Agreement Without Chance Co | 2.3 Agreement Without Chance Correction The simplest measure
       13711    664 w  -            2.4 Chance-Corrected Coefﬁcients for Mea | 2.4 Chance-Corrected Coefﬁcients for Measuring Agreement bet
       17582    299 w  -            2.4.1 All Categories Are Equally Likely: | 2.4.1 All Categories Are Equally Likely: S. The simplest way
       19338    230 w  -            2.4.2 A Single Distribution: π           | 2.4.2 A Single Distribution: π. All of the other methods for
       20639    250 w  -            2.4.3 Individual Coder Distributions: κ  | 2.4.3 Individual Coder Distributions: κ. The method proposed
       22040     99 w  -            2.5 More Than Two Coders                 | 2.5 More Than Two Coders In corpus annotation practice, meas
       22695    914 w  -            2.5.1 Fleiss’s Multi-π                   | 2.5.1 Fleiss’s Multi-π. With more than two coders, the obser
       27856     47 w  -            2.5.2 Multi-κ                            | 2.5.2 Multi-κ. It is fairly straightforward to adapt Fleiss’
       28157    173 w  -            2.6 Krippendorff’s α and Other Weighted  | 2.6 Krippendorff’s α and Other Weighted Agreement Coefﬁcient
       29270   1473 w  -            2.6.1 Krippendorff’s α                   | 2.6.1 Krippendorff’s α. The coefﬁcient α (Krippendorff 1980,
       37352    470 w  -            2.6.2 Cohen’s κw                         | 2.6.2 Cohen’s κw. A weighted variant of Cohen’s κ is present
       39997     57 w  -            2.7 An Integrated Example                | 2.7 An Integrated Example We end this section with an exampl
       40365    172 w  -            2.7.1 The Unweighted Coefﬁcients         | 2.7.1 The Unweighted Coefﬁcients. Observed agreement for all
       41246    439 w  -            2.7.2 Weighted Coefﬁcients               | 2.7.2 Weighted Coefﬁcients. Suppose we notice that whereas S
       43640     96 w  -            3. Bias and Prevalence                   | 3. Bias and Prevalence Two issues recently raised by Di Euge
       44253   1450 w  -            3.1 Annotator Bias                       | 3.1 Annotator Bias The difference between π and α on the one
       53186    569 w  -            3.2 Prevalence                           | 3.2 Prevalence We touched upon the matter of skewed data in 
       56273     88 w  -            4. Using Agreement Measures for CL Annot | 4. Using Agreement Measures for CL Annotation Tasks In this 
       56854    181 w  -            4.1 Methodology and Interpretation of th | 4.1 Methodology and Interpretation of the Results: General I
       57998    522 w  -            4.1.1 Generating Data to Measure Reprodu | 4.1.1 Generating Data to Measure Reproducibility. Krippendor
       61368    378 w  -            Section 4.1.2: Establishing Signiﬁcance  | 4.1.2 Establishing Signiﬁcance. In hypothesis testing, it is
       63731    541 w  -            Section 4.1.3: Interpreting the Value of | 4.1.3 Interpreting the Value of Kappa-Like Coefﬁcients. Even
       67146    238 w  -            Section 4.1.4: Agreement and Machine Lea | 4.1.4 Agreement and Machine Learning. In a recent article, R
       68745   1589 w  -            Section 4.2: Labeling Units with a Commo | 4.2 Labeling Units with a Common and Predeﬁned Set of Catego
       78789    160 w  -            Section 4.3: Marking Boundaries and Unit | 4.3 Marking Boundaries and Unitizing Before labeling can tak
       79823   1662 w  -            Section 4.3.1: Segmentation and Topic Ma | 4.3.1 Segmentation and Topic Marking. Discourse segments are
       90217    349 w  -            4.4 Anaphora                             | 4.4 Anaphora The annotation tasks discussed so far involve a
       92411    365 w  -            4.4.1 Passonneau’s Proposal              | 4.4.1 Passonneau’s Proposal. Passonneau (2004) recommends me
       94505    337 w  -            4.4.2 Experience with α for Anaphoric An | 4.4.2 Experience with α for Anaphoric Annotation. In the exp
       96552    715 w  -            4.4.3 Discourse Deixis                   | 4.4.3 Discourse Deixis. A second annotation study we carried
      100868   1892 w  -            4.5 Word Senses                          | 4.5 Word Senses Word sense tagging is one of the hardest ann
      112286    115 w  -            5. Conclusions                           | 5. Conclusions The purpose of this article has been to expos
      113002    421 w  -            5.1 Methodology                          | 5.1 Methodology Our ﬁrst recommendation is that annotation e
      115720    262 w  -            5.2 Choosing a Coefﬁcient                | 5.2 Choosing a Coefﬁcient One of the goals of this article i
      117331    318 w  -            5.3 Interpreting the Values              | 5.3 Interpreting the Values We view the lack of consensus on
    MISSING '4.3.2 Unitizing (Or, Agreement on Markable Identifiﬁcation). It is often assumed in CL anno-'

as-we-may-search-2026.pdf  ok  pieces 30  dropped 0  tries 1  toc None  chunks 6  $0.008
    class published | title 'As We May Search' | author 'Saber Zerhoudi, Adam Roegiest, Jelena Mitrović, and Michael Granitzer' | date 2026-06-28 from 'arXiv:2606.29652v1  [cs.IR]  28 Jun 2026'
    body 410-53461 of 67024 (21% outside) | body_start 'Abstract' | end matter 'References'
    contents None .. None at None-None
         410    214 w  -            Abstract                                 | Abstract The sensitive information in personal documents, le
        1914    860 w  -            Introduction                             | 1 Introduction In 1945, Vannevar Bush described a device he 
        7735     41 w  -            Related Work                             | 2 Related Work Building personal knowledge systems with loca
        8044    165 w  -            From Desktop Search to Personal Knowledg | 2.1 From Desktop Search to Personal Knowledge Systems The id
        9163    142 w  -            On-Device Models and Inference           | 2.2 On-Device Models and Inference Industry has moved small 
       10091    147 w  -            Privacy-Preserving Retrieval             | 2.3 Privacy-Preserving Retrieval RAG pipelines expose user d
       11180     69 w  -            Local-First Software Principles          | 2.4 Local-First Software Principles Our work draws on the lo
       11677    146 w  -            Gap and Contribution                     | 2.5 Gap and Contribution The pieces exist (on-device models,
       12666     84 w  -            The Local-First IR Design Space          | 3 The Local-First IR Design Space Building a personal knowle
       13196    233 w  -            Three Dimensions                         | 3.1 Three Dimensions Privacy and Control. How much control d
       14796    142 w  -            Architectural Positions                  | 3.2 Architectural Positions Table 1 maps five representative
       15816    206 w  -            Design Principles                        | 3.3 Design Principles One might argue that the decision is s
       17224    159 w  -            How Far Can Local Search Take Us?        | 4 How Far Can Local Search Take Us? In this section, we expl
       18287    625 w  -            Experimental Setup                       | 4.1 Experimental Setup Implementation. We implement three re
       22614    849 w  -            Scaling: From Personal Files to Organiza | 4.2 Scaling: From Personal Files to Organizational Archives 
       27530    256 w  -            Scaling Further with Approximate Indexes | 4.3 Scaling Further with Approximate Indexes Flat inner-prod
       28992    277 w  -            Cross-Platform Replication               | 4.4 Cross-Platform Replication As users have different hardw
       30575    208 w  -            Cross-Domain Evaluation                  | 4.5 Cross-Domain Evaluation A personal knowledge base is rar
       32099    185 w  -            Latency and the User Experience          | 4.6 Latency and the User Experience Table 6: Cross-domain la
       33119    316 w  -            What the Scaling Curve Tells Us          | 4.7 What the Scaling Curve Tells Us Retrieval quality on a c
       34934    534 w  -            Local Generation Quality                 | 4.8 Local Generation Quality Retrieval alone returns a list 
       38210    245 w  -            Browser-Native Deployment                | 4.9 Browser-Native Deployment Our experiments so far have ch
       39923    409 w  -            Energy Consumption                       | 4.10 Energy Consumption We measured client-side power draw o
       42433    226 w  -            Limitations                              | 4.11 Limitations Pooled relevance judgments. Our retrieval n
       43966     83 w  -            Reaching the Wider World                 | 5 Reaching the Wider World A personal knowledge base, no mat
       44501    240 w  -            The Embedding-Only Bridge                | 5.1 The Embedding-Only Bridge Local models can serve as priv
       46153    149 w  -            Limitations of the Bridge                | 5.2 Limitations of the Bridge Embedding-only transmission pr
       47183    470 w  -            Perspectives on Local-First IR           | 6 Perspectives on Local-First IR The experimental evidence s
       50263    294 w  -            Open Research Directions                 | 7 Open Research Directions Algorithms for client constraints
       52426    171 w  -            Conclusion                               | 8 Conclusion Bush imagined the Memex as “an enlarged intimat

bai2025-autoschemakg.pdf  ok  pieces 20  dropped 25  tries 2  toc None  chunks 9  $0.015
    class published | title 'AutoSchemaKG: Autonomous Knowledge Graph Construction through\nDynamic Schema Induction from Web-Scale Corpora' | author 'Jiaxin Bai*1, Wei Fan*1, Qi Hu*1, Qing Zong1, Chunyang Li1, Hong Ting Tsang1\nHongyu Luo1, Yauwai Yim1, Haoyu Huang2, Xiao Zhou1, Feng Qin1, Tianshi Zheng1\nXi Peng3, Xin Yao3, Huiwen Yang3, Leijie Wu3, Yi Ji3\nGong Zhang3, Renhai Chen3, and Yangqiu Song1' | date 2025-08 from 'arXiv:2505.23628v3  [cs.CL]  1 Aug 2025'
    body 653-40553 of 99420 (60% outside) | body_start 'Abstract' | end matter 'References'
    contents None .. None at None-None
         653    132 w  -            Abstract                                 | Abstract We present AutoSchemaKG, a framework for fully auto
        1633   1345 w  -            Chapter 1: Introduction                  | 1 Introduction In the current era of information abundance, 
       11531    178 w  -            Chapter 2: Problem Definition            | 2 Problem Definition We formally outline the tasks involved 
       12478     17 w  -            Section 3: AutoSchemaKG Framework        | 3 AutoSchemaKG Framework In this section, we elaborate on th
       12598    325 w  -            Section 3.1: Triple Extraction           | 3.1 Triple Extraction Our approach employs a multi-phase pip
       14836    184 w  -            Section 3.2: Schema Induction            | 3.2 Schema Induction Following triple extraction, we perform
       16027    171 w  -            Section 4: Construction of ATLAS Familie | 4 Construction of ATLAS Families Corpora As shown in Table 1
       17152     30 w  -            Section 5: Experiment                    | 5 Experiment In the this section, we show that the Au- toSch
       17344    333 w  -            Section 5.1: Evaluating AutoSchemaKG / E | 5.1 Evaluating AutoSchemaKG Evaluating Triple Extraction Acc
       19756    364 w  -            Measuring Information Preservation in Kn | Measuring Information Preservation in Knowl- edge Graphs We 
       22105     91 w  -            Measuring Schema Quality                 | Measuring Schema Quality To demonstrate our schema induction
       22692     32 w  -            Section 5.2: Performance on Multi-hop QA | 5.2 Performance on Multi-hop QA Tasks This subsection detail
       22917     54 w  -            Datasets                                 | Datasets We select three benchmark datasets known for their 
       23292   1015 w  -            Baselines and Metrics                    | Baselines and Metrics We compare our knowl- edge graph-based
       30168    514 w  -            Enhancing LLM Factuality with KGs        | 5.3 Enhancing LLM Factuality with KGs We evaluated our KG’s 
       33790    330 w  -            General Domain Knowledge Capabilities    | 5.4 General Domain Knowledge Capabilities To assess AutoSche
       36153    244 w  -            Further Related Work                     | 6 Further Related Work Knowledge graph (KG) construction tra
       37934     89 w  -            Conclusion                               | 7 Conclusion AutoSchemaKG transforms knowledge graph constru
       38620    107 w  -            Limitations                              | 8 Limitations Despite promising results, our work has severa
       39453    143 w  -            Ethical Statement                        | 9 Ethical Statement Our research on AutoSchemaKG and ATLAS k
    25 piece(s) after the end matter dropped

balog2019-personal-kg-agenda.pdf  ok  pieces 14  dropped 0  tries 1  toc None  chunks 2  $0.003
    class published | title 'Personal Knowledge Graphs: A Research Agenda' | author 'Krisztian Balog and Tom Kenter' | date 2019 from 'Krisztian Balog and Tom Kenter. 2019. Personal Knowledge Graphs:'
    body 1350-20741 of 24166 (20% outside) | body_start '1\nINTRODUCTION' | end matter 'REFERENCES'
    contents None .. None at None-None
        1350    641 w  -            Introduction                             | 1 INTRODUCTION Knowledge graphs (KGs)—resources of structure
        5483    325 w  -            Related Work                             | 2 RELATED WORK Montoya et al. [15] develop a personal knowle
        7516     79 w  -            Personal Knowledge Graphs                | 3 PERSONAL KNOWLEDGE GRAPHS We now present the concept of pe
        8018     58 w  -            Definition                               | 3.1 Definition We define a personal knowledge graph to be a 
        8376     40 w  -            Associated Problems                      | 3.2 Associated Problems This section presents a series of pr
        8638    341 w  -            Knowledge Representation                 | 3.2.1 Knowledge Representation. A KG, being a source of stru
       10638    674 w  -            Semantic Annotation of Text              | 3.2.2 Semantic Annotation of Text. Semantic annotation of te
       14470    267 w  -            3.2.3 Population and Maintenance         | 3.2.3 Population and Maintenance. Knowledge graph popula- ti
       16195    307 w  -            3.2.4 Integration with External Sources  | 3.2.4 Integration with External Sources. The problem of rec-
       18062     44 w  -            3.3 Further Opportunities and Challenges | 3.3 Further Opportunities and Challenges The focus of this p
       18337    127 w  -            3.3.1 Evaluation                         | 3.3.1 Evaluation. Work on general PKGs has benefited from re
       19177     82 w  -            3.3.2 Implementation                     | 3.3.2 Implementation. By focusing on PKGs in an abstract set
       19656    105 w  -            3.3.3 Utilization                        | 3.3.3 Utilization. The examples in Fig. 2 showcase ways in w
       20299     68 w  -            Conclusion                               | 4 CONCLUSION In this paper, we have defined the concept of p

bhattacharya-getoor-2007-collective-er.pdf  ok  pieces 33  dropped 0  tries 1  toc None  chunks 9  $0.012
    class published | title 'Collective Entity Resolution in Relational Data' | author 'INDRAJIT BHATTACHARYA\nand\nLISE GETOOR' | date None from None
    body 123-101838 of 108342 (6% outside) | body_start 'Many databases contain uncertain and imprecise references to real-world entities. The absence' | end matter 'ACKNOWLEDGMENTS'
    contents None .. None at None-None
         123    265 w  -            opening                                  | Many databases contain uncertain and imprecise references to
        2146   1418 w  -            1. INTRODUCTION                          | 1. INTRODUCTION In many applications, there are a variety of
       11178    963 w  -            2. MOTIVATING EXAMPLE FOR ENTITY RESOLUT | 2. MOTIVATING EXAMPLE FOR ENTITY RESOLUTION USING RELATIONSH
       16832    591 w  -            ENTITY RESOLUTION USING RELATIONSHIPS: P | 3. ENTITY RESOLUTION USING RELATIONSHIPS: PROBLEM FORMULATIO
       20046     73 w  -            ENTITY RESOLUTION APPROACHES             | 4. ENTITY RESOLUTION APPROACHES In this section, we compare 
       20609    238 w  -            Attribute-based Entity Resolution        | 4.1 Attribute-based Entity Resolution This is the traditiona
       22102    398 w  -            Naive Relational Entity Resolution       | 4.2 Naive Relational Entity Resolution The simplest way to u
       24518    792 w  -            Collective Relational Entity Resolution  | 4.3 Collective Relational Entity Resolution The problem with
       29371     98 w  -            NEIGHBORHOOD SIMILARITY MEASURES FOR COL | 5. NEIGHBORHOOD SIMILARITY MEASURES FOR COLLECTIVE RESOLUTIO
       30018    202 w  -            Common Neighbors                         | 5.1 Common Neighbors This is the simplest approach for measu
       31231    191 w  -            Jaccard Coeﬃcient                        | 5.2 Jaccard Coeﬃcient The main shortcoming of the common nei
       32338    334 w  -            Adamic/Adar Similarity                   | 5.3 Adamic/Adar Similarity Both the common neighborhood meas
       34411    549 w  -            Adar Similarity with Ambiguity Estimate  | 5.4 Adar Similarity with Ambiguity Estimate While using the 
       37675    173 w  -            Higher-Order Neighborhoods               | 5.5 Higher-Order Neighborhoods Analysis of the commonness of
       38827    305 w  -            Negative Constraints From Relationships  | 5.6 Negative Constraints From Relationships The common relat
       40713     63 w  -            RELATIONAL CLUSTERING ALGORITHM          | 6. RELATIONAL CLUSTERING ALGORITHM Given the similarity meas
       41145    320 w  -            Blocking to Find Potential Resolution Ca | 6.1 Blocking to Find Potential Resolution Candidates Unless 
       43077    767 w  -            Relational Bootstrapping                 | 6.2 Relational Bootstrapping Each iteration of the relationa
       47970    259 w  -            Section 6.3: Merging Clusters and Updati | 6.3 Merging Clusters and Updating Similarities Once the simi
       49571    692 w  -            Section 6.4: Complexity Analysis         | 6.4 Complexity Analysis Now that we have described each comp
       53546     29 w  -            Section 7: Experimental Evaluation       | 7. EXPERIMENTAL EVALUATION We evaluated our relational entit
       53756     66 w  -            Section 7.1: Evaluation on Bibliographic | 7.1 Evaluation on Bibliographic Data Our real-world datasets
       54188    724 w  -            Datasets                                 | 7.1.1 Datasets. CiteSeer: The CiteSeer dataset contains 1,50
       58772    116 w  -            Evaluation                               | 7.1.2 Evaluation. We compare attribute-based entity resoluti
       59560    473 w  -            Experimental Details                     | 7.1.3 Experimental Details. For comparing attributes, which 
       62497   1904 w  -            Results                                  | 7.1.4 Results. Table I gives an overview of the F1 results o
       74290    575 w  -            Execution Time                           | 7.1.5 Execution Time. As we have seen, the use of collective
       77730    305 w  -            Comparison With Other Approaches         | 7.1.5.1 Comparison With Other Approaches. Before moving on t
       79678    119 w  -            Experiments on Synthetic Data            | 7.2 Experiments on Synthetic Data As we saw in the previous 
       80486    376 w  -            Synthetic Data Generator                 | 7.2.1 Synthetic Data Generator. We designed a two-stage data
       82749   1166 w  -            Evaluation                               | 7.2.2 Evaluation. We performed three sets of experiments on 
       90024   1335 w  -            RELATED WORK                             | 8. RELATED WORK The entity resolution problem has been studi
       98736    463 w  -            Conclusion                               | 9. CONCLUSION Entity resolution is an area that has been att

bian2025-llm-kg-construction-survey.pdf  ok  pieces 28  dropped 0  tries 1  toc 5  chunks 5  $0.007
    class published | title 'LLM-EMPOWERED KNOWLEDGE GRAPH CONSTRUC-\nTION: A SURVEY' | author 'Haonan Bian' | date 2025 from 'arXiv:2510.20345v1  [cs.AI]  23 Oct 2025'
    body 173-36533 of 51823 (30% outside) | body_start 'ABSTRACT' | end matter 'REFERENCES'
    contents '• Section 2 introduces the foundations of traditional knowledge graph construction, covering' .. '• Section 6 explores future research directions, including KG-based reasoning, dynamic' at 4402-4972
         173    193 w  -            opening                                  | ABSTRACT Knowledge Graphs (KGs) have long served as a fundam
        1701    437 w  -            Chapter 1: INTRODUCTION                  | 1 INTRODUCTION Knowledge Graphs (KGs) have long served as a 
        5109     59 w  -            Chapter 2: PRELIMINARIES                 | 2 PRELIMINARIES The construction of Knowledge Graphs (KGs) t
        5582    149 w  -            Section 2.1: ONTOLOGY ENGINEERING        | 2.1 ONTOLOGY ENGINEERING Ontology Engineering (OE) involves 
        6720    156 w  -            Section 2.2: KNOWLEDGE EXTRACTION        | 2.2 KNOWLEDGE EXTRACTION Knowledge Extraction (KE) aims to i
        7918    160 w  -            Section 2.3: KNOWLEDGE FUSION            | 2.3 KNOWLEDGE FUSION Knowledge Fusion (KF) focuses on integr
        9144     66 w  -            Chapter 3: LLM-ENHANCED ONTOLOGY CONSTRU | 3 LLM-ENHANCED ONTOLOGY CONSTRUCTION The integration of Larg
        9658    102 w  -            Section 3.1: TOP-DOWN ONTOLOGY CONSTRUCT | 3.1 TOP-DOWN ONTOLOGY CONSTRUCTION: LLMS AS ONTOLOGY ASSISTA
       10462    215 w  -            Section 3.1.1: COMPETENCY QUESTION (CQ)- | 3.1.1 COMPETENCY QUESTION (CQ)-BASED ONTOLOGY CONSTRUCTION C
       12171    249 w  -            NATURAL LANGUAGE-BASED ONTOLOGY CONSTRUC | 3.1.2 NATURAL LANGUAGE-BASED ONTOLOGY CONSTRUCTION Beyond CQ
       14138    437 w  -            BOTTOM-UP ONTOLOGY SCHEMA CONSTRUCTION:  | 3.2 BOTTOM-UP ONTOLOGY SCHEMA CONSTRUCTION: KGS FOR LLMS The
       17522     82 w  -            LLM-DRIVEN KNOWLEDGE EXTRACTION          | 4 LLM-DRIVEN KNOWLEDGE EXTRACTION Through a systematic exami
       18204     54 w  -            SCHEMA-BASED METHODS                     | 4.1 SCHEMA-BASED METHODS The central principle of schema-bas
       18608    342 w  -            STATIC SCHEMA-DRIVEN EXTRACTION          | 4.1.1 STATIC SCHEMA-DRIVEN EXTRACTION Early studies in LLM-d
       21307    145 w  -            DYNAMIC AND ADAPTIVE SCHEMA-BASED EXTRAC | 4.1.2 DYNAMIC AND ADAPTIVE SCHEMA-BASED EXTRACTION Recent ap
       22411     79 w  -            SCHEMA-FREE METHODS                      | 4.2 SCHEMA-FREE METHODS In contrast to paradigms that depend
       23018    248 w  -            STRUCTURED GENERATIVE EXTRACTION         | 4.2.1 STRUCTURED GENERATIVE EXTRACTION The first trajectory,
       24962     94 w  -            Open Information Extraction (OIE)        | 4.2.2 OPEN INFORMATION EXTRACTION (OIE) Open Information Ext
       25743     78 w  -            LLM-Powered Knowledge Fusion             | 5 LLM-POWERED KNOWLEDGE FUSION An examination of recent adva
       26331    212 w  -            Schema-Level Fusion                      | 5.1 SCHEMA-LEVEL FUSION Schema-level fusion unifies the stru
       27962    274 w  -            Instance-Level Fusion                    | 5.2 INSTANCE-LEVEL FUSION Instance-level fusion integrates c
       30080    139 w  -            Comprehensive and Hybrid Frameworks      | 5.3 COMPREHENSIVE AND HYBRID FRAMEWORKS Comprehensive and hy
       31197     54 w  -            Future Applications                      | 6 FUTURE APPLICATIONS Research at the intersection of Large 
       31585    120 w  -            Knowledge Graph-Based Reasoning for LLMs | 6.1 KNOWLEDGE GRAPH-BASED REASONING FOR LLMS Future work is 
       32478    129 w  -            Dynamic Knowledge Memory for Agentic Sys | 6.2 DYNAMIC KNOWLEDGE MEMORY FOR AGENTIC SYSTEMS Achieving a
       33470    141 w  -            Multimodal Knowledge Graph Construction  | 6.3 MULTIMODAL KNOWLEDGE GRAPH CONSTRUCTION Multimodal Knowl
       34580    127 w  -            New Roles for KGs in LLM Applications: B | 6.4 NEW ROLES FOR KGS IN LLM APPLICATIONS: BEYOND RAG Beyond
       35488    138 w  -            Conclusion                               | 7 CONCLUSION This survey presents a comprehensive overview o

bookcoref-2025.pdf  ok  pieces 23  dropped 12  tries 1  toc None  chunks 7  $0.010
    class published | title 'BOOKCOREF: Coreference Resolution at Book Scale' | author 'Giuliano Martinelli*, Tommaso Bonomo*, Pere-Lluís Huguet Cabot,\nand Roberto Navigli' | date 2025-07-16 from 'arXiv:2507.12075v1  [cs.CL]  16 Jul 2025'
    body 240-40860 of 77833 (48% outside) | body_start 'Abstract' | end matter 'References'
    contents None .. None at None-None
         240    194 w  -            Abstract                                 | Abstract Coreference Resolution systems are typically evalua
        1555    611 w  -            Chapter 1: Introduction                  | 1 Introduction Coreference Resolution (CR) aims to identify 
        5808     66 w  -            Chapter 2: Related Work                  | 2 Related Work We now review established resources and ap- p
        6240    353 w  -            Section 2.1: Long-document Benchmarks    | 2.1 Long-document Benchmarks Existing English Coreference Re
        8580    435 w  -            Section 2.2: Long-document Coreference S | 2.2 Long-document Coreference Systems Most recent state-of-t
       11518     88 w  -            Chapter 3: BOOKCOREF                     | 3 BOOKCOREF This Section describes the resources and methods
       12091    285 w  -            Underlying Resources                     | 3.1 Underlying Resources Our automatic pipeline annotates fu
       13882     99 w  -            BookCoref Pipeline                       | 3.2 BookCoref Pipeline We now introduce the BookCoref Pipeli
       14532    332 w  -            Cluster Initialization                   | 3.2.1 Cluster Initialization In our first step, we initializ
       16462    179 w  -            Cluster Refinement                       | 3.2.2 Cluster Refinement We place a strong emphasis on the p
       17561    862 w  -            Cluster Expansion                        | 3.2.3 Cluster Expansion As a result of the previous steps, f
       22677    211 w  -            Manually-annotated Test Set              | 3.3 Manually-annotated Test Set To enable a complete and rig
       24068    118 w  -            Section 3.4: Statistics                  | 3.4 Statistics In Table 1 we report the statistics of our tw
       24891    410 w  -            Section 3.5: BookCoref Pipeline Evaluati | 3.5 BookCoref Pipeline Evaluation We measure the performance
       27522     25 w  -            Section 4: Experimental Setup            | 4 Experimental Setup In this Section, we report the experime
       27687    109 w  -            Section 4.1: Experiments Design          | 4.1 Experiments Design We benchmark automatic coreference sy
       28441    526 w  -            Section 4.2: Comparison Systems          | 4.2 Comparison Systems As discussed in Section 2.2, many ava
       31806    609 w  -            Section 5: Results                       | 5 Results In Table 3, we benchmark current models on BOOKCOR
       35872     78 w  -            Efficiency                               | Efficiency In Table 4 we detail the time and mem- ory requir
       36369    173 w  -            Open Challenges of Book-scale CR         | Open Challenges of Book-scale CR Our results show that Longd
       37553    157 w  -            Conclusion                               | 6 Conclusion In this paper, we fill the current gap in book-
       38683    249 w  -            Limitations                              | 7 Limitations Although we measure and report the high-qualit
       40347     73 w  -            Acknowledgements                         | Acknowledgements We gratefully acknowledge the support of th
    12 piece(s) after the end matter dropped

cai2024-temporal-kg-survey.pdf  ok  pieces 38  dropped 0  tries 1  toc None  chunks 9  $0.012
    class published | title 'A Survey on Temporal Knowledge Graph:\nRepresentation Learning and Applications' | author 'Li Caia,b, Xin Maoa, Yuhao Zhoua, Zhaoguang Longa, Changxu Wuc, Man\nLana,∗' | date 2024-03-11 from 'March 11, 2024'
    body 2398-69960 of 101038 (33% outside) | body_start '1. Introduction' | end matter 'Acknowledgements'
    contents None .. None at None-None
        2398    628 w  -            Chapter 1: Introduction                  | 1. Introduction Knowledge graphs (KGs) describe the real wor
        6845    254 w  -            Chapter 2: Background / Section 2.1: Pro | 2. Background 2.1. Problem Formulation A temporal knowledge 
        8508    392 w  -            Section 2.2: Datasets                    | 2.2. Datasets There are four commonly used datasets for temp
       11144    290 w  -            Section 2.3: Evaluation Metrics          | 2.3. Evaluation Metrics The evaluation metrics for verifying
       13008    349 w  -            Chapter 3: Temporal Knowledge Graph Repr | 3. Temporal Knowledge Graph Representation Learning Methods 
       15367     51 w  -            Section 3.1: Transformation-based Method | 3.1. Transformation-based Methods In the transformation-base
       15777    259 w  -            Translation-based                        | Translation-based The translation-based representation learn
       17348    302 w  -            Rotation-based                           | Rotation-based The translation-based methods can infer the i
       19176    104 w  -            Section 3.2: Decomposition-based Methods | 3.2. Decomposition-based Methods The main task of representa
       19919    480 w  -            CP decomposition                         | CP decomposition For an order 3 tensor X ∈Rn1×n2×n3, CP deco
       22609    167 w  -            Tucker decomposition                     | Tucker decomposition Tucker decomposition is a more general 
       23630    435 w  -            Section 3.3: Graph Neural Networks-based | 3.3. Graph Neural Networks-based Methods Graph Neural Networ
       26781    535 w  -            3.4. Capsule Network-based Methods       | 3.4. Capsule Network-based Methods CapsNet is first proposed
       30033    694 w  -            3.5. Autoregression-based Methods        | 3.5. Autoregression-based Methods The representation learnin
       34473    457 w  -            3.6. Temporal Point Process-based Method | 3.6. Temporal Point Process-based Methods The autoregression
       37298     72 w  -            3.7. Interpretability-based Methods      | 3.7. Interpretability-based Methods The aforementioned metho
       37821     76 w  -            Subgraph Reasoning                       | Subgraph Reasoning xERTE [23] is a subgraph reasoning-based 
       38332    223 w  -            Reinforcement Learning                   | Reinforcement Learning Reinforcement learning (RL) [35] is u
       39698     45 w  -            3.8. Language Model                      | 3.8. Language Model In the domain of TKG, the rapid developm
       40026    347 w  -            In-Context Learning                      | In-Context Learning ICLTKG[41] introduces a novel TKG foreca
       42472    192 w  -            Supervised Fine-Tuning                   | Supervised Fine-Tuning ECOLA [25] proposes a joint learning 
       43861    126 w  -            3.9. Few-shot Learning Methods           | 3.9. Few-shot Learning Methods Few-shot learning (FSL) [76] 
       44624    258 w  -            Few Entities                             | Few Entities MetaTKG [78] reveals that new entities emerge o
       46362    273 w  -            Few Relations                            | Few Relations TR-Match [22] identifies that most relations i
       48257     59 w  -            Other Methods                            | 3.10. Other Methods Other methods leverage the unique charac
       48705    113 w  -            Copy Generation                          | Copy Generation CygNet [88] finds that many facts show repea
       49422    921 w  -            Neural Ordinary Equation                 | Neural Ordinary Equation TANGO [24] contends that existing a
       54959     55 w  -            Summary                                  | 3.11. Summary In this section, we divide the TKGRL methods i
       55297     49 w  -            Applications of Temporal Knowledge Graph | 4. Applications of Temporal Knowledge Graph By introducing t
       55644    374 w  -            Temporal Knowledge Graph Reasoning       | 4.1. Temporal Knowledge Graph Reasoning TKGRL methods are wi
       58108    281 w  -            Entity Alignment Between Temporal Knowle | 4.2. Entity Alignment Between Temporal Knowledge Graphs Enti
       59907    284 w  -            4.3. Question Answering Over Temporal Kn | 4.3. Question Answering Over Temporal Knowledge Graphs Quest
       61724     45 w  -            5. Future Directions                     | 5. Future Directions Despite the significant progress made i
       62086    313 w  -            5.1. Scalability                         | 5.1. Scalability The current datasets available for TKG are 
       64322    178 w  -            5.2. Interpretability                    | 5.2. Interpretability The enhancement of interpretability is
       65574    233 w  -            5.3. Information Fusion                  | 5.3. Information Fusion Most TKGRL methods only utilize the 
       67139    280 w  -            5.4. Incorporating Large Language Models | 5.4. Incorporating Large Language Models Recent advances in 
       68932    146 w  -            6. Conclusion                            | 6. Conclusion Temporal knowledge graphs (TKGs) provide a pow

cai2026-proactagent.pdf  ok  pieces 14  dropped 25  tries 1  toc None  chunks 7  $0.010
    class published | title 'ASK ONLY WHEN NEEDED: PROACTIVE RETRIEVAL FROM\nMEMORY AND SKILLS FOR EXPERIENCE-DRIVEN LIFELONG\nAGENTS' | author 'Yuxuan Cai1,Wei Li2, Jie Zhou1,2, Qin Chen1, Xin Li2, Bo Zhang2, Liang He1' | date 2026-06-04 from 'arXiv:2604.20572v2  [cs.CL]  4 Jun 2026'
    body 322-33125 of 76603 (57% outside) | body_start 'ABSTRACT' | end matter 'References'
    contents None .. None at None-None
         322    171 w  -            Abstract                                 | ABSTRACT Online lifelong learning agents must decide not onl
        1568    876 w  -            Introduction                             | 1 Introduction Language agents are progressing beyond isolat
        8133     75 w  -            Method                                   | 2 Method We propose PROACTAGENT, an experience-driven lifelo
        8750    320 w  -            Formal Definition                        | 2.1 Formal Definition We formulate each interactive task ins
       10781    598 w  -            Experience-Enhanced Online Evolution     | 2.2 Experience-Enhanced Online Evolution In the online lifel
       15025    853 w  -            Section 2.3: Proactive Reinforcement Lea | 2.3 Proactive Reinforcement Learning-based Retrieval Within 
       20446     69 w  -            Chapter 3: Experiments                   | 3 Experiments Our experiments are designed to answer three r
       20915    216 w  -            Section 3.1: Experimental setup          | 3.1 Experimental setup Datasets. We evaluate PROACTAGENT on 
       22469    279 w  -            Section 3.2: Main Results                | 3.2 Main Results Table 1 presents the main results across th
       24537    604 w  -            3.3 Ablation Study                       | 3.3 Ablation Study Progressive ablation. We cumulatively rem
       28708    246 w  -            3.4 Additional Analysis                  | 3.4 Additional Analysis Efficiency analysis. The left panel 
       30614    138 w  -            4 Conclusion                             | 4 Conclusion We introduced PROACTAGENT, an experience-driven
       31628     85 w  -            Limitations                              | Limitations PROACTAGENT relies on the prefix replayability a
       32257    107 w  -            Ethical Considerations                   | Ethical Considerations This work focuses on improving the le
    25 piece(s) after the end matter dropped

cam-2025.pdf  ok  pieces 20  dropped 7  tries 1  toc None  chunks 7  $0.009
    class published | title 'CAM: A Constructivist View of Agentic Memory for\nLLM-Based Reading Comprehension' | author 'Rui Li1,∗,†,‡\nZeyu Zhang1,†,‡\nXiaohe Bo1,†,‡\nZihang Tian1,†,‡\nXu Chen1,†,‡,§\nQuanyu Dai2,§\nZhenhua Dong2\nRuiming Tang2' | date 2025-10-07 from 'arXiv:2510.05520v1  [cs.CL]  7 Oct 2025'
    body 349-44102 of 77914 (44% outside) | body_start 'Abstract' | end matter 'Acknowledgments and Disclosure of Funding'
    contents None .. None at None-None
         349    188 w  -            Abstract                                 | Abstract Current Large Language Models (LLMs) are confronted
        1811    895 w  -            Chapter 1: Introduction                  | 1 Introduction Assimilation Accommodation New Schemata Adapt
        8287    401 w  -            Chapter 2: Background                    | 2 2 Background Long-Context LLMs Due to the limited context 
       11091     91 w  -            Section 3: Blueprint: Structurality, Fle | 3 Blueprint: Structurality, Flexibility, and Dynamicity As t
       11754    289 w  -            Section 3.1: Structured Schemata         | 3.1 Structured Schemata In line with Piaget’s Constructivist
       13654    234 w  -            Flexible Assimilation                    | 3.2 Flexible Assimilation Assimilation refers to the process
       15184    179 w  -            Dynamic Accommodation                    | 3.3 Dynamic Accommodation During assimilation, the memory sc
       16503     59 w  -            Prototype: Constructivist Agentic Memory | 4 Prototype: Constructivist Agentic Memory Based on the abov
       16935    277 w  -            Memory Development                       | 4.1 Memory Development In the reading phase, CAM is expected
       18876    223 w  -            Foundational Network Expansion           | 4.1.1 Foundational Network Expansion Given m new contiguous 
       20270    327 w  -            Ego-Centric Disentanglement              | 4.1.2 Ego-Centric Disentanglement Memory assimilation allows
       22285    260 w  -            Online Clustering Updates                | 4.1.3 Online Clustering Updates On the replica network ˜G0, 
       24045    314 w  -            4.2 Memory Retrieval                     | 4.2 Memory Retrieval Once the memory structure is constructe
       26137    319 w  -            Chapter 5: Experiments                   | 5 Experiments To comprehensively validate the effectiveness 
       27996    274 w  -            5.1 Experimental Setup                   | 5.1 Experimental Setup Datasets For single-document scenario
       29949    446 w  -            5.2 Offline Performance Comparison       | 5.2 Offline Performance Comparison Table 2 presents the main
       33148    468 w  -            5.3 Dynamicity of CAM: From Offline to O | 5.3 Dynamicity of CAM: From Offline to Online Real-world app
       36422    479 w  -            More Analysis: Configurations and Varian | 5.4 More Analysis: Configurations and Variants LLM Backbones
       39879    419 w  -            Limitations and Discussion               | 6 Limitations and Discussion Beyond Reading Comprehension Wh
       43147    131 w  -            Conclusion                               | 7 Conclusion This paper focuses on an emerging problem: how 
    7 piece(s) after the end matter dropped

caufield2024-spires.pdf  ok  pieces 19  dropped 10  tries 2  toc None  chunks 5  $0.010
    class published | title 'STRUCTURED PROMPT INTERROGATION AND RECURSIVE\nEXTRACTION OF SEMANTICS (SPIRES): A METHOD FOR\nPOPULATING KNOWLEDGE BASES USING ZERO-SHOT LEARNING' | author 'J. Harry Caufield1, Harshad Hegde1, Vincent Emonet2, Nomi L. Harris1, Marcin\nJoachimiak1, Nicolas Matentzoglu3, HyeongSik Kim4, Sierra Moxon1, Justin T. Reese1,\nMelissa A. Haendel5, Peter N. Robinson6, and Christopher J. Mungall1' | date 2023-12-22 from 'December 22, 2023'
    body 848-36396 of 61564 (42% outside) | body_start 'ABSTRACT' | end matter '6\nCompeting interests'
    contents None .. None at None-None
         848    269 w  -            Abstract                                 | ABSTRACT Creating knowledge bases and ontologies is a time c
        2835    790 w  -            Chapter 1: Introduction                  | 1 Introduction Knowledge Bases and ontologies (here collecti
        8132    794 w  -            Chapter 2: System and Methods            | 2 System and Methods In SPIRES, A knowledge schema is a stru
       13023    152 w  -            Evaluation of Entity Grounding           | 2.1 Evaluation of Entity Grounding To determine the extent t
       14005    317 w  -            Evaluation Against Chemical Disease Rela | 2.2 Evaluation Against Chemical Disease Relation Task We eva
       16188    120 w  -            Algorithm                                | 3 Algorithm The SPIRES extraction procedure takes as input (
       16909    228 w  -            Step 1: Generate Prompt                  | 3.1 Step 1: Generate Prompt SPIRES first generates text for 
       18317     99 w  -            Step 2: Complete the Prompt              | 3.2 Step 2: Complete the Prompt The generated prompt is prov
       18957    330 w  -            Step 3: Completion Result Parsing and Re | 3.3 Step 3: Completion Result Parsing and Recursive Extracti
       20950    158 w  -            Step 4: Grounding and Normalization      | 3.4 Step 4: Grounding and Normalization All leaf nodes of th
       21959     83 w  -            Step 5: Translation to OWL and Reasoning | 3.5 Step 5: Translation to OWL and Reasoning Step 4 produces
       22487    376 w  -            Implementation                           | 4 Implementation We provide an implementation of SPIRES in P
       25141     71 w  -            Section 4.1: Standard Templates for Mult | 4.1 Standard Templates for Multiple Applications The SPIRES 
       25627    149 w  -            Section 4.2: Extraction of Recipe Ontolo | 4.2 Extraction of Recipe Ontologies from Websites To demonst
       26558    364 w  -            Section 4.3: Entity Grounding            | 4.3 Entity Grounding Grounding entities with ontology terms 
       29152    432 w  -            Section 4.4: Evaluation on BioCreative C | 4.4 Evaluation on BioCreative Chemical Disease Relation Task
       31970    153 w  -            Section 5: Discussion / Section 5.1: Com | 5 Discussion 5.1 Comparable Methods SPIRES is a well-develop
       33034    129 w  -            Section 5.2: Choosing a Model            | 5.2 Choosing a Model OntoGPT currently supports both select 
       33882    368 w  -            Section 5.3: Reliability and Hallucinati | 5.3 Reliability and Hallucinations A common problem with LLM
    10 piece(s) after the end matter dropped

chan2025-cag.pdf  ok  pieces 9  dropped 0  tries 1  toc None  chunks 3  $0.004
    class published | title 'Don’t Do RAG:\nWhen Cache-Augmented Generation is All You Need for\nKnowledge Tasks' | author 'Brian J Chan∗\nChao-Ting Chen∗\nJui-Hung Cheng∗\nHen-Hsen Huang' | date 2025-02-23 from 'arXiv:2412.15605v2  [cs.CL]  23 Feb 2025'
    body 393-23828 of 27267 (14% outside) | body_start 'Abstract' | end matter 'References'
    contents None .. None at None-None
         393    343 w  -            Abstract                                 | Abstract Retrieval-augmented generation (RAG) has gained tra
        2925    781 w  -            Chapter 1: Introduction                  | 1 Introduction The advent of retrieval-augmented generation 
        8460    519 w  -            Chapter 2: Methodology                   | 2 Methodology Our CAG framework leverages the extended conte
       11954    558 w  -            Chapter 3: Experiments / Section 3.1: Ex | 3 Experiments 3.1 Experimental Setup To evaluate the eﬀectiv
       15527    374 w  -            Section 3.2: Baseline Systems            | 3.2 Baseline Systems The baseline RAG systems were implement
       17945    620 w  -            Section 3.3: Results                     | 3.3 Results As shown in Table 2, the experimental results hi
       22203     86 w  -            Conclusion                               | 4 Conclusion As long-context LLMs evolve, we present a compe
       22782     77 w  -            Limitations                              | Limitations Our method requires loading all relevant documen
       23304     73 w  -            Acknowledgments                          | Acknowledgments This work was partially supported by Nationa

chang2024-booookscore.pdf  ok  pieces 11  dropped 25  tries 1  toc None  chunks 12  $0.015
    class published | title 'BOOOOKSCORE:\nA SYSTEMATIC EXPLORATION OF BOOK-LENGTH\nSUMMARIZATION IN THE ERA OF LLMS' | author 'Yapei Chang' | date 2024 from 'Published as a conference paper at ICLR 2024'
    body 375-43415 of 138052 (69% outside) | body_start 'ABSTRACT' | end matter 'REFERENCES'
    contents None .. None at None-None
         375    288 w  -            opening                                  | ABSTRACT Summarizing book-length documents (>100K tokens) th
        2354    700 w  -            Introduction                             | 1 INTRODUCTION Just two years ago, automatically-generated s
        7180    551 w  -            Background: Summarizing Book-Length Text | 2 BACKGROUND: SUMMARIZING BOOK-LENGTH TEXTS WITH LLMS Before
       10880   1505 w  -            Evaluating Coherence of Book Summaries   | 3 EVALUATING COHERENCE OF BOOK SUMMARIES In this section, we
       20529    159 w  -            BOOOOKSCORE: AN AUTOMATIC EVALUATION MET | 4 BOOOOKSCORE: AN AUTOMATIC EVALUATION METRIC Since human ev
       21609   1516 w  -            IMPLEMENTING BOOOOKSCORE                 | 4.1 IMPLEMENTING BOOOOKSCORE Motivated by prior successful e
       31381    862 w  -            5 SYSTEMATIC EVALUATION OF LLMS          | 5 SYSTEMATIC EVALUATION OF LLMS Armed with BOOOOKSCORE, we n
       37186    438 w  -            6 LIMITATIONS                            | 6 LIMITATIONS Our error taxonomy is derived just from errors
       39940    293 w  -            7 RELATED WORK                           | 7 RELATED WORK Book-length narrative summarization: Most pri
       41913    130 w  -            8 CONCLUSION                             | 8 CONCLUSION Our work presents the first systematic study of
       42902     81 w  -            9 ACKNOWLEDGMENTS                        | 9 Published as a conference paper at ICLR 2024 9 ACKNOWLEDGM
    25 piece(s) after the end matter dropped

chen2023-frugalgpt.pdf  ok  pieces 13  dropped 0  tries 1  toc None  chunks 4  $0.005
    class published | title 'FrugalGPT: How to Use Large Language Models\nWhile Reducing Cost and Improving Performance' | author 'Lingjiao Chen, Matei Zaharia, James Zou' | date 2023-05-09 from 'arXiv:2305.05176v1  [cs.LG]  9 May 2023'
    body 150-35288 of 44585 (21% outside) | body_start 'Abstract' | end matter 'References'
    contents None .. None at None-None
         150    180 w  -            Abstract                                 | Abstract There is a rapidly growing number of large language
        1253   1132 w  -            Introduction                             | 1 Introduction We are in the midst of an explosion of large 
        8752    430 w  -            Scope and Problem Statement              | 2 Scope and Problem Statement Natural language query answeri
       11359    268 w  -            How to Use LLMs Aﬀordably and Accurately | 3 How to Use LLMs Aﬀordably and Accurately Now we present ou
       13082    221 w  -            Strategy 1: Prompt adaptation            | Strategy 1: Prompt adaptation. The cost of an LLM query incr
       14517    229 w  -            Strategy 2: LLM approximation            | Strategy 2: LLM approximation. The concept of LLM approximat
       15913    438 w  -            Strategy 3: LLM cascade                  | Strategy 3: LLM cascade. The increasing availability of LLM 
       18497     99 w  -            Compositions                             | Compositions. Combining approaches within and across diﬀeren
       19183     63 w  -            Section 4: LLM Cascade Reduces Cost and  | 4 LLM Cascade Reduces Cost and Improves Accuracy In this sec
       19595    200 w  -            Setups: LLM APIs, Tasks, Datasets, and F | Setups: LLM APIs, Tasks, Datasets, and FrugalGPT instances. 
       20837   1132 w  -            A Case Study                             | A Case Study. Let us begin with a case study on the HEADLINE
       25877   1172 w  -            LLM diversity                            | LLM diversity. Why can multiple LLM APIs potentially produce
       32940    345 w  -            Discussions, Limitations and Future Pros | 5 Discussions, Limitations and Future Prospects The substant

chen2026-vitabench2.pdf  FLAGGED  pieces 12  dropped 64  tries 2  toc 37  chunks 13  $0.020
    class published | title 'VitaBench 2.0: Evaluating Personalized and Proactive\nAgents in Long-Term User Interactions' | author 'Yuxin Chen1,2, Yi Zhang2,3, Zhengzhou Cai2,4, Yaorui Shi2,3, Zhiyuan Yao2,5,\nChenhang Cui1,2, Jingnan Zheng1,2, Yaqi Huo2, Xi Su2,\nQi Gu2,†, Xunliang Cai2, Xiang Wang3, An Zhang3,†, Tat-Seng Chua1' | date 2026-05-26 from '26 May 2026'
    body 520-38096 of 152877 (75% outside) | body_start 'Abstract' | end matter 'References'
    contents 'Appendix' .. None at 58204-None
         520    241 w  -            Abstract                                 | Abstract Large language models (LLMs) have evolved into inte
        2396    638 w  -            Introduction                             | 1 Introduction Recent advances in large language models (LLM
        7210    564 w  -            Related Work                             | 2 Related Work Personalized LLM. As large language models ar
       11561    147 w  -            VitaBench 2.0                            | 3 VitaBench 2.0 VitaBench 2.0 is designed to simulate long-t
       12469    736 w  -            Task Set                                 | 3.1 Task Set Tasks in VitaBench 2.0 are organized as tempora
       17262   1127 w  -            Key Module                               | 3.2 Key Module VitaBench 2.0 evaluates personalization by re
       25140    173 w  -            3.3 Proactiveness                        | 3.3 Proactiveness Beyond leveraging stored user preferences,
       26389    304 w  -            4 Experiment / 4.1 Experimental Setups   | 4 Experiment 4.1 Experimental Setups Models. We evaluate a d
       28570    373 w  -            4.2 Main Results                         | 4.2 Main Results Table 1 presents evaluation results on Vita
       31388    618 w  -            4.3 Analysis & Discussion                | 4.3 Analysis & Discussion Accumulated long-term user interac
       35831    151 w  -            5 Limitation                             | 5 Limitation While VitaBench 2.0 provides a principled bench
       36948    156 w  -            Conclusion                               | 6 Conclusion In this work, we introduce VitaBench 2.0, a ben
    MISSING '44'
    64 piece(s) after the end matter dropped

corekg-2025.pdf  ok  pieces 23  dropped 4  tries 1  toc None  chunks 7  $0.009
    class published | title 'CORE-KG: An LLM-Driven Knowledge Graph Construction\nFramework for Human Smuggling Networks' | author 'Dipak Meher, Carlotta Domeniconi, and Guadalupe Correa-Cabrera' | date 2025-06-20 from 'arXiv:2506.21607v1  [cs.CL]  20 Jun 2025'
    body 349-49191 of 73944 (34% outside) | body_start 'ABSTRACT' | end matter 'ACKNOWLEDGMENT'
    contents None .. None at None-None
         349    160 w  -            Abstract                                 | ABSTRACT Human smuggling networks are increasingly adaptive 
        1545    632 w  -            Chapter 1: Introduction                  | 1 INTRODUCTION Human smuggling has evolved into a complex an
        6388     70 w  -            Chapter 2: Related Work                  | 2 RELATED WORK Knowledge graphs are powerful tools for trans
        6886    404 w  -            Section 2.1: Knowledge Graph Constructio | 2.1 Knowledge Graph Construction Traditionally, knowledge gr
        9917    280 w  -            Section 2.2: Coreference Resolution      | 2.2 Coreference Resolution Several methods have been propose
       11874    335 w  -            Chapter 3: Method / Section 3.1: Method  | 3 METHOD 3.1 Method Overview Our proposed pipeline is design
       14276    102 w  -            Coreference Resolution                   | 3.2 Coreference Resolution Legal documents frequently refer 
       14985    592 w  -            Coreference Resolution Module            | 3.2.1 Coreference Resolution Module. To address entity fragm
       19026    449 w  -            Coreference Resolution Prompt Design     | 3.2.2 Coreference Resolution Prompt Design. Since coreferenc
       22171    225 w  -            Entity-Relationship Extraction and KG Co | 3.3 Entity-Relationship Extraction and KG Construction The c
       23722    736 w  -            Prompt Tuning for Entity and Relationshi | 3.3.1 Prompt Tuning for Entity and Relationship Extraction. 
       29079     58 w  -            Experimental Setup                       | 4 EXPERIMENTAL SETUP We aim to answer the following research
       29527    261 w  -            Dataset                                  | 4.1 Dataset To evaluate our system we use judicial cases acc
       31292    137 w  -            Implementation                           | 4.2 Implementation We employ the LLaMA 3.3 70B model for bot
       32220    313 w  -            Baselines and Experimental Design        | 4.3 Baselines and Experimental Design Given the lack of prio
       34461    546 w  -            Results / RQ1: Impact of Coreference Res | 5 RESULTS 5.1 RQ1: Impact of Coreference Resolution on Node 
       38119    378 w  -            5.1.1 CORE-KG’s Context-Aware and Genera | 5.1.1 CORE-KG’s Context-Aware and Generalization Capability 
       40964    170 w  -            5.1.2 Error Analysis: Missed Coreference | 5.1.2 Error Analysis: Missed Coreference Resolutions. That s
       42165     50 w  -            5.2 RQ2: Does CORE-KG produce more relev | 5.2 RQ2: Does CORE-KG produce more relevant and concise know
       42517    237 w  -            5.2.1 Structural Gains from Prompt-Guide | 5.2.1 Structural Gains from Prompt-Guided Graph Construction
       44198    254 w  -            5.2.2 Reducing Legal Noise Through Promp | 5.2.2 Reducing Legal Noise Through Prompt-Guided Filtering. 
       45880    289 w  -            5.2.3 Impact of Prompt Design on Type Mi | 5.2.3 Impact of Prompt Design on Type Misclassification. Ano
       47924    166 w  -            CONCLUSION                               | 6 CONCLUSION In this work, we presented CORE-KG, a modular L
    4 piece(s) after the end matter dropped

coser-2025.pdf  ok  pieces 21  dropped 51  tries 1  toc None  chunks 12  $0.019
    class published | title 'CoSER: A Comprehensive Literary Dataset and\nFramework for Training and Evaluating LLM\nRole-Playing and Persona Simulation' | author 'Xintao Wang1,2, Heng Wang2, Yifei Zhang1,2, Xinfeng Yuan1, Rui Xu1, Jen-tse Huang3, Siyu Yuan1, Haoran\nGuo1, Jiangjie Chen1, Shuchang Zhou2, Wei Wang1 and Yanghua Xiao1' | date 2026-01-04 from 'arXiv:2502.09082v3  [cs.CL]  4 Jan 2026'
    body 346-45003 of 133596 (67% outside) | body_start 'Abstract: Role-playing language agents (RPLAs) have emerged as promising applications of large language' | end matter 'References'
    contents None .. None at None-None
         346    193 w  -            Abstract                                 | Abstract: Role-playing language agents (RPLAs) have emerged 
        1776   1156 w  -            1. Introduction                          | 1. Introduction Recent advances in large language models (LL
        9635    144 w  -            2. Related Work                          | 2. Related Work Using LLMs to simulate human personas repres
       10634    186 w  -            Datasets for RPLAs                       | Datasets for RPLAs Persona data 𝒟𝑐describe the real persona 
       11924    145 w  -            Evaluation for RPLAs                     | Evaluation for RPLAs Existing evaluation methods are based o
       12954     66 w  -            Section 3: CoSER Dataset                 | 3. CoSER Dataset In this section, we introduce the CoSER dat
       13435     34 w  -            Section 3.1: Design Principles           | 3.1. Design Principles As shown in Table 1, CoSER differs fr
       13637    743 w  -            Rich Types of Data                       | Rich Types of Data The persona data 𝒟𝑐can represent a charac
       18845    383 w  -            Section 3.2: Dataset Curation            | 3.2. Dataset Curation We curate the CoSER dataset through a 
       21462     58 w  -            Section 4: Training and Evaluation via G | 4. Training and Evaluation via GCA In this section, we intro
       21927     89 w  -            Section 4.1: Given-Circumstance Acting   | 4.1. Given-Circumstance Acting In Konstantin Stanislavski’s 
       22597    294 w  -            Section 4.2: GCA Training and CoSER Mode | 4.2. GCA Training and CoSER Models We fine-tune LLMs’ role-p
       24586    704 w  -            GCA Evaluation                           | 4.3. GCA Evaluation Evaluating role-playing LLMs remains a s
       29458    265 w  -            Experiments / Settings                   | 5. Experiments 5.1. Settings Evaluation Protocol We evaluate
       31184    613 w  -            Main Results                             | 5.2. Main Results Performance of Various LLMs on CoSER Test 
       36464    514 w  -            5.3. Human Evaluation                    | 5.3. Human Evaluation We conduct human evaluation to further
       39952     90 w  -            5.4. Ablation Studies                    | 5.4. Ablation Studies Inner Thoughts and Motivations Enhance
       40581    108 w  -            5.5. CoSER Dataset for Retrieval Augment | 5.5. CoSER Dataset for Retrieval Augmentation We evaluate th
       41294    232 w  -            5.6. Case Studies                        | 5.6. Case Studies We conduct case studies to analyze LLMs’ p
       42839    134 w  -            6. Conclusion                            | 6. Conclusion Towards effective RPLAs for established charac
       43846    164 w  -            Impact Statement                         | Impact Statement CoSER aims to advance RPLA research by prov
    51 piece(s) after the end matter dropped

cross-scenario-generality-2026.pdf  ok  pieces 14  dropped 7  tries 1  toc None  chunks 5  $0.007
    class published | title 'Exploring Cross-Scenario Generality of Agentic Memory Systems:\nDiagnostics and a Strong Baseline' | author 'Zhikai Chen1*' | date 2026-06-03 from 'arXiv:2606.04315v1  [cs.AI]  3 Jun 2026'
    body 285-36612 of 60232 (40% outside) | body_start 'Abstract' | end matter 'References'
    contents None .. None at None-None
         285    149 w  -            opening                                  | Abstract LLM agents accumulate histories that outgrow their 
        1309    484 w  -            Introduction                             | 1 Introduction Large language models (LLMs) have evolved fro
        4570    425 w  -            Related Work / Memory Design             | 2 Related Work 2.1 Memory Design Memory designs for LLM agen
        7278    138 w  -            Memory Benchmark                         | 2.2 Memory Benchmark Memory benchmarks fall into three categ
        8164    379 w  -            Evaluation Design                        | 3 Evaluation Design We measure each memory system on three a
       10705    688 w  -            Experimental Results / Overview          | 4 Experimental Results 4.1 Overview We report performance ac
       14993    521 w  -            Section 4.2: Where index-based memory fa | 4.2 Where index-based memory fails on agentic QA Indexing-ba
       18255    376 w  -            Section 4.3: When the agent harness wins | 4.3 When the agent harness wins Both failures in §4.2 stem f
       20587    595 w  -            Section 4.4: When indexing pays off      | 4.4 When indexing pays off We now study when an index-based 
       24404    547 w  -            4.5 Scope: dynamic agentic tasks are pol | 4.5 Scope: dynamic agentic tasks are policy-limited The prec
       27861    840 w  -            5 AutoMEM: A Design Inspired by Our Find | 5 AutoMEM: A Design Inspired by Our Findings The experiments
       32911    165 w  -            6 Conclusion                             | 6 Conclusion We revisit memory systems for LLM agents throug
       34013    166 w  -            Limitations                              | Limitations No tiered budget routing. AutoMEM runs plan, jud
       35041    232 w  -            Ethical Considerations                   | Ethical Considerations Data and licensing. All datasets used
    7 piece(s) after the end matter dropped

dasgupta2026-pkg-triple-extraction.pdf  ok  pieces 18  dropped 0  tries 1  toc None  chunks 5  $0.006
    class published | title 'From “Strings” to “Things” for Personal Knowledge Graphs:\nEvaluating LLM Triple Extraction for Recommendation\nSystems' | author 'Abhirup Dasgupta*,†, Fernando Spadea*,† and Oshani Seneviratne*' | date 2026 from '© 2026 Copyright for this paper by its authors. Use permitted under Creative Commons License Attribution 4.0 International (CC BY 4.0).'
    body 235-46505 of 55000 (16% outside) | body_start 'Abstract' | end matter 'Supplementary Material Statement:'
    contents None .. None at None-None
         235    131 w  -            Abstract                                 | Abstract Personal Knowledge Graphs (PKGs) offer a privacy-pr
        1289    577 w  -            Chapter 1: Introduction                  | 1. Introduction Personalized Knowledge Graphs (PKGs) have em
        5981    479 w  -            Section 1.1: Motivation                  | 1.1. Motivation A central motivation for PKGs is their role 
        9350    209 w  -            Section 1.2: Dataset Considerations      | 1.2. Dataset Considerations To evaluate our approach, we use
       10866    142 w  -            Chapter 2: Related Work / Open-Domain LL | 2. Related Work Open-Domain LLM-Based Knowledge Base Constru
       11958     88 w  -            Dialogue Relation Extraction (DRE)       | Dialogue Relation Extraction (DRE). This research direction 
       12647    111 w  -            Preference Extraction in Recommender Dia | Preference Extraction in Recommender Dialogues. LLMs have be
       13478    217 w  -            KG-Enhanced Recommendation Systems       | KG-Enhanced Recommendation Systems. KGs are widely used to e
       15156    467 w  -            3. Conversational Triple Extraction Pipe | 3. Conversational Triple Extraction Pipeline Our methodology
       18376    789 w  -            3.1. PKG Schema and Semantic Modeling    | 3.1. PKG Schema and Semantic Modeling We build our PKG using
       23958    211 w  -            3.2. Query and Usage Patterns            | 3.2. Query and Usage Patterns Once constructed, PKGs can the
       25351     95 w  -            Section 4: Experimental Design           | 4. Experimental Design We evaluate our triple extraction pip
       26081    161 w  -            Section 4.1: Evaluation Metrics          | 4.1. Evaluation Metrics To evaluate the quality of the extra
       27179    172 w  -            Section 4.2: Model and Prompting Setup   | 4.2. Model and Prompting Setup To evaluate the robustness of
       28419    259 w  -            Section 4.3: Downstream Task Evaluation  | 4.3. Downstream Task Evaluation To assess the practical util
       30172   1018 w  -            Section 5: Results                       | 5. Results In this section, we primarily analyze the impact 
       37044    801 w  -            5.1. Downstream Task Results             | 5.1. Downstream Task Results As outlined in Section 4.3, we 
       42859    482 w  -            6. Conclusion                            | 6. Conclusion We present an evaluation of open-weight LLMs f

deeptype-2018.pdf  ok  pieces 32  dropped 8  tries 1  toc None  chunks 5  $0.008
    class published | title 'DeepType: Multilingual Entity Linking by Neural Type System Evolution' | author 'Jonathan Raiman' | date 2018-02-03 from 'arXiv:1802.01021v1  [cs.CL]  3 Feb 2018'
    body 193-45442 of 55735 (19% outside) | body_start 'Abstract' | end matter 'References'
    contents None .. None at None-None
         193    268 w  -            opening                                  | Abstract The wealth of structured (e.g. Wikidata) and unstru
        1933    771 w  -            Introduction                             | 1 Introduction Online encyclopedias, knowledge bases, ontolo
        6898     32 w  -            Task                                     | 2 Task Before we deﬁne how DeepType can be used to constrain
        7064    155 w  -            Entity Linking                           | Entity Linking The goal is to recover the ground truth en- t
        7986    158 w  -            Entity Linking with Types                | Entity Linking with Types In this work we extend the EL task
        8922    105 w  -            DeepType for Entity Linking              | 3 DeepType for Entity Linking DeepType is a strategy for int
        9550     57 w  -            Terminology / Relation                   | Terminology Relation Given some knowledge graph or feature s
        9891     28 w  -            Type                                     | Type In this work a type is a label deﬁned by a relation (e.
       10034     58 w  -            Type Axis / Type System                  | Type Axis A set of mutually exclusive types (e.g. IsHuman ∧I
       10374    453 w  -            Model                                    | Model To construct an EL system that uses type constraints w
       13094    254 w  -            Objective                                | Objective To formally deﬁne our mixed integer problem, let u
       14575    258 w  -            Discrete Optimization of a Type System   | Discrete Optimization of a Type System The original objectiv
       16174    144 w  -            Oracle                                   | Oracle Our Oracle is a methodology for abstracting away mach
       17002    299 w  -            Learnability                             | Learnability To ensure that disambiguation gains ob- tained 
       18821    174 w  -            Type Classiﬁer                           | Type Classiﬁer After the discrete optimization has completed
       19825    284 w  -            Inference                                | Inference At inference-time we incorporate classiﬁer belief 
       21385    158 w  -            Chapter 4: Results / Type System Discove | 4 Results Type System Discovery In the following experiments
       22406    128 w  -            Human Type System Baseline               | Human Type System Baseline To isolate discrete opti- mizatio
       23240     54 w  -            Search methodologies / Beam Search and G | Search methodologies Beam Search and Greedy selection We ite
       23553     85 w  -            Cross-Entropy Method                     | Cross-Entropy Method (CEM) (Rubinstein 1999) is a stochastic
       24078     44 w  -            Genetic Algorithm                        | Genetic Algorithm The best subset of type axes can be found 
       24354   1178 w  -            Search Methodology Performance Impact    | Search Methodology Performance Impact To validate that λ con
       31837    452 w  -            Related Work                             | 5 Related Work Neural Network Reasoning with Symbolic struct
       34677    460 w  -            Conclusion                               | 6 Conclusion In this work we introduce DeepType, a method fo
       37680     31 w  -            Acknowledgments                          | Acknowledgments We would like to thank the anony- mous revie
       37893    294 w  -            Appendices / Appendix A: Training detail | Appendices A Training details and hyperparameters Optimizati
       39700    487 w  -            Appendix B: Wikipedia Link Simpliﬁcation | B Wikipedia Link Simpliﬁcation Link statistics collected on 
       42666     99 w  -            Appendix C: Multilingual Training Repres | C Multilingual Training Representation Multilingual data cre
       43336    100 w  -            Appendix D: Effect of System Size Penalt | D Effect of System Size Penalty We measure the effect of var
       43875    125 w  -            Appendix E: Learnability Heuristic behav | E Learnability Heuristic behavior To better understand the b
       44604     48 w  -            Appendix F: Multilingual Part of Speech  | F Multilingual Part of Speech Tagging Finally the usage of m
       44908     90 w  -            Appendix G: Human Type System            | G Human Type System To assist humans with the design of the 
    8 piece(s) after the end matter dropped

deraedt2023-idas.pdf  ok  pieces 23  dropped 5  tries 1  toc None  chunks 6  $0.008
    class published | title 'IDAS: Intent Discovery with Abstractive Summarization' | author 'Maarten De Raedt♢♣Fréderic Godin♢Thomas Demeester♣Chris Develder♣' | date 2023-07-14 from 'July 14, 2023 ©2023 Association for Computational Linguistics'
    body 395-38830 of 70914 (46% outside) | body_start 'Abstract' | end matter 'References'
    contents None .. None at None-None
         395    180 w  -            Abstract                                 | Abstract Intent discovery is the task of inferring latent in
        1604    846 w  -            Introduction                             | 1 Introduction Intent classification is ubiquitous in conver
        7181     94 w  -            Related Work / Statistical approaches    | 2 Related Work Statistical approaches: Early, more general s
        7786     54 w  -            Neural sentence encoders                 | Neural sentence encoders: Rather than relying on external kn
        8160    312 w  -            Unsupervised intent discovery            | Unsupervised intent discovery: Since general- purpose neural
       10130    146 w  -            Semi-supervised intent discovery         | Semi-supervised intent discovery: Similar to our current wor
       11094    143 w  -            In-context learning                      | In-context learning: The core idea of ICL (Brown et al., 202
       12038    141 w  -            Methodology / Task formulation           | 3 Methodology Task formulation: Let {(xi, yi)|i = 1 . . . N}
       12746    119 w  -            Overview                                 | Overview: As summarized in Fig. 1, to infer la- tent intents
       13498    195 w  -            Step 1: Initial Clustering               | 3.1 Step 1: Initial Clustering The objective of this step is
       14607    528 w  -            Step 2: Label Generation                 | 3.2 Step 2: Label Generation Step 2.1: Prototype Labeling To
       17696    268 w  -            Step 3: Encoding Utterances and Labels   | 3.3 Step 3: Encoding Utterances and Labels After Step 2, eac
       19301     49 w  -            Step 4: Final intent discovery           | 3.4 Step 4: Final intent discovery To finally infer the late
       19594     85 w  -            Experimental Setup / Datasets            | 4 Experimental Setup 4.1 Datasets We evaluate our IDAS appro
       20120    145 w  -            Baselines                                | 4.2 Baselines On Banking, StackOverflow, and our Transport d
       21042    133 w  -            Evaluation                               | 4.3 Evaluation Following Zhang et al. (2021c); Shen et al. (
       21863    333 w  -            Implementation                           | 4.4 Implementation Encoder: We use the same pre-trained enco
       23917    736 w  -            Results and Discussion / Main Results    | 5 Results and Discussion 5.1 Main Results In unsupervised cl
       28396   1041 w  -            5.2 Ablations                            | 5.2 Ablations Below, we investigate the impact of (i) the en
       34681    223 w  -            6 Conclusions                            | 6 Conclusions Unlike existing methods that train unsupervise
       36235    236 w  -            Limitations                              | Limitations Our work is limited in the following senses. Fir
       37785    112 w  -            Ethics Statement                         | Ethics Statement Since IDAS automatically recovers intents f
       38523     40 w  -            Acknowledgements                         | Acknowledgements This work was funded in part by Flanders In
    5 piece(s) after the end matter dropped

dong2005-reference-reconciliation.pdf  ok  pieces 20  dropped 1  tries 1  toc 6  chunks 6  $0.008
    class published | title 'Reference Reconciliation in Complex Information Spaces' | author 'Xin Dong' | date 2005 from 'Copyright 2005 ACM 1-59593-060-4/05/06 ...$5.00.'
    body 296-68743 of 73821 (7% outside) | body_start 'ABSTRACT' | end matter 'Acknowledgments'
    contents 'Section 2 deﬁnes the reconciliation problem and illustrates' .. 'Section 6 describes related work and Section 7 concludes.' at 10258-10494
         296    179 w  -            Abstract                                 | ABSTRACT Reference reconciliation is the problem of identify
        1502   1300 w  -            Chapter 1: Introduction                  | 1. INTRODUCTION One of the major impediments to integrating 
       10552     26 w  -            Chapter 2: Overview                      | 2. OVERVIEW We begin by deﬁning the reference reconciliation
       10731    400 w  -            Problem definition                       | 2.1 Problem deﬁnition We model a domain with a schema that i
       13227    627 w  -            Section 2.2: Overview of the approach    | 2.2 Overview of the approach The goal of our approach is to 
       17284    107 w  -            Section 3: RECONCILIATION ALGORITHM      | 3. RECONCILIATION ALGORITHM Our reconciliation algorithm pro
       18038   1289 w  -            Section 3.1: Dependency graph            | 3.1 Dependency graph To reconcile references, we need to com
       25067    745 w  -            Exploiting the dependency graph          | 3.2 Exploiting the dependency graph Our algorithm is based o
       29600    512 w  -            Enriching the references                 | 3.3 Enriching the references Another important aspect of our
       32339    748 w  -            Enforcing constraints                    | 3.4 Enforcing constraints Up to now, our algorithm has consi
       36583   1045 w  -            4. COMPUTING SIMILARITY SCORES           | 4. COMPUTING SIMILARITY SCORES This section describes the si
       42983    160 w  -            5. EXPERIMENTAL RESULTS                  | 5. EXPERIMENTAL RESULTS 1More complex cases can arise, e.g.,
       44038    231 w  -            5.1 Datasets                             | 5.1 Datasets Our ﬁrst experiment involved four personal data
       45450    460 w  -            5.2 Experimental methodology             | 5.2 Experimental methodology As in many other reference reco
       48479    744 w  -            5.3 Reference reconciliation for persona | 5.3 Reference reconciliation for personal data Table 2 shows
       53247    904 w  -            Component Contributions                  | Component Contributions We now analyze the contribution of d
       59189    229 w  -            Effect of Constraints                    | Effect of Constraints We now examine the eﬀect of constraint
       60687    235 w  -            Section 5.4: The Cora Dataset            | 5.4 The Cora Dataset Table 7 shows the precision, recall and
       62148    743 w  -            Section 6: RELATED WORK                  | 6. RELATED WORK The problem of reference reconciliation, ori
       67136    231 w  -            Section 7: CONCLUSIONS AND FUTURE WORK   | 7. CONCLUSIONS AND FUTURE WORK Many applications that requir
    1 piece(s) after the end matter dropped

douze2024-faiss.pdf  ok  pieces 35  dropped 8  tries 2  toc None  chunks 10  $0.015
    class published | title 'THE FAISS LIBRARY' | author 'Matthijs Douze\nAlexandr Guzhva\nChengqi Deng\nJeff Johnson\nGergely Szilvasy\nPierre-Emmanuel Mazar´e\nMaria Lomeli\nLucas Hosseini\nHerv´e J´egou' | date 2025-10-23 from 'arXiv:2401.08281v4  [cs.LG]  23 Oct 2025'
    body 250-70153 of 111653 (37% outside) | body_start 'Abstract' | end matter 'References'
    contents None .. None at None-None
         250    107 w  -            Abstract                                 | Abstract Vector databases typically manage large collections
         944    840 w  -            Chapter 1: Introduction                  | 1 Introduction The emergence of deep learning has induced a 
        6266   1069 w  -            Chapter 2: Related work                  | 2 Related work Indexing methods. Over the past decade, a ste
       13351    437 w  -            Performance axes of a vector search libr | 3 Performance axes of a vector search library Vector search 
       15977    212 w  -            Brute force search                       | 3.1 Brute force search Developing an efficient implementatio
       17320    813 w  -            Metrics for Approximate Nearest Neighbor | 3.2 Metrics for Approximate Nearest Neighbor Search With ANN
       21936    143 w  -            Tradeoffs                                | 3.3 Tradeoffs Most often only a subset of metrics matter. Fo
       22761    412 w  -            Exploring search-time settings           | 3.4 Exploring search-time settings For a fixed index, there 
       25137    170 w  -            3.5 Refining (IndexRefine)               | 3.5 Refining (IndexRefine) One can combine a fast but inaccu
       26161    217 w  -            4 Compression levels                     | 4 Compression levels Faiss supports various vector codecs: t
       27415    789 w  -            4.1 The vector codecs                    | 4.1 The vector codecs The k-means vector quantizer (Kmeans).
       32361    262 w  -            4.2 Vector preprocessing                 | 4.2 Vector preprocessing Applying transformations to input v
       34037    489 w  -            4.3 Faiss additive quantization options  | 4.3 Faiss additive quantization options Additive quantizers 
       36852     74 w  -            The local search quantizer (LSQ)         | The local search quantizer (LSQ). At encoding time, LSQ star
       37321    423 w  -            Compressed-domain search                 | Compressed-domain search. The distances are computed without
       39756    132 w  -            4.4 Vector compression benchmark         | 4.4 Vector compression benchmark Figure 3 shows the trade-of
       40556    201 w  -            4.5 Binary indexes                       | 4.5 Binary indexes Binary quantization with symmetric distan
       41901    286 w  -            5 Non-exhaustive search                  | 5 Non-exhaustive search Non-exhaustive search is the corners
       43614     94 w  -            5.1 Inverted files                       | 5.1 Inverted files IVF indexing is a technique that clusters
       44208    605 w  -            Setting the number of lists              | Setting the number of lists. The KIVF parameter is central. 
       47533    266 w  -            Encoding residuals                       | Encoding residuals. In general, it is more accurate to compr
       49103    377 w  -            Spherical clustering for inner product s | Spherical clustering for inner product search. Ef- ficient i
       51490    597 w  -            Section 5.2: Graph based                 | 5.2 Graph based Graph-based indexing consists in building a 
       55027    197 w  -            Section 5.3: How to choose an index      | 5.3 How to choose an index In most cases, choosing an approp
       56248    168 w  -            Section 5.4: Benchmarking indexes        | 5.4 Benchmarking indexes Faiss includes a benchmarking frame
       57464    121 w  -            Section 5.5: Comparison with other libra | 5.5 Comparison with other libraries ANN-benchmarks [3] is a 
       58211     86 w  -            Section 6: Database operations           | 6 Database operations In the experiments above, the indexes 
       58734    394 w  -            Section 6.1: Identifier-based operations | 6.1 Identifier-based operations Faiss indexes support two ty
       61208    799 w  -            Filtered search                          | 6.2 Filtered search Vector filtering consists in returning o
       65877     32 w  -            Faiss applications                       | 7 Faiss applications Faiss is widely used across the industr
       66115    262 w  -            Trillion scale index                     | 7.1 Trillion scale index In this example, we index 1.5 trill
       67681     95 w  -            Text retrieval                           | 7.2 Text retrieval Faiss is commonly used for knowledge inte
       68307    101 w  -            Data mining                              | 7.3 Data mining Another recurrent application of ANNS and Fa
       68915    132 w  -            Content Moderation                       | 7.4 Content Moderation One of the major applications of Fais
       69789     53 w  -            Conclusion                               | 8 Conclusion Throughout the years, Faiss continuously expand
    8 piece(s) after the end matter dropped

edge2024-graphrag.pdf  ok  pieces 24  dropped 15  tries 1  toc None  chunks 8  $0.011
    class published | title 'From Local to Global: A GraphRAG Approach to\nQuery-Focused Summarization' | author 'Darren Edge1†' | date 2025-02-19 from 'arXiv:2404.16130v2  [cs.CL]  19 Feb 2025'
    body 482-44216 of 89608 (51% outside) | body_start 'Abstract' | end matter 'Acknowledgements'
    contents None .. None at None-None
         482    225 w  -            Abstract                                 | Abstract The use of retrieval-augmented generation (RAG) to 
        1924    644 w  -            Chapter 1: Introduction                  | 1 Introduction Retrieval augmented generation (RAG) (Lewis e
        6110    357 w  -            Chapter 2: Background / Section 2.1: RAG | 2 Background 2.1 RAG Approaches and Systems RAG generally re
        8272    264 w  -            Section 2.2: Using Knowledge Graphs with | 2.2 Using Knowledge Graphs with LLMs and RAG Approaches to k
        9949    284 w  -            Section 2.3: Adaptive benchmarking for R | 2.3 Adaptive benchmarking for RAG Evaluation Many benchmark 
       11807    320 w  -            Section 2.4: RAG evaluation criteria     | 2.4 RAG evaluation criteria Our evaluation relies on the LLM
       14015     34 w  -            Chapter 3: Methods / Section 3.1: GraphR | 3 Methods 3.1 GraphRAG Workflow Figure 1 illustrates the hig
       14242     83 w  -            Section 3.1.1: Source Documents →Text Ch | 3.1.1 Source Documents →Text Chunks To start, the documents 
       14764    348 w  -            Section 3.1.2: Text Chunks →Entities & R | 3.1.2 Text Chunks →Entities & Relationships In this step, th
       17102    201 w  -            Section 3.1.3: Entities & Relationships  | 3.1.3 Entities & Relationships →Knowledge Graph The use of a
       18453    122 w  -            Section 3.1.4: Knowledge Graph →Graph Co | 3.1.4 Knowledge Graph →Graph Communities Given the graph ind
       19273    273 w  -            Section 3.1.5: Graph Communities →Commun | 3.1.5 Graph Communities →Community Summaries The next step c
       21090    218 w  -            Section 3.1.6: Community Summaries →Comm | 3.1.6 Community Summaries →Community Answers →Global Answer 
       22515    279 w  -            Section 3.2: Global Sensemaking Question | 3.2 Global Sensemaking Question Generation To evaluate the e
       24195    513 w  -            3.3 Criteria for Evaluating Global Sense | 3.3 Criteria for Evaluating Global Sensemaking Given the lac
       27555    129 w  -            4 Analysis / 4.1 Experiment 1 / 4.1.1 Da | 4 Analysis 4.1 Experiment 1 4.1.1 Datasets We selected two d
       28430    251 w  -            4.1.2 Conditions                         | 4.1.2 Conditions We compared six conditions including GraphR
       30083    134 w  -            4.1.3 Configuration                      | 4.1.3 Configuration We used a fixed context window size of 8
       30903    280 w  -            4.2 Experiment 2                         | 4.2 Experiment 2 To validate the comprehensiveness and diver
       32845    997 w  -            5 Results / 5.1 Experiment 1             | 5 Results 5.1 Experiment 1 The indexing process resulted in 
       38174    452 w  -            Experiment 2                             | 5.2 Experiment 2 Table 3 shows the results for the average n
       41107    162 w  -            Discussion / Limitations of evaluation a | 6 Discussion 6.1 Limitations of evaluation approach Our eval
       42153    192 w  -            Future work                              | 6.2 Future work The graph index, rich text annotations, and 
       43490    106 w  -            Conclusion                               | 7 Conclusion We have presented GraphRAG, a RAG approach that
    15 piece(s) after the end matter dropped

elite-2025.pdf  ok  pieces 14  dropped 0  tries 1  toc None  chunks 4  $0.004
    class published | title 'ELITE: Embedding-Less retrieval with Iterative Text\nExploration' | author 'Zhangyu Wang∗' | date 2025-05-17 from 'arXiv:2505.11908v1  [cs.CL]  17 May 2025'
    body 364-34230 of 39938 (15% outside) | body_start 'Abstract' | end matter 'References'
    contents None .. None at None-None
         364    167 w  -            Abstract                                 | Abstract Large Language Models (LLMs) have achieved impressi
        1624   1070 w  -            Chapter 1: Introduction                  | 1 Introduction Recent advancements in Large Language Models 
        9068    264 w  -            Chapter 2: Related Work                  | 2 Related Work Embedding Models. The concept of word embeddi
       11060    446 w  -            Chapter 3: Limitations of Embedding      | 3 Limitations of Embedding We evaluated common embedding mod
       14190    226 w  -            Methodology                              | 4 Methodology In this section, we present our method, which 
       15993    362 w  -            Generation and Collection                | 4.1 Generation and Collection During our experimental analys
       18449    468 w  -            Evaluation/Importance-based Sufficiency  | 4.2 Evaluation/Importance-based Sufficiency Judge Following 
       21704    448 w  -            Iterative Text Exploration and Organizin | 4.3 Iterative Text Exploration and Organizing Once the model
       24930    315 w  -            Experiments                              | 5 Experiments Benchmarks. We evaluated our method on two lon
       27225    103 w  -            Results                                  | 5.1 Results Table 2 compares QA accuracy across retrieval st
       27994    602 w  -            Response Time Analysis                   | 5.1.1 Response Time Analysis We evaluate response time using
       32023    131 w  -            Extra Storage Analysis                   | 5.1.2 Extra Storage Analysis Table 4 presents the additional
       32877     56 w  -            Limitations                              | 6 Limitations Due to computational constraints, experiments 
       33281    121 w  -            Conclusion                               | 7 Conclusion We introduced an embedding-free retrieval frame

engram-2026.pdf  ok  pieces 15  dropped 2  tries 1  toc None  chunks 4  $0.005
    class published | title 'Less Context, More Accuracy:\nA Bi-Temporal Memory Engine for LLM Agents\nWhere a Lean Retrieved Context Beats the Full History' | author 'Liuyin Wang∗' | date 2026-06 from 'June 2026'
    body 172-26705 of 38941 (32% outside) | body_start 'Abstract' | end matter 'References'
    contents None .. None at None-None
         172    296 w  -            Abstract                                 | Abstract Long-term memory is the missing layer for LLM agent
        2250    467 w  -            Chapter 1: Introduction                  | 1 Introduction LLM agents are stateless across sessions. The
        5511    349 w  -            Chapter 2: Related Work                  | 2 Related Work Memory systems for LLM agents. MemGPT [14] fr
        8040     38 w  -            Chapter 3: The Engram System             | 3 The Engram System Engram is a dual-process memory system: 
        8281    329 w  -            Section 3.1: Bi-temporal data model      | 3.1 Bi-temporal data model Two time axes are first-class eve
       10441     50 w  -            Section 3.2: System-1: the hot write pat | 3.2 System-1: the hot write path On add(messages), Engram ap
       10765     70 w  -            Section 3.3: System-2: asynchronous cons | 3.3 System-2: asynchronous consolidation Off the critical pa
       11282    224 w  -            Section 3.4: Cheap-then-escalate conflic | 3.4 Cheap-then-escalate conflict resolution When a new fact 
       12751    232 w  -            The hybrid read path                     | 3.5 The hybrid read path On search(query), Engram (1) unders
       14366    493 w  -            Experimental Setup                       | 4 Experimental Setup Benchmark. LongMemEvalS [18]: 500 quest
       17928    703 w  -            Results                                  | 5 Results Headline. Table 2 and Figure 3 report the full 500
       22766    221 w  -            Discussion and Limitations               | 6 Discussion and Limitations We report the result openly rat
       24189     98 w  -            Conclusion                               | 7 Conclusion Engram shows that a precisely retrieved, bi-tem
       24861    163 w  -            Ethics and Broader Impact                | Ethics and Broader Impact A long-term memory layer necessari
       25988    104 w  -            Reproducibility Statement                | Reproducibility Statement Every number in this paper is prod
    2 piece(s) after the end matter dropped

entity-collision-2026.pdf  ok  pieces 20  dropped 89  tries 2  toc None  chunks 16  $0.031
    class published | title 'Entity-Collision: A Stratified Protocol for Attributing Retrieval Lift in\nAgent Memory' | author 'Youwang Deng' | date 2026-05-28 from 'arXiv:2605.29630v1  [cs.CL]  28 May 2026'
    body 332-32603 of 189662 (83% outside) | body_start 'End-to-end agent-memory benchmarks report a' | end matter 'References'
    contents None .. None at None-None
         332    220 w  -            Abstract                                 | 1.1 Abstract End-to-end agent-memory benchmarks report a sin
        1854    412 w  -            Introduction                             | 2 Introduction Agent-memory systems are increasingly deploye
        4744    276 w  -            Contributions                            | 2.1 Contributions 1. Entity-collision evaluation protocol th
        6667    291 w  -            Related Work / Agent memory systems      | 3 Related Work 3.1 Agent memory systems Three contemporary a
        8738     99 w  -            Benchmarks and evaluation                | 3.2 Benchmarks and evaluation We evaluate on two community-s
        9464    130 w  -            Retrieval baselines                      | 3.3 Retrieval baselines BM25 as a strong baseline (Thakur et
       10386    120 w  -            Methods / Engram retrieval cell          | 4 Methods 4.1 Engram retrieval cell The unit-under-test is a
       11261    329 w  -            Encoder latency-cost trade-off           | 4.1.1 Encoder latency-cost trade-off The three encoders span
       13309    148 w  -            4.2 Entity-collision protocol            | 4.2 Entity-collision protocol For each tag t ∈{preference, p
       14211     98 w  -            4.3 Discriminator tags                   | 4.3 Discriminator tags We label service (closed-vocabulary p
       14943     99 w  -            5 Results / 5.1 Headline figure          | 5 Results 5.1 Headline figure Reading the figure. Three pane
       15512    166 w  -            5.2 Per-cell point estimates with 95% CI | 5.2 Per-cell point estimates with 95% CIs Source: bench/resu
       16581    161 w  -            5.3 Two-axis interpretation              | 5.3 Two-axis interpretation The grid factors cleanly: • Embe
       17626    109 w  -            5.4 Sidebar: adaptive vector-weight rout | 5.4 Sidebar: adaptive vector-weight routing on LoCoMo is a m
       18390    252 w  -            5.5 LoCoMo per-category — replication is | 5.5 LoCoMo per-category — replication is encoder-tier-depend
       20151    312 w  -            5.6 LongMemEval — synthetic→natural repl | 5.6 LongMemEval — synthetic→natural replication We ran the p
       22330    311 w  -            6 Discussion / 6.1 When does dense embed | 6 Discussion 6.1 When does dense embedding pay? The two-axis
       24475    194 w  -            7 Threats to Validity / 7.1 Synthetic co | 7 Threats to Validity 7.1 Synthetic corpus The protocol gene
       25910    272 w  -            8 Conclusion                             | 8 Conclusion We presented entity-collision, a system-agnosti
       27827    682 w  -            9 Limitations                            | 9 Limitations We name scope limits explicitly so deployments
    89 piece(s) after the end matter dropped

er-in-practice-2026.pdf  ok  pieces 10  dropped 3  tries 1  toc None  chunks 3  $0.004
    class published | title 'Entity Resolution in Practice:\nLessons from a Self-Serve Pipeline' | author 'Kaushik Pavani' | date 2026-07-28 from 'arXiv:2607.26298v1  [cs.LG]  28 Jul 2026'
    body 260-25454 of 33269 (24% outside) | body_start 'Abstract—We built and evaluated a self-serve entity resolution' | end matter 'REFERENCES'
    contents None .. None at None-None
         260    151 w  -            opening                                  | Abstract—We built and evaluated a self-serve entity resoluti
        1321    507 w  -            Introduction                             | I. INTRODUCTION Entity resolution (ER)—identifying records t
        4654    243 w  -            The Framework                            | II. THE FRAMEWORK Our system follows the standard block →mat
        6304    330 w  -            Experimental Setup                       | III. EXPERIMENTAL SETUP a) Datasets.: We evaluate on six ded
        8431    363 w  -            Lesson 1: Which Matcher Wins Depends on  | IV. LESSON 1: WHICH MATCHER WINS DEPENDS ON THE DATASET Clai
       11020    748 w  -            Lesson 2: Precision and Recall Break at  | V. LESSON 2: PRECISION AND RECALL BREAK AT DIFFERENT STAGES 
       16029    597 w  -            VI. LESSON 3: ONE FALSE POSITIVE CAN COL | VI. LESSON 3: ONE FALSE POSITIVE CAN COLLAPSE YOUR CLUSTERS 
       19975    341 w  -            VII. RELATED WORK                        | VII. RELATED WORK a) Classical and PLM-based ER.: The field 
       22162    237 w  -            VIII. LIMITATIONS                        | VIII. LIMITATIONS Our study has a few limitations that bound
       23774    263 w  -            IX. CONCLUSION                           | IX. CONCLUSION We deployed entity resolution at scale on six
    3 piece(s) after the end matter dropped

errors-become-narratives-2026.pdf  ok  pieces 26  dropped 0  tries 1  toc None  chunks 5  $0.007
    class published | title 'When Errors Become Narratives: A Longitudinal\nTaxonomy of Silent Failures in a Production LLM\nAgent Runtime' | author 'Wei Wu∗' | date 2026-06 from 'June 2026 · Draft v0.3 (LaTeX)'
    body 170-55413 of 58626 (6% outside) | body_start 'Abstract' | end matter 'Artifact Availability'
    contents None .. None at None-None
         170    472 w  -            Abstract                                 | Abstract Large language model (LLM) agent systems are increa
        3647    658 w  -            Introduction                             | 1 Introduction The reliability literature has long known tha
        8206    160 w  -            Background and Related Work / Silent fai | 2 Background and Related Work 2.1 Silent failures in distrib
        9331    301 w  -            LLM agent failure studies                | 2.2 LLM agent failure studies Cemri et al.’s MAST is the fir
       11448    133 w  -            Hallucination research                   | 2.3 Hallucination research Hallucination is usually studied 
       12515    171 w  -            2.4 Operational practice: SRE, chaos eng | 2.4 Operational practice: SRE, chaos engineering, and incide
       13711    387 w  2026-06-11   3 System Context and Methodology / 3.1 T | 3 System Context and Methodology 3.1 The system under study 
       16421    206 w  2026-04      3.2 Incident corpus and postmortem proto | 3.2 Incident corpus and postmortem protocol The corpus is ev
       17820    167 w  ~2026-04     3.3 Taxonomy construction                | 3.3 Taxonomy construction We classify by mechanism (how the 
       18976    115 w  ~2026-04     3.4 The meta-pattern counter             | 3.4 The meta-pattern counter Early in the study we adopted a
       19741     39 w  ~2026-04     4 A Taxonomy of Silent Failures          | 4 A Taxonomy of Silent Failures Table 1 and Fig. 2 summarize
       19977    454 w  ~2026-04     4.1 Class A — Environment and platform q | 4.1 Class A — Environment and platform quirks The logic is r
       22948    252 w  ~2026-04     4.2 Class B — Design-assumption mismatch | 4.2 Class B — Design-assumption mismatches The code is inter
       24698    315 w  ~2026-04     Class C — Error swallowing and dilution  | 4.3 Class C — Error swallowing and dilution The error happen
       26744    803 w  ~2026-04     Class D — Chained hallucination and fabr | 4.4 Class D — Chained hallucination and fabrication (fail-pl
       32224    665 w  ~2026-04     Class E — Operational omission and foren | 4.5 Class E — Operational omission and forensic blind spots 
       36728    189 w  ~2026-04     Chapter 5: Cross-Cutting Findings / Sect | 5 Cross-Cutting Findings 5.1 Latency: how long silence lasts
       38043    241 w  ~2026-04     Section 5.2: Discovery: who finally noti | 5.2 Discovery: who finally notices The last row of Table 2 i
       39637    225 w  ~2026-04     Section 5.3: The trigger–amplifier–conce | 5.3 The trigger–amplifier–concealer structure Nearly every p
       41173    150 w  ~2026-04     Section 5.4: Silent failure is a bug cla | 5.4 Silent failure is a bug class, not a bug The MR-4 manife
       42135    181 w  ~2026-04     Section 5.5: Defense maturation: point f | 5.5 Defense maturation: point fix →meta-rule →scanner Defens
       43346    256 w  ~2026-04     Section 5.6: Audit is a regression engin | 5.6 Audit is a regression engine, not a prediction engine Mi
       44979    504 w  ~2026-04     Chapter 6: The Defense Framework That Em | 6 The Defense Framework That Emerged We summarize the framew
       48592    541 w  ~2026-04     Discussion: Seams, Not Components        | 7 Discussion: Seams, Not Components Two months in, facing a 
       52444    248 w  ~2026-04     Threats to Validity                      | 8 Threats to Validity Construct. “Silent failure” requires a
       54179    190 w  ~2026-04     Conclusion                               | 9 Conclusion Eight weeks of complete postmortems from a prod

factnet-2026.pdf  FLAGGED  pieces 25  dropped 53  tries 2  toc 38  chunks 15  $0.024
    class published | title 'FactNet: A Billion-Scale Knowledge Graph for\nMultilingual Factual Grounding' | author 'Yingli Shen1∗' | date 2026-05-14 from 'arXiv:2602.03417v2  [cs.CL]  14 May 2026'
    body 339-35737 of 179744 (80% outside) | body_start 'Abstract' | end matter 'References'
    contents 'Appendix Contents' .. None at 57997-None
         339    128 w  -            Abstract                                 | Abstract Large language models hallucinate factual claims an
        1427   1160 w  -            Introduction                             | 1 Introduction FactNet: Multilingual Fact Knowledge Graph Ex
        9748    168 w  -            FactNet: Design and Construction         | 2 FactNet: Design and Construction FactNet aligns structured
       11010    128 w  -            Data Model                               | 2.1 Data Model The FactNet schema distinguishes among atomic
       11993    118 w  -            Statement Canonicalization into FactSyns | 2.2 Statement Canonicalization into FactSynsets FactSynsets 
       12862    292 w  -            2.3 Grounding: FactSense Extraction      | 2.3 Grounding: FactSense Extraction FactSenses align FactSta
       15165     93 w  -            2.4 Relational Structure                 | 2.4 Relational Structure RelationEdges provide structural co
       15923    116 w  -            2.5 Format, Release, and Licensing       | 2.5 Format, Release, and Licensing FactNet is fully determin
       16767     49 w  -            3 Resource Statistics and Quality Assess | 3 Resource Statistics and Quality Assessment We evaluate Fac
       17150    319 w  -            3.1 Scale, Definitions, and Long-Tail St | 3.1 Scale, Definitions, and Long-Tail Structure Table 2 summ
       19452    100 w  -            3.2 Content Distribution and Representat | 3.2 Content Distribution and Representation FactNet inherits
       20147     91 w  -            3.3 Audit Protocol and Evaluation Estima | 3.3 Audit Protocol and Evaluation Estimands Because automate
       20840    332 w  -            3.4 Grounding Quality of FactSenses      | 3.4 Grounding Quality of FactSenses Table 3: FactSense groun
       23303    324 w  -            3.5 Canonicalization and Structural Qual | 3.5 Canonicalization and Structural Quality Synset Integrity
       25473     66 w  -            Section 4: FactNet-Bench: Tasks and Expe | 4 FactNet-Bench: Tasks and Experiments We introduce FactNet-
       25984    120 w  -            Section 4.1: Benchmark Design            | 4.1 Benchmark Design All instances, splits, and evaluation a
       26897    139 w  -            Section 4.2: Tasks and Evaluation Metric | 4.2 Tasks and Evaluation Metrics We report results as mean ±
       27917     86 w  -            Section 4.3: Baselines                   | 4.3 Baselines KGC. Structural approaches (TransE; 40, RotatE
       28581    190 w  -            Section 4.4: Results and Analysis        | 4.4 Results and Analysis (I) KGC. Figure 3(a) presents perfo
       29997     86 w  -            Section 4.5: Multilingual Analysis       | 4.5 Multilingual Analysis KGC by Language Tier. Structural m
       30629    116 w  -            Section 4.6: External Validation         | 4.6 External Validation (IV) FactNet-Augmented RAG. A RAG sy
       31456    105 w  -            Section 4.7: LLM Hallucination Probing   | 4.7 LLM Hallucination Probing We sample 2,000 FACTSYNSET fac
       32216    112 w  -            Section 4.8: Evidence Type Ablation      | 4.8 Evidence Type Ablation We compare full-evidence against 
       32968    224 w  -            Section 5: Discussion and Future Works   | 5 Discussion and Future Works Addressing Circularity Concern
       34752    115 w  -            Section 6: Conclusion                    | 6 Conclusion We present FactNet, a billion-scale multilingua
    MISSING 'D.12 Evidence Type Ablation: Full Results . . . . . . . . . . . . . . . . . . . . . . . . . . . . . . . . .'
    MISSING '40'
    MISSING 'A'
    53 piece(s) after the end matter dropped

fu2026-enpmr-bench.pdf  ok  pieces 21  dropped 22  tries 1  toc None  chunks 7  $0.009
    class published | title 'ENPMR-Bench: Benchmarking Proactive Memory Retrieval for Emotional\nSupport Agents' | author 'Xing Fu, Yulin Hu, Mengtong Ji, Haozhen Li, Yixin Sun\nWeixiang Zhao, Yanyan Zhao*, Bing Qin' | date 2026-05-26 from 'arXiv:2605.27240v1  [cs.CL]  26 May 2026'
    body 316-39303 of 77072 (49% outside) | body_start 'Abstract' | end matter 'References'
    contents None .. None at None-None
         316    185 w  -            opening                                  | Abstract Memory-augmented language agents are in- creasingly
        1731    786 w  -            Chapter 1: Introduction                  | 1 Introduction Recently, LLM–based agents have been increas-
        7100    177 w  -            Chapter 2: Related Works / Section 2.1:  | 2 Related Works 2.1 Memory Benchmark Existing memory benchma
        8328    275 w  -            Section 2.2: Emotional Support Dialogue  | 2.2 Emotional Support Dialogue Early work on emotional suppo
       10239    237 w  -            Chapter 3: ENPMR-Bench Overview / Sectio | 3 ENPMR-Bench Overview 3.1 Task Formulation Each instance in
       11706    370 w  -            Section 3.2: Structured Memory Retrieval | 3.2 Structured Memory Retrieval Guidelines To address the hi
       14238    102 w  -            Data Statistics                          | 3.3 Data Statistics ENPMR-Bench, a Chinese benchmark, consis
       14942    323 w  -            Data Construction / User Profile Generat | 4 Data Construction 4.1 User Profile Generation We build upo
       17274     94 w  -            Generate Sessions From Profile           | 4.2 Generate Sessions From Profile To convert enriched user 
       17951    130 w  -            Emotional Support Dialogue Generation    | 4.3 Emotional Support Dialogue Generation We construct emoti
       18846    101 w  -            Data Filtering and Human Validation      | 4.4 Data Filtering and Human Validation We employ GPT-4o to 
       19559    135 w  -            Experiment / Memory Retrieval Task       | 5 Experiment 5.1 Memory Retrieval Task Task Definition and M
       20410    639 w  -            Response Generation Task                 | 5.2 Response Generation Task Task Definition and Models. Thi
       24473    664 w  -            6 Result and Analysis                    | 6 Result and Analysis To systematically analyze where curren
       30223    663 w  -            RQ1: Limited Effectiveness of Emotional  | 6.1 RQ1: Limited Effectiveness of Emotional Need-Aware Memor
       34581    127 w  -            RQ2&4: Appropriate Memory Is Critical fo | 6.2 RQ2&4: Appropriate Memory Is Critical for Empathetic Res
       35582     69 w  -            RQ3: Limitations of LLMs in Leveraging R | 6.3 RQ3: Limitations of LLMs in Leveraging Retrieved Memorie
       36090     99 w  -            Conclusion                               | 7 Conclusion In this work, we introduce ENPMR-Bench, a novel
       36790    196 w  -            Limitations                              | Limitations This work focuses on evaluating an agent’s abili
       38188    137 w  -            Ethical Statement                        | Ethical Statement We are committed to publicly releasing all
       39099     30 w  -            Acknowledgements                         | Acknowledgements We thank the anonymous reviewers for their 
    22 piece(s) after the end matter dropped

geng2023-grammar-constrained.pdf  ok  pieces 22  dropped 16  tries 1  toc None  chunks 7  $0.010
    class published | title 'Grammar-Constrained Decoding for Structured NLP Tasks\nwithout Finetuning' | author 'Saibo Geng,♢Martin Josifoski,♢Maxime Peyrard,∗♣Robert West♢' | date 2023-12-06 from 'December 6-10, 2023 ©2023 Association for Computational Linguistics'
    body 456-42294 of 77946 (46% outside) | body_start 'Abstract' | end matter 'References'
    contents None .. None at None-None
         456    211 w  -            Abstract                                 | Abstract Despite their impressive performance, large lan- gu
        1883   1067 w  -            Chapter 1: Introduction                  | 1 Introduction Pretrained language models (LMs) have achieve
        8603    475 w  -            Chapter 2: Method                        | 2 Method We now describe GCD and how it can constrain the ou
       11133    725 w  -            Section 2.1: NLP tasks as formal languag | 2.1 NLP tasks as formal languages The input x and output y o
       15543    185 w  -            Grammar-constrained decoding (GCD)       | 2.2 Grammar-constrained decoding (GCD) The LM decoding proce
       16698    190 w  -            Few-shot learning with GCD               | 2.3 Few-shot learning with GCD To adapt a pretrained LM to a
       17758     93 w  -            Experimental setup                       | 3 Experimental setup Although GCD can be applied to many tas
       18321    290 w  -            Closed information extraction (cIE)      | 3.1 Closed information extraction (cIE) Task description. Th
       20137    337 w  -            Entity disambiguation (ED)               | 3.2 Entity disambiguation (ED) Task description. Entity disa
       22170    435 w  -            Constituency parsing (CP)                | 3.3 Constituency parsing (CP) Task description. Constituency
       24898     84 w  -            3.4 LLMs and prompting                   | 3.4 LLMs and prompting We utilize LLaMA (Touvron et al., 202
       25402    223 w  -            4 Experimental results                   | 4 Experimental results Next, we present the results for each
       26806    471 w  -            4.1 Closed information extraction (cIE)  | 4.1 Closed information extraction (cIE) Results for cIE are 
       29653    160 w  -            4.2 Entity disambiguation (ED)           | 4.2 Entity disambiguation (ED) Results for ED are reported i
       30738    321 w  -            4.3 Constituency parsing (CP)            | 4.3 Constituency parsing (CP) Results for CP are reported in
       32840    110 w  -            4.4 Latency                              | 4.4 Latency Incremental parsing imposes an additional over- 
       33451    534 w  -            5 Likelihood misalignment in GCD         | 5 Likelihood misalignment in GCD In the cIE and CP tasks, re
       36648     94 w  -            Related work / Autoregressive structured | 6 Related work Autoregressive structured prediction in NLP. 
       37263    278 w  -            Constrained decoding                     | Constrained decoding. For tasks where the out- put needs to 
       39127    248 w  -            Conclusion                               | 7 Conclusion This work introduces grammar-constrained decod-
       40728    168 w  -            Limitations                              | Limitations Compatibility with API-based LLMs. GCD works by 
       41716     84 w  -            Acknowledgements                         | Acknowledgements We thank Viktor Kunˇcak and Chris Wendler f
    16 piece(s) after the end matter dropped

ghalandari2020-tls-survey.pdf  FLAGGED  pieces 1  dropped 0  tries 0  toc None  chunks None  $0.008
    class None | title None | author None | date None from None
    body 0-49999 of 49999 (0% outside) | body_start None | end matter None
    contents None .. None at None-None
           0   7984 w  -            whole document                           | Examining the State-of-the-Art in News Timeline Summarizatio
    MISSING 'run error: RuntimeError: OpenAI 429: {\n    "error": {\n        "message": "You have no credits remaining. Add credits to continue using the API at https://platform.openai.com/settings/organization/billing/.",\n        "type": "'

graphrag-bench-2025.pdf  FLAGGED  pieces 1  dropped 0  tries 0  toc None  chunks None  $0.002
    class None | title None | author None | date None from None
    body 0-116764 of 116764 (0% outside) | body_start None | end matter None
    contents None .. None at None-None
           0  16891 w  -            whole document                           | Published as a conference paper at ICLR 2026 WHEN TO USE GRA
    MISSING 'run error: RuntimeError: OpenAI 429: {\n    "error": {\n        "message": "You have no credits remaining. Add credits to continue using the API at https://platform.openai.com/settings/organization/billing/.",\n        "type": "'

gung2023-dstc11-intent.pdf  FLAGGED  pieces 1  dropped 0  tries 0  toc None  chunks None  $0.006
    class None | title None | author None | date None from None
    body 0-64652 of 64652 (0% outside) | body_start None | end matter None
    contents None .. None at None-None
           0  10185 w  -            whole document                           | Intent Induction from Conversations for Task-Oriented Dialog
    MISSING 'run error: RuntimeError: OpenAI 429: {\n    "error": {\n        "message": "You have no credits remaining. Add credits to continue using the API at https://platform.openai.com/settings/organization/billing/.",\n        "type": "'

hearst1997-texttiling.pdf  ok  pieces 28  dropped 0  tries 1  toc None  chunks 10  $0.011
    class published | title 'TextTiling: Segmenting Text into \nMulti-paragraph Subtopic Passages' | author 'Marti A. Hearst*' | date 1997 from '(~) 1997 Association for Computational Linguistics'
    body 99-94871 of 110844 (14% outside) | body_start 'TextTiling is a technique for subdividing texts into multi-paragraph units that represent passages, ' | end matter 'Acknowledgments'
    contents None .. None at None-None
          99     70 w  -            opening                                  | TextTiling is a technique for subdividing texts into multi-p
         621    675 w  -            Introduction                             | 1. Introduction Most work in discourse processing, both theo
        5279    472 w  -            Why Multi-paragraph Units?               | 2. Why Multi-paragraph Units? In school we are taught that p
        8372    419 w  -            Online Text Display and Hypertext        | 2.1 Online Text Display and Hypertext Research in hypertext 
       11091   1466 w  -            Information Retrieval                    | 2.2 Information Retrieval In the field of information retrie
       20446    521 w  -            Section 3: Coarse-Grained Subtopic Struc | 3. Coarse-Grained Subtopic Structure 3.1 What is Subtopic St
       23737    292 w  -            Section 3.2: Relationship to Segmentatio | 3.2 Relationship to Segmentation in Hierarchical Discourse M
       25763   1231 w  -            Section 4: Detecting Subtopic Change via | 4. Detecting Subtopic Change via Lexical Co-occurrence Patte
       33493    787 w  -            Section 4.1: Comparing Adjacent Blocks o | 4.1 Comparing Adjacent Blocks of Text In the block compariso
       37853    661 w  -            4.2 Vocabulary Introductions             | 4.2 Vocabulary Introductions Another recent analytic techniq
       42010    755 w  -            4.3 Lexical Chains                       | 4.3 Lexical Chains Morris and Hirst's pioneering work on com
       46777    507 w  -            4.4 Vector Space Similarity Comparisons  | 4.4 Vector Space Similarity Comparisons As mentioned in Sect
       50076    314 w  -            Other Related Approaches                 | 4.5 Other Related Approaches Kozima (1993) describes an algo
       52026     50 w  -            The TextTiling Algorithm                 | 5. The TextTiling Algorithm The TextTiling algorithm for dis
       52383    317 w  -            Tokenization                             | 5.1 Tokenization Tokenization refers to the division of the 
       54334     78 w  -            Determining Scores                       | 5.2 Determining Scores As mentioned above, two methods for d
       54808    332 w  -            Blocks                                   | 5.2.1 Blocks. In the block comparison algorithm, adjacent pa
       56898    250 w  -            Vocabulary Introduction                  | 5.2.2 Vocabulary Introduction. The lexical score assigned in
       58309    791 w  -            Boundary Identification                  | 5.3 Boundary Identification Boundary identification is done 
       63123     98 w  -            5.4 Smoothing the Plot                   | 5.4 Smoothing the Plot As mentioned above, the plot is smoot
       63641    181 w  -            5.5 Determining the Number of Boundaries | 5.5 Determining the Number of Boundaries The algorithm must 
       64753    136 w  -            6. Evaluation                            | 6. Evaluation There are several ways to evaluate a segmentat
       65719    906 w  -            6.1 Reader Judgments                     | 6.1 Reader Judgments There is a growing concern surrounding 
       71469    249 w  -            6.2 Parameter Settings                   | 6.2 Parameter Settings An unfortunate aspect of the algorith
       72985    846 w  -            6.3 Results: Qualitative Analysis        | 6.3 Results: Qualitative Analysis Figure 6 shows a plot of t
       77926   1194 w  -            6.4 Results: Quantitative Analysis       | 6.4 Results: Quantitative Analysis To assess the results of 
       85110    675 w  -            6.5 Detecting Breaks between Consecutive | 6.5 Detecting Breaks between Consecutive Documents One way t
       89419    819 w  -            7. Summary and Future Work               | 7. Summary and Future Work This article has described an alg

hernandez2015-reifying-rdf-wikidata.pdf  ok  pieces 14  dropped 0  tries 2  toc None  chunks 4  $0.007
    class published | title 'Reifying RDF: What Works Well With Wikidata?' | author 'Daniel Hernández1, Aidan Hogan1, and Markus Krötzsch2' | date None from None
    body 195-38438 of 42762 (11% outside) | body_start 'Abstract. In this paper, we compare various options for reifying RDF' | end matter 'Acknowledgements This work was partially funded by the DFG in projects DIA-'
    contents None .. None at None-None
         195    156 w  -            Abstract                                 | Abstract. In this paper, we compare various options for reif
        1185    922 w  -            Introduction                             | 1 Introduction Wikidata is a collaboratively edited knowledg
        7042    839 w  -            The Wikidata Data-model                  | 2 The Wikidata Data-model Figure 1a provides an example stat
       12165   1013 w  -            Section 3: From Higher Arity Data to RDF | 3 From Higher Arity Data to RDF (and back) The question now 
       18101     79 w  -            Section 4: Existing Reiﬁcation Approache | 4 Existing Reiﬁcation Approaches In this section, we discuss
       18590    119 w  -            Standard Reiﬁcation                      | Standard Reiﬁcation The ﬁrst approach we look at is standard
       19293    207 w  -            n-ary Relation                           | n-ary Relation The second approach is to use an n-ary relati
       20472    105 w  -            Singleton Properties                     | Singleton Properties Originally proposed by Nguyen et al. [1
       21080    378 w  -            Named Graphs                             | Named Graphs Unlike the previous three schemes, Named Graphs
       23254    294 w  -            Section 5: SPARQL Querying Experiments   | 5 SPARQL Querying Experiments We have looked at four well-kn
       24939    295 w  -            Loading data                             | Loading data: We selected ﬁve RDF engines for experiments: 4
       26783    248 w  -            Benchmark queries                        | Benchmark queries: From two online lists of test-case SPARQL
       28252   1375 w  -            Query results                            | Query results: For each engine and each model, we ran the qu
       36546    405 w  -            Conclusions                              | 6 Conclusions In this paper, we have looked at four well-kno

hipporag-2024.pdf  ok  pieces 18  dropped 15  tries 1  toc 9  chunks 9  $0.012
    class published | title 'HippoRAG: Neurobiologically Inspired\nLong-Term Memory for Large Language Models' | author 'Bernal Jiménez Gutiérrez' | date 2025-01-14 from 'arXiv:2405.14831v3  [cs.CL]  14 Jan 2025'
    body 271-37267 of 102446 (64% outside) | body_start 'Abstract' | end matter 'Acknowledgments'
    contents 'Appendices' .. '• Appendix I: LLM Prompts' at 68576-68993
         271    193 w  -            Abstract                                 | Abstract In order to thrive in hostile and ever-changing nat
        1657    777 w  -            Chapter 1: Introduction                  | 1 Introduction Millions of years of evolution have led mamma
        6863     40 w  -            Chapter 2: HippoRAG                      | 2 HippoRAG In this section, we first give a brief overview o
        7113    241 w  -            Section 2.1: The Hippocampal Memory Inde | 2.1 The Hippocampal Memory Indexing Theory The hippocampal m
        8823    559 w  -            Section 2.2: Overview                    | 2.2 Overview Our proposed approach, HippoRAG, is closely ins
       12502    720 w  -            2.3 Detailed Methodology                 | 2.3 Detailed Methodology Offline Indexing. Our indexing proc
       16880    212 w  -            3 Experimental Setup / 3.1 Datasets      | 3 Experimental Setup 3.1 Datasets We evaluate our method’s r
       18095     69 w  -            3.2 Baselines                            | 3.2 Baselines We compare against several strong and widely u
       18586    261 w  -            3.3 Metrics                              | 3.3 Metrics We report retrieval and QA performance on the da
       20161     96 w  -            3.4 Implementation Details               | 3.4 Implementation Details By default, we use GPT-3.5-turbo-
       20758    374 w  -            4 Results                                | 4 Results We present our retrieval and QA experimental resul
       23229    579 w  -            5 Discussions / 5.1 What Makes HippoRAG  | 5 Discussions 5.1 What Makes HippoRAG Work? OpenIE Alternati
       26895    370 w  -            5.2 HippoRAG’s Advantage: Single-Step Mu | 5.2 HippoRAG’s Advantage: Single-Step Multi-Hop Retrieval A 
       29265    234 w  -            5.3 HippoRAG’s Potential: Path-Finding M | 5.3 HippoRAG’s Potential: Path-Finding Multi-Hop Retrieval T
       30785    369 w  -            6 Related Work / 6.1 LLM Long-Term Memor | 6 Related Work 6.1 LLM Long-Term Memory Parametric Long-Term
       33128    218 w  -            6.2 Multi-Hop QA & Graphs                | 6.2 Multi-Hop QA & Graphs Many previous works have also tack
       34605    124 w  -            6.3 LLMs & KGs                           | 6.3 LLMs & KGs Combining the strengths of language models an
       35389    275 w  -            7 Conclusions & Limitations              | 7 Conclusions & Limitations Our proposed neurobiologically p
    15 piece(s) after the end matter dropped

hipporag2-2025.pdf  FLAGGED  pieces 22  dropped 10  tries 2  toc 7  chunks 7  $0.013
    class published | title 'From RAG to Memory: Non-Parametric Continual Learning for\nLarge Language Models' | author 'Bernal Jim´enez Guti´errez * 1 Yiheng Shu * 1 Weijian Qi 1 Sizhe Zhou 2 Yu Su 1' | date 2025-06-19 from 'arXiv:2502.14802v2  [cs.CL]  19 Jun 2025'
    body 201-42060 of 81303 (49% outside) | body_start 'Abstract' | end matter 'References'
    contents 'Appendices' .. '• Appendix G: Implementation Details and Hyperparameters' at 56563-56855
         201    270 w  -            Abstract                                 | Abstract Our ability to continuously acquire, organize, and 
        2134    815 w  -            Chapter 1: Introduction                  | 1. Introduction In an ever-evolving world, the ability to co
        7713    298 w  -            Chapter 2: Related Work / Section 2.1: C | 2. Related Work 2.1. Continual Learning for LLMs As the use 
        9721    379 w  -            Section 2.2: Non-Parametric Continual Le | 2.2. Non-Parametric Continual Learning for LLMs Encoder mode
       12286    836 w  -            Chapter 3: HippoRAG 2 / Section 3.1: Ove | 3. HippoRAG 2 3.1. Overview HippoRAG (Guti´errez et al., 202
       17754    313 w  -            Section 3.2: Dense-Sparse Integration    | 3.2. Dense-Sparse Integration The nodes in the HippoRAG KG p
       19888    213 w  -            Section 3.3: Deeper Contextualization    | 3.3. Deeper Contextualization Building upon the discussion o
       21323     99 w  -            Section 3.4: Recognition Memory          | 3.4. Recognition Memory Recall and recognition are two compl
       21943    169 w  -            Section 3.5: Online Retrieval            | 3.5. Online Retrieval We summarize the online retrieval proc
       23074    221 w  -            Chapter 4: Experimental Setup / Section  | 4. Experimental Setup 4.1. Baselines We select three differe
       24473    398 w  -            4.2. Datasets                            | 4.2. Datasets To evaluate how well RAG systems retain factua
       27301     37 w  -            4.3. Metrics                             | 4.3. Metrics Following HippoRAG (Guti´errez et al., 2024), w
       27536    136 w  -            4.4. Implementation Details              | 4.4. Implementation Details For HippoRAG 2, we use the open-
       28444    946 w  -            5. Results                               | 5. Results We now present our main QA and retrieval experime
       34508    188 w  -            6. Discussions / 6.1. Ablation Study     | 6. Discussions 6.1. Ablation Study We design ablation experi
       35783     98 w  -            6.2. Controlling Reset Probabilities     | 6.2. Controlling Reset Probabilities When setting the reset 
       36386    373 w  -            6.3. Robustness to Corpus Expansion      | 6.3. Robustness to Corpus Expansion As RAG systems become mo
       38779     34 w  -            6.4. Dense Retriever Flexibility         | 6.4. Dense Retriever Flexibility As demonstrated in Table 7,
       39024    183 w  -            6.5. Qualitative Analysis                | 6.5. Qualitative Analysis We show examples from PopQA and Mu
       40143    119 w  -            7. Conclusion                            | 7. Conclusion We introduced HippoRAG 2, a novel framework de
       40975     53 w  -            Impact Statement                         | Impact Statement This paper presents work on Retrieval-Augme
       41343    106 w  -            Acknowledgments                          | Acknowledgments We would also like to extend our appreciatio
    MISSING 'Recognition Memory'
    10 piece(s) after the end matter dropped

hogan2021-knowledge-graphs.pdf  ok  pieces 140  dropped 27  tries 2  toc None  chunks 46  $0.065
    class published | title 'Knowledge Graphs' | author 'AIDAN HOGAN' | date 2021-09-11 from 'arXiv:2003.02320v6  [cs.AI]  11 Sep 2021'
    body 985-299960 of 550357 (46% outside) | body_start 'In this paper we provide a comprehensive introduction to knowledge graphs, which have recently garnered' | end matter 'Acknowledgements: We thank the attendees of the Dagstuhl Seminar on “Knowledge Graphs”'
    contents None .. None at None-None
         985    147 w  -            opening                                  | In this paper we provide a comprehensive introduction to kno
        2061   1800 w  -            Chapter 1: INTRODUCTION                  | 1 INTRODUCTION Though the phrase “knowledge graph” has been 
       13789     65 w  -            Chapter 2: DATA GRAPHS                   | 2 DATA GRAPHS At the foundation of any knowledge graph is th
       14178    405 w  -            2.1 Models                               | 2.1 Models Leaving aside graphs, let us assume that the tour
       16685    556 w  -            2.1.1 Directed edge-labelled graphs      | 2.1.1 Directed edge-labelled graphs. A directed edge-labelle
       20141    159 w  -            2.1.2 Heterogeneous graphs               | 2.1.2 Heterogeneous graphs. A heterogeneous graph [257, 551,
       21097    434 w  -            2.1.3 Property graphs                    | 2.1.3 Property graphs. Property graphs were introduced to pr
       23769    376 w  -            2.1.4 Graph dataset                      | 2.1.4 Graph dataset. Although multiple directed edge-labelle
       26057    115 w  -            Other graph data models                  | 2.1.5 Other graph data models. The previous models are popul
       26774    141 w  -            Graph stores                             | 2.1.6 Graph stores. A variety of techniques have been propos
       27675     70 w  -            Querying                                 | 2.2 Querying A number of practical languages have been propo
       28156    356 w  -            Graph patterns                           | 2.2.1 Graph patterns. At the core of every structured query 
       30378    675 w  -            Complex graph patterns                   | 2.2.2 Complex graph patterns. A graph pattern transforms an 
       34530    583 w  -            Navigational graph patterns              | 2.2.3 Navigational graph patterns. A key feature that distin
       38063    100 w  -            Other features                           | 2.2.4 Other features. Thus far we have discussed features th
       38720    112 w  -            Schema, Identity, Context                | 3 SCHEMA, IDENTITY, CONTEXT In this section we describe vari
       39440     66 w  -            Schema                                   | 3.1 Schema One of the benefits of modelling data as graphs –
       39841    880 w  -            Semantic schema                          | 3.1.1 Semantic schema. A semantic schema allows for defining
       44919   1305 w  -            Validating schema                        | 3.1.2 Validating schema. When graphs are used to represent d
       52661    747 w  -            Emergent schema.                         | 3.1.3 Emergent schema. Both semantic and validating schemata
       57050    155 w  -            Identity                                 | 3.2 Identity In Figure 1, we use nodes like Santiago , but t
       57940    737 w  -            Persistent identifiers.                  | 3.2.1 Persistent identifiers. Assume we wished to compare to
       62812    313 w  -            3.2.2 External identity links            | 3.2.2 External identity links. Assume that the tourist board
       64715    237 w  -            3.2.3 Datatypes                          | 3.2.3 Datatypes. Consider the two date-times on the left of 
       66270    357 w  -            3.2.4 Lexicalisation                     | 3.2.4 Lexicalisation. Global identifiers for entities will s
       68736    255 w  -            3.2.5 Existential nodes                  | 3.2.5 Existential nodes. When modelling incomplete informati
       70329    236 w  -            3.3 Context                              | 3.3 Context Many (arguably all) facts presented in the data 
       71709    206 w  -            Direct representation                    | 3.3.1 Direct representation. The first way to represent cont
       72965    300 w  -            Reification                              | 3.3.2 Reification. Often we may wish to directly define the 
       74749    331 w  -            Higher-arity representation              | 3.3.3 Higher-arity representation. As an alternative to reif
       76700    569 w  -            Annotations                              | 3.3.4 Annotations. Thus far we have discussed representing c
       80213    163 w  -            Other contextual frameworks              | 3.3.5 Other contextual frameworks. Other frameworks have bee
       81293    527 w  -            DEDUCTIVE KNOWLEDGE                      | 4 DEDUCTIVE KNOWLEDGE As humans, we can deduce more from the
       84507    542 w  -            Ontologies                               | 4.1 Ontologies To enable entailment, we must be precise abou
       87717    857 w  -            Interpretations                          | 4.1.1 Interpretations. We as humans may interpret the node S
       92706    166 w  -            Individuals                              | 4.1.2 Individuals. In Table 3, we list the main features sup
       93701    604 w  -            Properties                               | 4.1.3 Properties. In Section 3.1.1, we already discussed how
       96906    270 w  -            Classes                                  | 4.1.4 Classes. In Section 3.1.1, we discussed how class hier
       98515    102 w  -            Other features                           | 4.1.5 Other features. OWL supports other language features n
       99194     71 w  -            Semantics and Entailment                 | 4.2 Semantics and Entailment The conditions listed in the pr
       99667    617 w  -            Model-theoretic semantics                | 4.2.1 Model-theoretic semantics. Each axiom described by the
      102742    144 w  -            Entailment                               | 4.2.2 Entailment. We say that one graph entails another if a
      103534    165 w  -            If–then vs. if-and-only-if semantics     | 4.2.3 If–then vs. if-and-only-if semantics. Consider the gra
      104586    186 w  -            Reasoning                                | 4.3 Reasoning Unfortunately, given two graphs, deciding if t
      105753    791 w  -            Rules                                    | 4.3.1 Rules. One of the most straightforward ways to provide
      110457    652 w  -            Description Logics                       | 4.3.2 Description Logics. Description Logics (DLs) were init
      114679    442 w  -            Inductive Knowledge                      | 5 INDUCTIVE KNOWLEDGE While deductive knowledge is character
      117632    285 w  -            Graph Analytics                          | 5.1 Graph Analytics Analytics is the process of discovering,
      119581    596 w  -            Techniques                               | 5.1.1 Techniques. A wide variety of techniques can be applie
      123227    699 w  -            Frameworks                               | 5.1.2 Frameworks. Various frameworks have been proposed for 
      127217    563 w  -            Analytics on data graphs                 | 5.1.3 Analytics on data graphs. As aforementioned, most anal
      130841    364 w  -            Analytics with queries                   | 5.1.4 Analytics with queries. As discussed in Section 2.2, v
      133173    277 w  -            5.1.5 Analytics with entailment          | 5.1.5 Analytics with entailment. Knowledge graphs are often 
      134939    832 w  -            5.2 Knowledge Graph Embeddings           | 5.2 Knowledge Graph Embeddings Methods for machine learning 
      140091    540 w  -            5.2.1 Translational models               | 5.2.1 Translational models. Translational models interpret e
      143288   1238 w  -            5.2.2 Tensor decomposition models        | 5.2.2 Tensor decomposition models. A second approach to deri
      150240    506 w  -            Neural models                            | 5.2.3 Neural models. A limitation of the previously discusse
      153419    319 w  -            Language models                          | 5.2.4 Language models. Embedding techniques were first explo
      155440    448 w  -            5.2.5 Entailment-aware models.           | 5.2.5 Entailment-aware models. The embeddings thus far consi
      158144    382 w  -            5.3 Graph Neural Networks                | 5.3 Graph Neural Networks While embeddings aim to provide a 
      160613    896 w  -            5.3.1 Recursive graph neural networks.   | 5.3.1 Recursive graph neural networks. Recursive graph neura
      166065    362 w  -            5.3.2 Convolutional graph neural network | 5.3.2 Convolutional graph neural networks. Convolutional neu
      168377    436 w  -            Symbolic Learning                        | 5.4 Symbolic Learning The supervised techniques discussed th
      171045   1644 w  -            Rule mining                              | 5.4.1 Rule mining. Rule mining, in the general sense, refers
      180854    676 w  -            Axiom mining                             | 5.4.2 Axiom mining. Aside from rules, more general forms of 
      185123    165 w  -            CREATION AND ENRICHMENT                  | 6 CREATION AND ENRICHMENT In this section, we discuss the pr
      186202    165 w  -            Human Collaboration                      | 6.1 Human Collaboration One approach for creating and enrich
      187382    104 w  -            Text Sources                             | 6.2 Text Sources Text corpora – such as sourced from newspap
      188061    162 w  -            Pre-processing                           | 6.2.1 Pre-processing. The pre-processing task may involve ap
      189126    202 w  -            Named Entity Recognition (NER)           | 6.2.2 Named Entity Recognition (NER). The NER task identifie
      190468    294 w  -            Entity Linking (EL)                      | 6.2.3 Entity Linking (EL). The EL task associates mentions o
      192241    544 w  -            Relation Extraction (RE)                 | 6.2.4 Relation Extraction (RE). The RE task extracts relatio
      195710    191 w  -            Joint tasks                              | 6.2.5 Joint tasks. Having presented the four main tasks for 
      197211    285 w  -            Markup Sources                           | 6.3 Markup Sources The Web was founded on interlinking marku
      199029    318 w  -            Wrapper-based extraction                 | 6.3.1 Wrapper-based extraction. Many general approaches are 
      200994    287 w  -            Web table extraction                     | 6.3.2 Web table extraction. Other approaches target specific
      202885     84 w  -            Deep Web crawling                        | 6.3.3 Deep Web crawling. The Deep Web presents a rich source
      203423    156 w  -            Structured Sources                       | 6.4 Structured Sources Much of the legacy data available wit
      204432    917 w  -            Mapping from tables                      | 6.4.1 Mapping from tables. Tabular sources of data are preva
      209919    162 w  -            Mapping from trees                       | 6.4.2 Mapping from trees. A number of popular data formats a
      210867    192 w  -            Mapping from other knowledge graphs      | 6.4.3 Mapping from other knowledge graphs. Another route to 
      212111     95 w  -            Schema/Ontology Creation                 | 6.5 Schema/Ontology Creation The discussion thus far has foc
      212715    572 w  -            Ontology engineering                     | 6.5.1 Ontology engineering. Ontology engineering refers to t
      216529    296 w  -            Ontology learning                        | 6.5.2 Ontology learning. The previous methodologies outline 
      218483    179 w  -            Quality Assessment                       | 7 QUALITY ASSESSMENT Independently of the (kinds of) source(
      219649     40 w  -            Accuracy                                 | 7.1 Accuracy Accuracy refers to the extent to which entities
      219923    139 w  -            Syntactic accuracy                       | 7.1.1 Syntactic accuracy is the degree to which the data are
      220823    132 w  -            Semantic accuracy                        | 7.1.2 Semantic accuracy is the degree to which data values c
      221701    156 w  -            Timeliness                               | 7.1.3 Timeliness is the degree to which the knowledge graph 
      222663     23 w  -            Coverage                                 | 7.2 Coverage Coverage refers to avoiding the omission of dom
      222833    160 w  -            Completeness                             | 7.2.1 Completeness refers to the degree to which all require
      223917    273 w  -            Representativeness                       | 7.2.2 Representativeness is a related dimension that, instea
      225778     27 w  -            Coherency                                | 7.3 Coherency Coherency refers to how well the knowledge gra
      225943    124 w  -            Consistency                              | 7.3.1 Consistency means that a knowledge graph is free of (l
      226724    111 w  -            Validity                                 | 7.3.2 Validity means that the knowledge graph is free of con
      227412     23 w  -            Succinctness                             | 7.4 Succinctness Succinctness refers to the inclusion only o
      227583    150 w  -            Conciseness                              | 7.4.1 Conciseness refers to avoiding the inclusion of schema
      228579    126 w  -            Representational-conciseness             | 7.4.2 Representational-conciseness refers to the extent to w
      229452    135 w  -            Understandability                        | 7.4.3 Understandability refers to the ease with which data c
      230340     64 w  -            Other Quality Dimensions                 | 7.5 Other Quality Dimensions We have discussed some key qual
      230730     96 w  -            REFINEMENT                               | 8 REFINEMENT Beyond assessing the quality of a knowledge gra
      231417    222 w  -            Completion                               | 8.1 Completion Knowledge graphs are characterised by incompl
      232824     96 w  -            General link prediction                  | 8.1.1 General link prediction. Link prediction, in the gener
      233385    181 w  -            Type-link prediction                     | 8.1.2 Type-link prediction. Type links are of particular imp
      234473    402 w  -            Identity-link prediction                 | 8.1.3 Identity-link prediction. Predicting identity links in
      237101     74 w  -            Correction                               | 8.2 Correction As opposed to completion – which finds new ed
      237597    683 w  -            Fact validation                          | 8.2.1 Fact validation. The task of fact validation (aka fact
      242044    348 w  -            Inconsistency repairs.                   | 8.2.2 Inconsistency repairs. Ontologies can contain axioms –
      244200     87 w  -            Other refinement tasks                   | 8.3 Other refinement tasks In comparison to the quality clus
      244798    156 w  -            PUBLICATION                              | 9 PUBLICATION While it may not be desirable to publish, for 
      245766     33 w  -            Best Practices                           | 9.1 Best Practices We now discuss two key sets of principles
      245972    723 w  -            FAIR Principles.                         | 9.1.1 FAIR Principles. The FAIR Principles were originally p
      250793    929 w  -            Linked Data Principles. / Linked Data Pr | 9.1.2 Linked Data Principles. Wilkinson et al. [556] state t
      256614    149 w  -            Section 9.2: Access Protocols            | 9.2 Access Protocols Publishing involves allowing the public
      257598    242 w  -            Section 9.2.1: Dumps                     | 9.2.1 Dumps. A dump is a file or collection of files contain
      259116    291 w  -            Section 9.2.2: Node lookups              | 9.2.2 Node lookups. Protocols for performing node lookups ac
      260876    358 w  -            Section 9.2.3: Edge patterns             | 9.2.3 Edge patterns. Edge patterns – also known as triple pa
      263059    210 w  -            9.2.4 (Complex) graph patterns           | 9.2.4 (Complex) graph patterns. Another alternative is to le
      264452    142 w  -            9.2.5 Other protocols                    | 9.2.5 Other protocols. While Figure 37 makes explicit refere
      265476    189 w  -            9.3 Usage Control                        | 9.3 Usage Control Considering our hypothetical tourism knowl
      266662    215 w  -            9.3.1 Licensing                          | 9.3.1 Licensing. When it comes to associating machine readab
      268113    285 w  -            9.3.2 Usage policies                     | 9.3.2 Usage policies. Access control policies based on edge 
      270078    285 w  -            9.3.3 Encryption                         | 9.3.3 Encryption. Rather than internally controlling usage, 
      271927    749 w  -            9.3.4 Anonymisation                      | 9.3.4 Anonymisation. Consider that the tourist board acquire
      276888     65 w  -            Chapter 10: KNOWLEDGE GRAPHS IN PRACTICE | 10 KNOWLEDGE GRAPHS IN PRACTICE In this section, we discuss 
      277287    177 w  -            Section 10.1: Open Knowledge Graphs      | 10.1 Open Knowledge Graphs By open knowledge graphs, we spec
      278448    270 w  -            Section 10.1.1: DBpedia                  | 10.1.1 DBpedia. The DBpedia project was developed to extract
      280449    261 w  -            Section 10.1.2: Yet Another Great Ontolo | 10.1.2 Yet Another Great Ontology. YAGO likewise extracts gr
      282292    238 w  -            Section 10.1.3: Freebase                 | 10.1.3 Freebase. Freebase was a general collection of human 
      283900    304 w  -            Section 10.1.4: Wikidata                 | 10.1.4 Wikidata. As exploited by DBpedia and YAGO, Wikipedia
      285969    224 w  -            Section 10.1.5: Other open cross-domain  | 10.1.5 Other open cross-domain knowledge graphs. A number of
      287456    194 w  -            10.1.6 Domain-specific open knowledge gr | 10.1.6 Domain-specific open knowledge graphs. Open knowledge
      288834    243 w  -            10.2 Enterprise Knowledge Graphs         | 10.2 Enterprise Knowledge Graphs A variety of companies have
      290531    162 w  -            10.2.1 Web search                        | 10.2.1 Web search. Web search engines have traditionally foc
      291564    227 w  -            10.2.2 Commerce                          | 10.2.2 Commerce. Enterprise knowledge graphs have also been 
      293078    167 w  -            10.2.3 Social networks                   | 10.2.3 Social networks. Enterprise knowledge graphs have als
      294217    156 w  -            10.2.4 Finance                           | 10.2.4 Finance. The financial sector has also seen deploymen
      295356     95 w  -            10.2.5 Other industries                  | 10.2.5 Other industries. Enterprises have also been actively
      296018    115 w  -            11 SUMMARY AND CONCLUSION                | 11 SUMMARY AND CONCLUSION We have provided a comprehensive i
      296799    449 w  -            Future directions                        | Future directions. Research on knowledge graphs can become a
    27 piece(s) after the end matter dropped

hu2026-scope-scion.pdf  FLAGGED  pieces 22  dropped 54  tries 2  toc None  chunks 9  $0.016
    class published | title 'SCOPE and SCION: A Benchmark and an Auditable Reference Pipeline for\nSchema Induction and Fusion from Text' | author 'Miaobo Hu 1 2 Xiaobo Guo 1 Shuhao Hu 1 2 Bokun Wang 1 2 Rui Chen 1 2 Xin Wang 1 Jun Xiao 3 Daren Zha 1' | date 2026 from 'Proceedings of the 43 rd International Conference on Machine Learning, Seoul, South Korea. PMLR 306, 2026. Copyright 2026'
    body 210-37232 of 103961 (64% outside) | body_start 'Abstract' | end matter 'Acknowledgements'
    contents None .. None at None-None
         210    274 w  -            Abstract                                 | Abstract Schema graphs are an upstream bottleneck of schema-
        2321    629 w  -            Chapter 1: Introduction                  | 1. Introduction Schema graphs are the upstream bottleneck of
        6964    207 w  -            Chapter 2: Related Work                  | 2. Related Work We connect to three research threads that di
        8543    955 w  -            Chapter 3: SCOPE Benchmark / Section 3.1 | 3. SCOPE Benchmark 3.1. SCOPE: A Schema Induction and Ontolo
       15117     66 w  -            Section 4: SCION Method                  | 4. SCION Method SCION is an auditable reference pipeline tha
       15566     93 w  -            Section 4.1: Problem Definition and Nota | 4.1. Problem Definition and Notation Let the input corpus be
       16080    180 w  -            Section 4.2: Overview and Instantiations | 4.2. Overview and Instantiations SCION follows three stages 
       17334    117 w  -            Section 4.3: Controllability and Auditab | 4.3. Controllability and Auditability We treat the LLM as a 
       18153    303 w  -            Section 4.4: SCION-RL: A Compact Contrac | 4.4. SCION-RL: A Compact Contract-constrained Schema Enginee
       20331     21 w  -            Section 5: Experiments                   | 5. Experiments This section presents the experimental setup 
       20493    145 w  -            Section 5.1: Schema-graph Similarity Met | 5.1. Schema-graph Similarity Metrics We evaluate induced/fus
       21541    267 w  -            Section 5.2: Datasets and Evaluation Pro | 5.2. Datasets and Evaluation Protocol We report results on t
       23347    407 w  -            Section 5.3: Implementation Details and  | 5.3. Implementation Details and Reproducibility Deterministi
       26326    132 w  -            Baselines / RELEASED SOURCE SCHEMAS      | 5.4. Baselines 5.4.1. RELEASED SOURCE SCHEMAS We use the off
       27221     47 w  -            TEXT2ONTO-STYLE ONTOLOGY LEARNING BASELI | 5.4.2. TEXT2ONTO-STYLE ONTOLOGY LEARNING BASELINE We include
       27592     67 w  -            ETA: DIRECT EXTRACT-THEN-AGGREGATE BASEL | 5.4.3. ETA: DIRECT EXTRACT-THEN-AGGREGATE BASELINE We additi
       28095     79 w  -            LLM-ONLY BASELINES: DIRECT ONTOLOGY INDU | 5.4.4. LLM-ONLY BASELINES: DIRECT ONTOLOGY INDUCTION FROM CO
       28704     98 w  -            Fusion Configuration and Ablations       | 5.5. Fusion Configuration and Ablations Fusion configuration
       29397     61 w  -            SCION Internal Ablations                 | 5.6. SCION Internal Ablations We additionally report SCION-s
       29857    705 w  -            Results and Analysis                     | 5.7. Results and Analysis We first report schema-graph simil
       34847     52 w  -            Downstream Evaluation: Schema-driven Ins | 5.8. Downstream Evaluation: Schema-driven Instance-level Ext
       35226    279 w  -            Conclusion                               | 6. Conclusion We present SCOPE, a benchmark that makes train
    MISSING 'Proceedings of the 43 rd International Conference on Machine Learning, Seoul, South Korea. PMLR 306, 2026. Copyright 2026'
    54 piece(s) after the end matter dropped

infinitebench-2024.pdf  ok  pieces 34  dropped 14  tries 1  toc None  chunks 5  $0.009
    class published | title '∞BENCH: Extending Long Context Evaluation\nBeyond 100K Tokens' | author 'Xinrong Zhang, Yingfa Chen, Shengding Hu, Zihang Xu, Junhao Chen\nMoo Khai Hao, Xu Han, Zhen Leng Thai, Shuo Wang, Zhiyuan Liu, Maosong Sun' | date 2024-02-24 from 'arXiv:2402.13718v3  [cs.CL]  24 Feb 2024'
    body 311-32259 of 53276 (40% outside) | body_start 'Abstract' | end matter 'References'
    contents None .. None at None-None
         311    198 w  -            Abstract                                 | Abstract Processing and reasoning over long contexts is cruc
        1667    869 w  -            Chapter 1: Introduction                  | 1 Introduction In recent years, large language models (LLMs)
        7500    740 w  -            Chapter 2: Related Work                  | 2 Related Work Extending Context Length Transformers, typ- i
       12464    146 w  -            Chapter 3: ∞BENCH                        | 3 ∞BENCH ∞BENCH encompasses 12 tasks spanning 5 do- mains: r
       13410     76 w  -            Section 3.1: Realistic Context / Section | 3.1 Realistic Context 3.1.1 Novel We develop novel-based tas
       14015    152 w  -            En.Sum                                   | En.Sum En.QA Zh.QA En.MC Figure 3: The annotation pipelines 
       15039    123 w  -            En.QA & Zh.QA                            | En.QA & Zh.QA We employ the same anno- tation pipeline for b
       15816     31 w  -            En.MC                                    | En.MC The En.MC task is annotated similarly to En.QA, but di
       16007     85 w  -            Section 3.1.2: Dialogue / En.Dia         | 3.1.2 Dialogue En.Dia The construction process for the En.Di
       16547    237 w  -            Section 3.1.3: Code / Code.Debug         | 3.1.3 Code Code.Debug We develop the task as per the pro- ce
       18106     80 w  -            Section 3.2: Synthetic Context           | 3.2 Synthetic Context The second category of tasks is charac
       18700     55 w  -            Section 3.2.1: Retrieve                  | 3.2.1 Retrieve In retrieval tasks, models retrieve specific 
       19080    117 w  -            Retrieve.PassKey                         | Retrieve.PassKey This task is first proposed by Mohtashami a
       19752     72 w  -            Retrieve.Number                          | Retrieve.Number To examine the local atten- tion of LLMs, we
       20244     57 w  -            Retrieve.KV                              | Retrieve.KV Liu et al. (2023) introduce a key-value retrieva
       20681    183 w  -            Section 3.2.2: Code / Code.Run           | 3.2.2 Code Code.Run In this task, we evaluate the ability of
       21836     72 w  -            Section 3.2.3: Math / Math.Find          | 3.2.3 Math Math.Find Math.Find assesses the model’s ca- pabi
       22294     66 w  -            Math.Calc                                | Math.Calc To assess sequential processing skills, Math.Calc 
       22750     25 w  -            Chapter 4: Experiments                   | 4 Experiments We conduct a thorough set of experiments on ∞B
       22905     64 w  -            Section 4.1: Baselines                   | 4.1 Baselines ∞BENCH generally requires the ability to handl
       23274     29 w  -            GPT-4                                    | GPT-4 GPT by OpenAI is one of the most widely used and capab
       23430     48 w  -            Claude 2                                 | Claude 2 Claude 2 (Anthropic, 2023) is a propri- etary chat-
       23721     38 w  -            Kimi-Chat                                | Kimi-Chat Kimi-Chat, a proprietary chat- oriented LLM develo
       23946     54 w  -            YaRN-Mistral                             | YaRN-Mistral YaRN-Mistral is a derivative of Mistral-7B (Jia
       24281     36 w  -            Experimental Setup / Prompt Templates    | 4.2 Experimental Setup Prompt Templates For each model-task 
       24508     80 w  -            Input Truncation                         | Input Truncation All API-based baselines are subject to a ma
       25012    113 w  -            Main Result                              | 4.3 Main Result Table 3 and Figure 1 display the performance
       25761     19 w  -            Analysis                                 | 5 Analysis We subsequently perform a detailed analysis of th
       25903     83 w  -            Length Ablation                          | 5.1 Length Ablation In line with our benchmark’s goal to ass
       26476    467 w  -            Lost in the middle                       | 5.2 Lost in the middle Prior research indicates a performanc
       29299    104 w  -            Context Recalling                        | 5.3 Context Recalling We identify an intriguing prompting te
       30032     70 w  -            Conclusions                              | 6 Conclusions We introduce ∞BENCH, the first benchmark tai- 
       30555    128 w  -            Limitations                              | Limitations While our benchmark offers valuable insights int
       31442    118 w  -            Ethics Statement                         | Ethics Statement Our human annotators are directed to exclud
    14 piece(s) after the end matter dropped

isnad-rijal-2026.pdf  ok  pieces 26  dropped 0  tries 1  toc None  chunks 7  $0.009
    class published | title 'Grading the Narrators: An Isn¯ad–Rij¯al Framework for\nClaim-Level Provenance in Multi-Agent Knowledge\nSystems' | author 'Ali Zahid Raja' | date 2026-07-27 from '27 July 2026'
    body 212-75467 of 83613 (10% outside) | body_start 'Abstract' | end matter 'LLM usage disclosure'
    contents None .. None at None-None
         212    424 w  -            Abstract                                 | Abstract Modern multi-agent knowledge systems increasingly a
        3429    655 w  -            Introduction                             | 1. Introduction Modern AI systems increasingly communicate n
        7958     43 w  -            Background                               | 2. Background This section reviews the two bodies of knowled
        8244    510 w  -            Source reliability across traditions: th | 2.1 Source reliability across traditions: the deep lineage T
       11945    497 w  -            A primer on hadith transmission science  | 2.2 A primer on hadith transmission science The following co
       15519    695 w  -            2.3 Multi-agent knowledge systems and th | 2.3 Multi-agent knowledge systems and the provenance state o
       20704    194 w  -            3. Threat model and scope                | 3. Threat model and scope The framework targets epistemic de
       22002    180 w  -            4. The Isn¯ad–Rij¯al Framework / 4.0 Des | 4. The Isn¯ad–Rij¯al Framework 4.0 Design principles Before 
       23307    489 w  -            4.1 Narrators and chains                 | 4.1 Narrators and chains A narrator is any entity that origi
       26560    678 w  -            Section 4.2: The narrator registry and a | 4.2 The narrator registry and al-jarh. wa-l-ta‘d¯ıl The narr
       31082    268 w  -            Section 4.3: Corroboration (mut¯aba‘¯at) | 4.3 Corroboration (mut¯aba‘¯at) The weakest-link rule alone 
       32979    551 w  -            Section 4.4: Dual criticism and the deci | 4.4 Dual criticism and the decision matrix The chain grades 
       36600    197 w  -            4.5 A worked example                     | 4.5 A worked example Consider the claim “the momentum of a p
       37986    305 w  -            4.6 What rij¯al adds over existing prove | 4.6 What rij¯al adds over existing provenance Compressed to 
       40185    351 w  -            5. Reference schema                      | 5. Reference schema The framework’s data model is concrete a
       42675    894 w  -            6. Case study: the matn-criticism substr | 6. Case study: the matn-criticism substrate on real texts Th
       48638    973 w  -            Section 7: Limitations and ethical consi | 7. Limitations and ethical considerations The analogy has ed
       55202     37 w  -            Section 8: Evaluation                    | 8. Evaluation This section reports an evaluation of the fram
       55454    491 w  -            Section 8.1: Protocol                    | 8.1 Protocol Status of the protocol. The analysis protocol —
       58933    362 w  -            Section 8.2: Validated: weakest-link qua | 8.2 Validated: weakest-link quarantine, and a partial failur
       61317    272 w  -            8.3 The confidence baseline is uninforma | 8.3 The confidence baseline is uninformative by construction
       63081    297 w  -            8.4 Inconclusive: matched-coverage compa | 8.4 Inconclusive: matched-coverage comparison Comparing serv
       65000    571 w  -            8.5 Validated: corroboration across thre | 8.5 Validated: corroboration across three corpora The corrob
       68812    413 w  -            8.6 Honest negatives: transition policy  | 8.6 Honest negatives: transition policy and the content crit
       71489    221 w  -            8.7 Reproducibility and availability     | 8.7 Reproducibility and availability The reference implement
       73105    363 w  -            Conclusion                               | 9. Conclusion The question of whether to trust transmitted k

itext2kg-2024.pdf  ok  pieces 11  dropped 0  tries 1  toc None  chunks 3  $0.004
    class published | title 'iText2KG: Incremental Knowledge Graphs\nConstruction Using Large Language Models' | author 'Yassir LAIRGI1,2[0000−0002−7284−5489]' | date 2024-09-05 from 'arXiv:2409.03284v1  [cs.AI]  5 Sep 2024'
    body 447-31988 of 34643 (9% outside) | body_start 'Abstract. Most available data is unstructured, making it challenging to' | end matter 'References'
    contents None .. None at None-None
         447    197 w  -            opening                                  | Abstract. Most available data is unstructured, making it cha
        1953    596 w  -            Chapter 1: Introduction                  | 1 Introduction In the contemporary era, most data is unstruc
        6293    716 w  -            Chapter 2: Related works                 | 2 Related works LLM-based solutions for building KGs can be 
       11396     58 w  -            Chapter 3: Incremental Text2KG           | 3 Incremental Text2KG This work aims to develop a plug-and-p
       11796    137 w  -            Section 3.1: Problem Formulation         | 3.1 Problem Formulation A graph can be defined as G = (E, R)
       12576    836 w  -            3.2 Proposed method                      | 3.2 Proposed method We propose the iText2KG approach compose
       17941    464 w  -            4 Experiments                            | 4 Experiments We chose GPT-4 in all our experiments due to i
       20889    148 w  -            4.1 Datasets and Baseline Methods        | 4.1 Datasets and Baseline Methods To evaluate Document Disti
       21868    318 w  -            4.2 First Module Evaluation Results      | 4.2 First Module Evaluation Results Schema Consistency Table
       24259    918 w  -            Second and Third Modules Evaluation Resu | 4.3 Second and Third Modules Evaluation Results Triplet Extr
       30123    258 w  -            Conclusion                               | 5 Conclusion In this paper, we introduced iText2KG, an appro

jeong2024-adaptive-rag.pdf  ok  pieces 26  dropped 5  tries 1  toc None  chunks 6  $0.009
    class published | title 'Adaptive-RAG: Learning to Adapt Retrieval-Augmented\nLarge Language Models through Question Complexity' | author 'Soyeong Jeong1' | date 2024-03-28 from 'arXiv:2403.14403v2  [cs.CL]  28 Mar 2024'
    body 337-45474 of 71218 (37% outside) | body_start 'Abstract' | end matter 'Acknowledgements'
    contents None .. None at None-None
         337    235 w  -            Abstract                                 | Abstract Retrieval-Augmented Large Language Models (LLMs), w
        1961   1221 w  -            Chapter 1: Introduction                  | 1 Introduction Recent Large Language Models (LLMs) (Brown et
       10186    675 w  -            Chapter 2: Related Work                  | 2 Related Work Open-domain QA Open-domain QA is the task of 
       14538     29 w  -            3 Method                                 | 3 Method In this section, we describe our approach to adapt-
       14746    192 w  -            3.1 Preliminaries / Non Retrieval for QA | 3.1 Preliminaries We begin with preliminaries, formally intr
       15845    202 w  -            Single-step Approach for QA              | Single-step Approach for QA To address the aforementioned sc
       17072    222 w  -            Multi-step Approach for QA               | Multi-step Approach for QA Even though the aforementioned si
       18558     41 w  -            3.2 Adaptive-RAG: Adaptive Retrieval-Aug | 3.2 Adaptive-RAG: Adaptive Retrieval-Augmented Generation We
       18857    233 w  -            Adapting Retrieval-Augmented LLMs        | Adapting Retrieval-Augmented LLMs Note that in real-world sc
       20383    146 w  -            Query Complexity Assessment              | Query Complexity Assessment To operational- ize our adaptive
       21281    331 w  -            Training Strategy                        | Training Strategy The remaining step is to train the smaller
       23454     23 w  -            4 Experimental Setups                    | 4 Experimental Setups In this section, we explain datasets, 
       23608     32 w  -            4.1 Datasets                             | 4.1 Datasets In order to simulate a realistic scenario, wher
       23825    293 w  -            Single-hop QA                            | Single-hop QA For simpler queries, we use three benchmark si
       25656     42 w  -            Multi-hop QA                             | Multi-hop QA To consider more complex query scenarios, we us
       25935    187 w  -            Models                                   | 4.2 Models We compare our Adaptive-RAG against relevant mode
       27173    136 w  -            Evaluation Metrics                       | 4.3 Evaluation Metrics When it comes to evaluating adaptive 
       28040    693 w  -            Implementation Details                   | 4.4 Implementation Details For a fair comparison and followi
       32263     21 w  -            Experimental Results and Analyses        | 5 Experimental Results and Analyses In this section, we show
       32400    387 w  -            Main Results                             | Main Results First of all, Table 1 shows our main results av
       34898    198 w  -            Classifier Performance                   | Classifier Performance To understand how the proposed classi
       36183     79 w  -            Analyses on Efficiency for Classifier    | Analyses on Efficiency for Classifier While Ta- ble 1 shows 
       36678    802 w  -            Analyses on Training Data for Classifier | Analyses on Training Data for Classifier We have shown that 
       41856    215 w  -            Conclusion                               | 6 Conclusion In this work, we proposed the Adaptive Retrieva
       43333    207 w  -            Limitations                              | Limitations While our Adaptive-RAG shows clear advantages in
       44719    115 w  -            Ethics Statement                         | Ethics Statement The experimental results on Adaptive-RAG va
    5 piece(s) after the end matter dropped

jiang2023-longllmlingua.pdf  ok  pieces 18  dropped 19  tries 1  toc None  chunks 7  $0.011
    class published | title 'LongLLMLingua: Accelerating and Enhancing LLMs in Long Context\nScenarios via Prompt Compression' | author 'Huiqiang Jiang, Qianhui Wu, Xufang Luo,\nDongsheng Li, Chin-Yew Lin, Yuqing Yang, Lili Qiu' | date 2024-08-12 from 'arXiv:2310.06839v2  [cs.CL]  12 Aug 2024'
    body 276-36798 of 77160 (53% outside) | body_start 'Abstract' | end matter 'References'
    contents None .. None at None-None
         276    150 w  -            Abstract                                 | Abstract In long context scenarios, large language mod- els 
        1310    643 w  -            Introduction                             | 1 Introduction Large language models (LLMs) have revolution-
        5604    140 w  -            Problem Formulation                      | 2 Problem Formulation Following LLMLingua (Jiang et al., 202
        6395    161 w  -            Preliminary: LLMLingua                   | 3 Preliminary: LLMLingua LLMLingua (Jiang et al., 2023a) uti
        7531    359 w  -            LongLLMLingua                            | 4 LongLLMLingua LongLLMLingua builds on LLMLingua to better 
        9816    774 w  -            How to improve key information density i | 4.1 How to improve key information density in the prompt? Qu
       15019    113 w  -            How to reduce information loss in the mi | 4.2 How to reduce information loss in the middle? As demonst
       15707    321 w  -            How to achieve adaptive granular control | 4.3 How to achieve adaptive granular control during compress
       17728    331 w  -            How to improve the integrity of key info | 4.4 How to improve the integrity of key information? During 
       19651     16 w  -            Experiments                              | 5 Experiments Here, we investigate: (1) How effective is Lon
       19761    111 w  -            Implementation details                   | Implementation details In this paper, we use GPT-3.5-Turbo-0
       20595     61 w  -            Dataset & evaluation metric              | Dataset & evaluation metric We use Natu- ralQuestions for th
       20964    173 w  -            Baselines                                | Baselines We include two sets of baselines in following expe
       22176    377 w  -            Main results                             | Main results Table 1 and 2 present the perfor- mance of vari
       24777   1237 w  -            Ablation study                           | Ablation study To evaluate the contributions of different co
       32320    412 w  -            Related Works                            | 6 Related Works Long context for LLMs. Recent research has f
       34941    121 w  -            Conclusion                               | 7 Conclusion We propose LongLLMLingua to address the three c
       35821    139 w  -            Limitation                               | Limitation Although previous experiments demonstrate LongLLM
    19 piece(s) after the end matter dropped

jiang2026-agentic-memory-anatomy.pdf  ok  pieces 24  dropped 13  tries 1  toc None  chunks 7  $0.011
    class published | title 'Anatomy of Agentic Memory: Taxonomy and Empirical Analysis of\nEvaluation and System Limitations' | author 'Dongming Jiangα, Yi Liα, Songtao Weiα, Jinxin Yangα, Ayushi Kishoreβ, Alysa Zhaoγ, Dingyi Kangα,\nXu Huα, Feng Chenα, Qiannan Liβ and Bingzhe Liα,∗' | date 2026-05 from 'arXiv:2602.19320v2  [cs.CL]  20 May 2026'
    body 525-36408 of 81639 (56% outside) | body_start 'Abstract' | end matter 'References'
    contents None .. None at None-None
         525    178 w  -            Abstract                                 | Abstract Agentic memory systems enable large language model 
        1879    728 w  -            Chapter 1: Introduction                  | 1 Introduction Large language model (LLM) agents are increas
        6982    193 w  -            Chapter 2: Background                    | 2 Background Agentic memory extends retrieval-based genera- 
        8289     47 w  -            Chapter 3: Taxonomy of Agentic Memory    | 3 Taxonomy of Agentic Memory We introduce a concise taxonomy
        8623    489 w  -            Section 3.1: Lightweight Semantic Memory | 3.1 Lightweight Semantic Memory Lightweight Semantic Memory 
       11985    195 w  -            Section 3.2: Entity-Centric and Personal | 3.2 Entity-Centric and Personalized Memory Entity-centric an
       13384    415 w  -            Episodic and Reflective Memory           | 3.3 Episodic and Reflective Memory Episodic and reflective m
       16252    389 w  -            Structured and Hierarchical Memory       | 3.4 Structured and Hierarchical Memory Structured and hierar
       19030     83 w  -            Discussion                               | 3.5 Discussion The four categories described above capture t
       19609     95 w  -            Evaluation and Pain Points               | 4 Evaluation and Pain Points In this section, we move beyond
       20277    110 w  -            Experimental Setup                       | 4.1 Experimental Setup We evaluate representative MAG system
       20964     77 w  -            Benchmark Scalability: The Context Satur | 4.2 Benchmark Scalability: The Context Saturation Risk A key
       21492    378 w  -            Dimensions of Limitation                 | 4.2.1 Dimensions of Limitation First, we evaluate benchmark 
       24242    147 w  -            Context Saturation Gap as an Empirical D | 4.2.2 Context Saturation Gap as an Empirical Diagnostic To a
       25322     85 w  -            LLM-as-a-Judge Evaluation                | 4.3 LLM-as-a-Judge Evaluation Traditional lexical metrics (e
       25917    136 w  -            The Misalignment Gap                     | 4.3.1 The Misalignment Gap Do lexical metrics correctly iden
       26830    217 w  -            Semantic Judge Robustness Across Prompts | 4.3.2 Semantic Judge Robustness Across Prompts A common conc
       28237    121 w  -            Discussion                               | 4.3.3 Discussion Lexical metrics provide a convenient baseli
       29122    253 w  -            Backbone Sensitivity and Format Stabilit | 4.4 Backbone Sensitivity and Format Stability Agentic memory
       30982    234 w  -            System Performance Evaluation            | 4.5 System Performance Evaluation While accuracy is critical
       32580    167 w  -            Latency and Maintenance Trade-offs in MA | 4.5.1 Latency and Maintenance Trade-offs in MAG We analyze t
       33864    109 w  -            Offline Scalability: Time and Token Econ | 4.5.2 Offline Scalability: Time and Token Economics Beyond o
       34651    178 w  -            Conclusion and Future Directions         | 5 Conclusion and Future Directions Our analysis shows that a
       35949     63 w  -            Limitations                              | Limitations This survey has several limitations. First, agen
    13 piece(s) after the end matter dropped

kamalloo2023-open-qa-eval.pdf  FLAGGED  pieces 16  dropped 2  tries 2  toc None  chunks 5  $0.009
    class published | title 'Evaluating Open-Domain Question Answering\nin the Era of Large Language Models' | author 'Ehsan Kamalloo ♢♣\nNouha Dziri ♠\nCharles L. A. Clarke ♣\nDavood Rafiei ♢' | date 2023-07-09 from 'July 9-14, 2023 ©2023 Association for Computational Linguistics'
    body 455-36758 of 61760 (41% outside) | body_start 'Abstract' | end matter 'References'
    contents None .. None at None-None
         455    259 w  -            Abstract                                 | Abstract Lexical matching remains the de facto eval- uation 
        2182    876 w  -            Chapter 1: Introduction                  | 1 Introduction Reliable benchmarks have been a bedrock to me
        7772    315 w  -            Chapter 2: Related Work                  | 2 Related Work Answer Equivalence in QA. One way to tackle t
        9754    210 w  -            Chapter 3: Open-domain QA Evaluation     | 3 Open-domain QA Evaluation The task of open-domain QA is re
       11059    256 w  -            Section 3.1: Models                      | 3.1 Models We select open-domain QA models with publicly ava
       12661    102 w  -            3.2 Dataset                              | 3.2 Dataset We select questions from NQ-OPEN (Lee et al., 20
       13386     59 w  -            Strategies for Evaluating Open-domain QA | 4 Strategies for Evaluating Open-domain QA Models Our goal i
       13761    132 w  -            Supervised Evaluation via Semantic Simil | 4.1 Supervised Evaluation via Semantic Similarity A common p
       14563    174 w  -            Zero-shot Evaluation via Prompting       | 4.2 Zero-shot Evaluation via Prompting We also test the abil
       15680    291 w  -            Human Evaluation                         | 4.3 Human Evaluation Human evaluation reflects the true perf
       17445    861 w  -            Results and Discussion                   | 4.4 Results and Discussion Table 1 presents the accuracy of 
       22692    707 w  -            Linguistic Analysis of Correct Answers   | 5 Linguistic Analysis of Correct Answers In this section, we
       27253    289 w  -            Section 5.1: Discussion                  | 5.1 Discussion The statistics for each category are presente
       29156    965 w  -            Section 6: Regex Matching on CuratedTREC | 6 Regex Matching on CuratedTREC An alternative to lexical ma
       35272    145 w  -            Section 7: Conclusion                    | 7 Conclusion Despite the simplicity and ubiquity of lexical 
       36217     82 w  -            Limitations                              | Limitations Our main focus in this work is limited to fac- t
    MISSING 'A'
    MISSING 'B'
    MISSING 'C'
    MISSING 'D'
    2 piece(s) after the end matter dropped

kecht2021-event-log-nli.pdf  ok  pieces 12  dropped 0  tries 1  toc None  chunks 4  $0.005
    class published | title 'Event Log Construction from Customer Service\nConversations Using Natural Language Inference' | author 'Christoph Kecht∗† §, Andreas Egger† ¶, Wolfgang Kratsch‡ ¶, Maximilian R¨oglinger§ ¶' | date 2021 from '© 2021 IEEE. Pre-print copy of the manuscript published in the Proceedings of the'
    body 559-39165 of 48185 (20% outside) | body_start 'Abstract—A fundamental requirement for the successful appli-' | end matter 'REFERENCES'
    contents None .. None at None-None
         559    234 w  -            Abstract                                 | Abstract—A fundamental requirement for the successful appli-
        2158    732 w  -            I. INTRODUCTION                          | I. INTRODUCTION Process mining aims to discover, monitor, an
        7072    499 w  -            II. THEORETICAL BACKGROUND AND RELATED W | II. THEORETICAL BACKGROUND AND RELATED WORK A. Event Log Con
       10431    420 w  -            B. Natural Language Inference            | B. Natural Language Inference Due to the recent advancements
       13138   1083 w  -            III. APPROACH                            | III. APPROACH Fig. 1 provides an overview of our approach fo
       19720    163 w  -            IV. EVALUATION AND RESULTS / A. Evaluati | IV. EVALUATION AND RESULTS A. Evaluation Strategy To evaluat
       20782    255 w  -            B. Data and Preprocessing                | B. Data and Preprocessing We utilized an existing corpus of 
       22498    349 w  -            C. Approach Instantiation                | C. Approach Instantiation Following our developed approach f
       24755    519 w  -            Section D: Results                       | D. Results The swarm plot in Fig. 2 provides an overview of 
       28094    490 w  -            Section E: Process Discovery Application | E. Process Discovery Application To evaluate whether our con
       30974    606 w  -            Section V: Discussion                    | V. DISCUSSION The evaluation of our approach reveals how NLI
       34865    640 w  -            Section VI: Conclusion                   | VI. CONCLUSION This paper presents an approach to represent 

kim2024-fables.pdf  ok  pieces 12  dropped 22  tries 1  toc None  chunks 11  $0.015
    class published | title 'Evaluating faithfulness and content selection\nin book-length summarization' | author 'Yekyung Kim' | date 2024-09-30 from 'arXiv:2404.01261v2  [cs.CL]  30 Sep 2024'
    body 436-39999 of 132970 (70% outside) | body_start 'Abstract' | end matter 'References'
    contents None .. None at None-None
         436    288 w  -            Abstract                                 | Abstract While long-context large language models (LLMs) can
        2423    890 w  -            Chapter 1: Introduction                  | 1 Introduction Advances in long-context language models have
        8316   1285 w  -            Chapter 2: Collecting human annotations  | 2 Collecting human annotations In this section, we describe 
       16521    749 w  -            Developing a taxonomy of faithfulness er | 3 Developing a taxonomy of faithfulness errors in FABLES In 
       21218    535 w  -            Challenges with automatic faithfulness e | 4 Challenges with automatic faithfulness evaluation While in
       24630    602 w  -            Conclusion                               | Conclusion: Despite it having the best performance in Table 
       28269    267 w  -            Discussion                               | Discussion: It is generally agreed that benchmarking the fai
       30082    831 w  -            Section 5: Beyond faithfulness: content  | 5 Beyond faithfulness: content selection errors in book summ
       35596    320 w  -            Section 6: Related work                  | 6 Related work Narrative summarization: Our paper builds on 
       37662    240 w  -            Conclusion                               | 7 Conclusion We present FABLES, the first large-scale human 
       39357     46 w  -            Ethical considerations                   | Ethical considerations All annotators consented to the use a
       39701     47 w  -            Acknowledgments                          | Acknowledgments We extend special gratitude to the Upwork an
    22 piece(s) after the end matter dropped

kocisky2017-narrativeqa.pdf  ok  pieces 19  dropped 0  tries 1  toc None  chunks 4  $0.006
    class published | title 'The NarrativeQA Reading Comprehension Challenge' | author 'Tom´aˇs Koˇcisk´y†‡\nJonathan Schwarz†\nPhil Blunsom†‡\nChris Dyer†\nKarl Moritz Hermann†\nG´abor Melis†\nEdward Grefenstette†' | date 2017-12-19 from 'arXiv:1712.07040v1  [cs.CL]  19 Dec 2017'
    body 264-42241 of 48873 (14% outside) | body_start 'Abstract' | end matter 'References'
    contents None .. None at None-None
         264    174 w  -            Abstract                                 | Abstract Reading comprehension (RC)—in contrast to informati
        1408    589 w  -            Introduction                             | 1 Introduction Natural language understanding seeks to creat
        5106   1229 w  -            Review of Reading Comprehension Datasets | 2 Review of Reading Comprehension Datasets and Models There 
       12800     25 w  -            Section 3: NarrativeQA: A New Dataset    | 3 NarrativeQA: A New Dataset In this section, we introduce o
       12963    209 w  -            Section 3.1: Desiderata                  | 3.1 Desiderata From the above discussed features and limitat
       14335    519 w  -            Section 3.2: Data Collection Method      | 3.2 Data Collection Method We will consider complex, self-co
       17651    160 w  -            Section 3.3: Core Statistics             | 3.3 Core Statistics We collected 1,567 stories, evenly split
       18699    250 w  -            Section 3.4: Tasks                       | 3.4 Tasks We present tasks varying in their scope and comple
       20261     89 w  -            Section 4: Baselines and Oracles         | 4 Baselines and Oracles In this section, we show that Narrat
       20836    338 w  -            Section 4.1: Simple IR Baselines         | 4.1 Simple IR Baselines We consider basic IR baselines which
       22865    323 w  -            Section 4.2: Neural Benchmarks           | 4.2 Neural Benchmarks As a ﬁrst benchmark we consider a simp
       24822    361 w  -            4.3 Neural Benchmarks on Stories         | 4.3 Neural Benchmarks on Stories The design of the Narrative
       27329     27 w  -            5 Experiments                            | 5 Experiments In this section, we describe the data preprara
       27500    117 w  -            5.1 Data Preparation                     | 5.1 Data Preparation The provided narratives contain a large
       28249    440 w  -            5.2 Reading Summaries Only               | 5.2 Reading Summaries Only Reading comprehension of summarie
       31246    546 w  -            5.3 Reading Full Stories Only            | 5.3 Reading Full Stories Only Table 6 summarizes the results
       34599    505 w  -            6 Qualitative Analysis and Challenges    | 6 Qualitative Analysis and Challenges We ﬁnd that the propos
       37737    168 w  -            Related Work                             | 7 Related Work This paper is the ﬁrst large-scale question a
       38820    573 w  -            Conclusion                               | 8 Conclusion We have introduced a new dataset and a set of t

koshorek2018-supervised-segmentation.pdf  ok  pieces 12  dropped 0  tries 1  toc None  chunks 2  $0.003
    class published | title 'Text Segmentation as a Supervised Learning Task' | author 'Omri Koshorek∗Adir Cohen∗\nNoam Mor\nMichael Rotman\nJonathan Berant' | date 2018-03 from 'arXiv:1803.09337v1  [cs.CL]  25 Mar 2018'
    body 242-15930 of 18918 (17% outside) | body_start 'Abstract' | end matter 'Acknowledgements'
    contents None .. None at None-None
         242     97 w  -            Abstract                                 | Abstract Text segmentation, the task of dividing a doc- umen
         873    408 w  -            Introduction                             | 1 Introduction Text segmentation is the task of dividing tex
        3524    137 w  -            Related Work / Existing Text Segmentatio | 2 Related Work 2.1 Existing Text Segmentation Datasets The m
        4420    164 w  -            Previous Methods                         | 2.2 Previous Methods Bayesian text segmentation methods (Che
        5496    277 w  -            The WIKI-727K Dataset                    | 3 The WIKI-727K Dataset For this work we have created a new 
        7299    256 w  -            Neural Model for Text Segmentation       | 4 Neural Model for Text Segmentation We treat text segmentat
        8779    132 w  -            Training                                 | 4.1 Training Our model predicts for each sentence si, the pr
        9560     61 w  -            Inference                                | 4.2 Inference At test time, the model takes a sequence of wo
        9915    320 w  -            Experimental Details                     | 5 Experimental Details We evaluate our method on the WIKI-72
       11788    428 w  -            Accuracy                                 | 5.1 Accuracy Comparing our method to GRAPHSEG, we can see th
       14269    108 w  -            5.2 Run Time                             | 5.2 Run Time Our method’s runtime is linear in the number of
       14880    163 w  -            6 Conclusions                            | 6 Conclusions In this work, we present a large labeled datas

kuffo2025-pdx.pdf  ok  pieces 20  dropped 0  tries 1  toc None  chunks 8  $0.010
    class published | title 'PDX: A Data Layout for Vector Similarity Search' | author 'Leonardo Kuffo, Elena Krippner, and Peter Boncz' | date 2025-03-06 from 'arXiv:2503.04422v1  [cs.DB]  6 Mar 2025'
    body 183-77351 of 87951 (12% outside) | body_start 'ABSTRACT' | end matter 'REFERENCES'
    contents None .. None at None-None
         183    245 w  -            Abstract                                 | ABSTRACT We propose Partition Dimensions Across (PDX), a dat
        1848   1069 w  -            Chapter 1: INTRODUCTION                  | 1 INTRODUCTION K-Nearest Neighbour Search (KNNS), also refer
        9007    831 w  -            Chapter 2: PRELIMINARIES / 2.1 K-Nearest | 2 PRELIMINARIES 2.1 K-Nearest Neighbour Search (KNNS) Given 
       14135    304 w  -            2.2 Vector Datasets                      | 2.2 Vector Datasets Indexes and quantization techniques for 
       16127   1043 w  -            2.3 The Power of Pruning                 | 2.3 The Power of Pruning ADSampling [19] and BSA [52] propos
       22753    673 w  -            2.4 Pruning Behavior                     | 2.4 Pruning Behavior Table 2 shows the behavior of the best,
       27003    843 w  -            THE PDX DATA LAYOUT                      | 3 THE PDX DATA LAYOUT We introduce the PDX (Partition Dimens
       32499    580 w  -            THE PDXEARCH FRAMEWORK                   | 4 THE PDXEARCH FRAMEWORK We introduce PDXearch, a framework 
       36004    601 w  -            PDX-BOND: OUR DCO OPTIMIZER              | 5 PDX-BOND: OUR DCO OPTIMIZER BOND’s [13] capabilities to sp
       39719    161 w  -            EVALUATION                               | 6 EVALUATION We now experimentally evaluate the following re
       40701    642 w  -            Setup                                    | 6.1 Setup We start by evaluating the performance of the auto
       44644    775 w  -            Distance Kernels on the PDX Layout       | 6.2 Distance Kernels on the PDX Layout We measured the raw p
       49307   1052 w  -            6.3 PDXearch Framework                   | 6.3 PDXearch Framework Figure 6 shows the higher QPS obtaine
       55934    692 w  -            6.4 PDX-BOND                             | 6.4 PDX-BOND Table 6 shows PDX-BOND pruning power, and Figur
       60373    379 w  -            6.5 Exact Search                         | 6.5 Exact Search We compare PDX and PDX-BOND capabilities on
       62709    165 w  -            6.6 Effect of Pruning Percentage Thresho | 6.6 Effect of Pruning Percentage Threshold The PDXearch fram
       63706    183 w  -            6.7 PDXearch Across Architectures        | 6.7 PDXearch Across Architectures Figure 11 summarizes our e
       64935   1177 w  -            7 DISCUSSION                             | 7 DISCUSSION PDXearch on N-ary Storage. The PDX layout is a 
       72388    619 w  -            RELATED WORK                             | 8 RELATED WORK The recent surge in research attention into A
       76231    172 w  -            CONCLUSIONS                              | 9 CONCLUSIONS We have presented PDX: a new data layout for v

lee2013-entity-centric-coref.pdf  ok  pieces 35  dropped 4  tries 1  toc None  chunks 9  $0.013
    class published | title 'Deterministic Coreference Resolution Based\non Entity-Centric, Precision-Ranked Rules' | author 'Heeyoung Lee∗\nAngel Chang∗\nYves Peirsman∗∗\nNathanael Chambers†\nMihai Surdeanu‡\nDan Jurafsky§' | date 2012-11-20 from '20 November 2012.'
    body 309-85034 of 104804 (19% outside) | body_start 'We propose a new deterministic approach to coreference resolution that combines the global' | end matter 'Appendix A: The OntoNotes Named Entity Tag Set'
    contents None .. None at None-None
         309    259 w  -            opening                                  | We propose a new deterministic approach to coreference resol
        2270   1101 w  -            Introduction                             | 1. Introduction Coreference resolution, the task of ﬁnding a
        9536   1152 w  -            Walking Through a Sample Coreference Res | 2. Walking Through a Sample Coreference Resolution Before de
       16215     53 w  -            The Algorithm                            | 3. The Algorithm We ﬁrst describe our mention detection stag
       16569    408 w  -            Mention Detection                        | 3.1 Mention Detection As we suggested earlier, the recall of
       19107    118 w  -            Resolution Architecture                  | 3.2 Resolution Architecture Traditionally, coreference resol
       19913    440 w  -            Mention Selection in a Given Sieve       | 3.2.1 Mention Selection in a Given Sieve. Recall that our mo
       22608    294 w  -            Antecedent Selection for a Given Mention | 3.2.2 Antecedent Selection for a Given Mention. Given a ment
       24586    232 w  -            Section 3.2.3: Feature Sharing in the En | 3.2.3 Feature Sharing in the Entity-Centric Model. In a sign
       26100    115 w  -            Section 3.3: Coreference Resolution Siev | 3.3 Coreference Resolution Sieves We describe next the seque
       26805    249 w  -            Pass 1 – Speaker Identiﬁcation           | 3.3.1 Pass 1 – Speaker Identiﬁcation. This sieve matches spe
       28367     55 w  -            Pass 2 – Exact Match                     | 3.3.2 Pass 2 – Exact Match. This model links two mentions on
       28700     47 w  -            Pass 3 – Relaxed String Match            | 3.3.3 Pass 3 – Relaxed String Match. This sieve considers tw
       29003    468 w  -            Pass 4 – Precise Constructs              | 3.3.4 Pass 4 – Precise Constructs. This model links two ment
       31825    406 w  -            Pass 5 – Strict Head Match               | 3.3.5 Pass 5 – Strict Head Match. Linking a mention to an an
       34344     86 w  -            Passes 6 and 7 – Variants of Strict Head | 3.3.6 Passes 6 and 7 – Variants of Strict Head Match. Sieves
       34845    120 w  -            Pass 8 – Proper Head Word Match          | 3.3.7 Pass 8 – Proper Head Word Match. This sieve marks two 
       35591     99 w  -            Pass 9 – Relaxed Head Match              | 3.3.8 Pass 9 – Relaxed Head Match. This pass relaxes the ent
       36205    340 w  -            Pass 10 – Pronominal Coreference Resolut | 3.3.9 Pass 10 – Pronominal Coreference Resolution. With one 
       38298    107 w  -            Post Processing                          | 3.4 Post Processing This step implements several transformat
       38973     54 w  -            Experimental Results                     | 4. Experimental Results We start this section with overall r
       39329    239 w  -            Corpora                                  | 4.1 Corpora We used the following corpora for development an
       40875    363 w  -            Evaluation Metrics                       | 4.2 Evaluation Metrics We use ﬁve evaluation metrics widely 
       42951   1434 w  -            Experimental Results                     | 4.3 Experimental Results Tables 4 and 5 compare the performa
       51088    106 w  -            4.4 Analysis                             | 4.4 Analysis In this section, we present a series of analyti
       51800    412 w  -            4.4.1 Contribution of the Entity-Centric | 4.4.1 Contribution of the Entity-Centric Model. Table 6 show
       54263    179 w  -            4.4.2 Impact of the Multi-Pass Model     | 4.4.2 Impact of the Multi-Pass Model. Table 7 shows the cont
       55450    453 w  -            4.4.3 Contribution of Individual Sieves  | 4.4.3 Contribution of Individual Sieves. Table 8 lists the p
       58033    505 w  -            4.4.4 Contribution of Feature Groups     | 4.4.4 Contribution of Feature Groups. Table 9 lists the resu
       60975    202 w  -            Section 4.4.5: Gold versus Predicted Inf | 4.4.5 Gold versus Predicted Information. We conclude this se
       62282    266 w  -            Section 4.4.6: Automatic Ordering        | 4.4.6 Automatic Ordering. The ordering of our sieves was det
       64025   1168 w  -            Section 5: Error Analysis                | 5. Error Analysis To understand the errors in the system, we
       71558    979 w  -            Section 6: Comparison with Previous Work | 6. Comparison with Previous Work Algorithms for coreference 
       78142    602 w  -            Section 7: Other Systems Incorporating t | 7. Other Systems Incorporating this Algorithm A number of re
       82096    441 w  -            Section 8: Conclusion                    | 8. Conclusion We have presented a simple deterministic appro
    4 piece(s) after the end matter dropped

lee2017-e2e-coreference.pdf  ok  pieces 22  dropped 0  tries 1  toc None  chunks 4  $0.005
    class published | title 'End-to-end Neural Coreference Resolution' | author 'Kenton Lee†, Luheng He†, Mike Lewis‡, and Luke Zettlemoyer†∗' | date 2017-12-15 from 'arXiv:1707.07045v2  [cs.CL]  15 Dec 2017'
    body 387-33182 of 38881 (16% outside) | body_start 'Abstract' | end matter 'Acknowledgements'
    contents None .. None at None-None
         387    139 w  -            Abstract                                 | Abstract We introduce the ﬁrst end-to-end corefer- ence reso
        1295    399 w  -            Chapter 1: Introduction                  | 1 Introduction We present the ﬁrst state-of-the-art neural c
        3893    321 w  -            Chapter 2: Related Work                  | 2 Related Work Machine learning methods have a long history 
        6041    218 w  -            Chapter 3: Task                          | 3 Task We formulate the task of end-to-end coreference resol
        7172    437 w  -            Chapter 4: Model                         | 4 Model We aim to learn a conditional probability distribu- 
        9584    141 w  -            Scoring Architecture                     | Scoring Architecture We propose an end-to- end neural archit
       10463    367 w  -            Span Representations                     | Span Representations Two types of infor- mation are crucial 
       12650    195 w  -            Section 5: Inference                     | 5 Inference The size of the full model described above is O(
       13800    274 w  -            Section 6: Learning                      | 6 Learning In the training data, only clustering information
       15557     51 w  -            Section 7: Experiments                   | 7 Experiments We use the English coreference resolution data
       15878    325 w  -            Section 7.1: Hyperparameters             | 7.1 Hyperparameters Word representations The word embeddings
       17871     68 w  -            Section 7.2: Ensembling                  | 7.2 Ensembling We also report ensemble experiments using ﬁve
       18308     35 w  -            Section 8: Results                       | 8 Results We report the precision, recall, and F1 for the st
       18515    441 w  -            Section 8.1: Coreference Results         | 8.1 Coreference Results Table 1 compares our model to severa
       21105    349 w  -            Section 8.2: Ablations                   | 8.2 Ablations To show the importance of each component in ou
       23308    122 w  -            Section 8.3: Comparing Span Pruning Stra | 8.3 Comparing Span Pruning Strategies To tease apart the con
       24082     35 w  -            Analysis                                 | 9 Analysis To highlight the strengths and weaknesses of our 
       24309    230 w  -            Mention Recall                           | 9.1 Mention Recall The training data only provides a weak si
       25624    105 w  -            Mention Precision                        | 9.2 Mention Precision While the training data does not offer
       26251    473 w  -            Head Agreement                           | 9.3 Head Agreement We also investigate how well the learned 
       29048    515 w  -            Qualitative Analysis                     | 9.4 Qualitative Analysis Our qualitative analysis in Table 4
       32283    132 w  -            Conclusion                               | 10 Conclusion We presented a state-of-the-art coreference re

li2026-evotaxo.pdf  ok  pieces 16  dropped 8  tries 2  toc None  chunks 5  $0.008
    class published | title 'EvoTaxo: Building and Evolving Taxonomy from\nSocial Media Streams' | author 'Yiyang Li1, Tianyi Ma1, Yanfang Ye1†' | date 2026-03-20 from 'arXiv:2603.19711v1  [cs.CL]  20 Mar 2026'
    body 172-35457 of 56675 (38% outside) | body_start 'Abstract' | end matter 'References'
    contents None .. None at None-None
         172    181 w  -            Abstract                                 | Abstract Constructing taxonomies from social media corpora i
        1497    848 w  -            Introduction                             | 1 Introduction Social media platforms have become a major ar
        7369    227 w  -            Related Work                             | 2 Related Work Automatic taxonomy construction has tradition
        8876    265 w  -            Methodology / Preliminary                | 3 Methodology 3.1 Preliminary Taxonomy and Problem Definitio
       10429    161 w  -            Overview                                 | 3.2 Overview Figure 2 illustrates the full framework. EvoTax
       11428    399 w  -            Draft Action Generation                  | 3.3 Draft Action Generation The first design question is how
       13995    313 w  -            Section 3.4: Dual-View Action Consolidat | 3.4 Dual-View Action Consolidation The next challenge is how
       16006    259 w  -            Section 3.5: Action Refinement and Arbit | 3.5 Action Refinement and Arbitration After consolidation, E
       17770    102 w  -            Section 3.6: Taxonomy Update and Groundi | 3.6 Taxonomy Update and Grounding Once the final actions for
       18397    807 w  -            Section 4: Experiments / Section 4.1: Ex | 4 Experiments 4.1 Experiment Setup Datasets. We evaluate Evo
       23501    408 w  -            Section 4.2: Main Results                | 4.2 Main Results Table 1 reports the main results across the
       26468    513 w  -            Ablation Study                           | 4.3 Ablation Study. Table 2 reports an ablation study on /r/
       30307    327 w  -            Case Study                               | 4.4 Case Study To examine whether EvoTaxo captures temporal 
       32624     99 w  -            Conclusion                               | 5 Conclusion We introduced EvoTaxo, a time-aware LLM-based f
       33364    164 w  -            Limitations                              | 6 Limitations EvoTaxo has several limitations. First, the fr
       34513    130 w  -            Ethical Considerations                   | 7 Ethical Considerations We use publicly available Reddit da
    8 piece(s) after the end matter dropped

ling2026-boosttaxo.pdf  ok  pieces 27  dropped 0  tries 1  toc None  chunks 6  $0.009
    class published | title 'BoostTaxo: Zero-Shot Taxonomy Induction via\nBoosting-Style Agentic Reasoning and\nConstraint-Aware Calibration' | author 'Yancheng Ling, Zhenlin Qin, Leizhen Wang, Zhenliang Ma' | date 2026-04-03 from 'arXiv:2605.12520v1  [cs.CL]  3 Apr 2026'
    body 169-57585 of 72167 (20% outside) | body_start 'Abstract—Taxonomy induction is crucial for organizing con-' | end matter 'Acknowledgment'
    contents None .. None at None-None
         169    228 w  -            Abstract                                 | Abstract—Taxonomy induction is crucial for organizing con- c
        1934   1105 w  -            Introduction                             | I. Introduction T AXONOMIES are tree-structured hierarchies 
        9904     22 w  -            Related Work                             | II. RELATED WORK This review focuses on taxonomy induction a
       10049    377 w  -            Taxonomy induction                       | A. Taxonomy induction Taxonomy induction has evolved from pa
       12876    182 w  -            B. Large language models for knowledge e | B. Large language models for knowledge extraction and rea- s
       14239    303 w  -            III. METHODOLOGY / A. Problem definition | III. METHODOLOGY A. Problem definition We define a taxonomy 
       16300    484 w  -            B. Retrieval-Augmented Definitions       | B. Retrieval-Augmented Definitions The semantic information 
       19920    670 w  -            C. Hybrid Parent Candidate Selection     | C. Hybrid Parent Candidate Selection Identifying parent cand
       24199    313 w  -            D. Candidate Ranking and Scoring         | D. Candidate Ranking and Scoring Although Hybrid Parent Cand
       26328    103 w  -            E. Score Calibration with Structural Fea | E. Score Calibration with Structural Features Although the r
       27072     74 w  -            1) Structural features construction      | 1) Structural features construction: Given the Topk2 candi- 
       27544    224 w  -            Global structure features                | (a) Global structure features Popularity. The popularity fea
       28785    367 w  -            Local structural features                | (b) Local structural features Margin. The margin feature mea
       30695    295 w  -            LLM-Based Penalty Calculation with Struc | 2) LLM-Based Penalty Calculation with Structural Fea- tures:
       32772    364 w  -            Overall score calibration                | 3) Overall score calibration: Table I summarizes the over- a
       35256     65 w  -            F. Maximum Spanning Arborescence         | F. Maximum Spanning Arborescence Given the child–parent pair
       35707    258 w  -            IV. EXPERIMENTS AND EVALUATIONS / A. Dat | IV. EXPERIMENTS AND EVALUATIONS A. Data set The WordNet data
       37151    331 w  -            Benchmark models and evaluation metrics  | B. Benchmark models and evaluation metrics We evaluate our a
       39523     94 w  -            Experimental setup                       | C. Experimental setup In the retrieval-augmented definition 
       40165    432 w  -            Results                                  | D. Results Table II presents the performance comparison on t
       43299     30 w  -            Ablation study                           | E. Ablation study In this section, we conduct an ablation st
       43502    490 w  -            Impact of Hybrid Parent Candidate Select | 1) Impact of Hybrid Parent Candidate Selection: To evalu- at
       46586    181 w  -            Impact of the LLM-based Score Calibratio | 2) Impact of the LLM-based Score Calibration with Struc- tur
       47837    254 w  -            Impact of the Topk2 selection            | 3) Impact of the Topk2 selection: To evaluate the impact of 
       49420    393 w  -            F. Impact of Different Large-Scale LLMs  | F. Impact of Different Large-Scale LLMs Table VI shows that 
       51876    212 w  -            G. Example Results and Failure Cases     | G. Example Results and Failure Cases Fig. 6 shows a example 
       53352    593 w  -            V. CONCLUSIONS                           | V. CONCLUSIONS Taxonomy induction is a fundamental task for 

linkkg-2025.pdf  ok  pieces 29  dropped 0  tries 1  toc None  chunks 4  $0.006
    class published | title 'LINK-KG: LLM-Driven Coreference-Resolved\nKnowledge Graphs for Human Smuggling Networks' | author 'Dipak Meher' | date 2025-10-30 from 'arXiv:2510.26486v1  [cs.AI]  30 Oct 2025'
    body 415-39801 of 45593 (14% outside) | body_start 'Abstract—Human smuggling networks are complex and con-' | end matter 'ACKNOWLEDGMENT'
    contents None .. None at None-None
         415    175 w  -            Abstract                                 | Abstract—Human smuggling networks are complex and con- stant
        1713    644 w  -            Introduction                             | I. INTRODUCTION Human smuggling networks represent highly ad
        6579     57 w  -            Related Work                             | II. RELATED WORK Knowledge graphs (KGs) are widely used to t
        6995    337 w  -            Knowledge Graph Construction             | A. Knowledge Graph Construction Traditional knowledge graph 
        9573    455 w  -            Coreference Resolution                   | B. Coreference Resolution Several methods have been proposed
       12878    120 w  -            III. METHOD                              | III. METHOD Our proposed pipeline enables modular knowledge 
       13758     28 w  -            Coreference Resolution                   | A. Coreference Resolution We propose a prompt-based, three-s
       13955     51 w  -            Stage 1: NER using LLM                   | 1) Stage 1: NER using LLM: Recent work shows that large lang
       14303    109 w  -            Stage 1 Prompt Design                    | a) Stage 1 Prompt Design: We use structured, instruction-bas
       15128    124 w  -            NER Stage Formulation                    | b) NER Stage Formulation: Following the notation of LLMLINK 
       15826     50 w  -            Stage 2: Constructing Prompt Cache using | 2) Stage 2: Constructing Prompt Cache using LLM: In Stage 2,
       16164    370 w  -            Stage 2 Prompt Design                    | a) Stage 2 Prompt Design: We use Mapping-LLM to construct a 
       18653    176 w  -            Stage 2 Formulation                      | b) Stage 2 Formulation: The outputs from Stage 1, de- noted 
       19804     93 w  -            Stage 3: Coreference Resolution          | 3) Stage 3: Coreference Resolution: In the final stage, we p
       20453     98 w  -            Stage 3 Prompt Design                    | a) Stage 3 Prompt Design: Resolve-LLM uses a struc- tured pr
       21142    107 w  -            Stage 3 Formulation                      | b) Stage 3 Formulation: Let xij denote the j-th chunk of doc
       21855    106 w  -            Entity-Relationship Extraction and KG Co | B. Entity-Relationship Extraction and KG Construction Figure
       22600    186 w  -            Prompt Design for Entity and Relationshi | a) Prompt Design for Entity and Relationship Extraction: Gra
       23909     63 w  -            Sequential Entity Extraction to Mitigate | b) Sequential Entity Extraction to Mitigate Attention Spread
       24379     62 w  -            Filtering High-Frequency Irrelevant Enti | c) Filtering High-Frequency Irrelevant Entities: Legal texts
       24847     97 w  -            Entity Type Definitions to Reduce Overge | d) Entity Type Definitions to Reduce Overgeneralization Bias
       25504     48 w  -            IV. EXPERIMENTS                          | IV. EXPERIMENTS We aim to address the following research que
       25856    712 w  -            A. Dataset                               | A. Dataset To evaluate our system, we use publicly available
       29534     89 w  -            B. Implementation                        | B. Implementation We use the open-source LLaMA 3.3 70B model
       30136     95 w  -            C. Baselines                             | C. Baselines Given limited prior work on knowledge graph con
       30781    270 w  -            D. Evaluation Measures                   | D. Evaluation Measures Since no annotated ground truth exist
       32536    619 w  -            V. RESULTS / A. RQ1: Impact of Cache-bas | V. RESULTS A. RQ1: Impact of Cache-based Coreference Resolut
       36867    300 w  -            B. RQ2: Does LINK-KG produce more releva | B. RQ2: Does LINK-KG produce more relevant and concise knowl
       39026    104 w  -            Conclusion                               | VI. CONCLUSION We introduced LINK-KG, a modular LLM-based fr

literaryqa-2025.pdf  ok  pieces 22  dropped 12  tries 1  toc None  chunks 7  $0.010
    class published | title 'LiteraryQA: Towards Effective Evaluation of Long-document\nNarrative QA' | author 'Tommaso Bonomo1*, Luca Gioffré1*, and Roberto Navigli1,2' | date 2025-10-15 from 'arXiv:2510.13494v1  [cs.CL]  15 Oct 2025'
    body 240-40966 of 77124 (47% outside) | body_start 'Abstract' | end matter 'References'
    contents None .. None at None-None
         240    154 w  -            Abstract                                 | Abstract Question Answering (QA) on narrative text poses a u
        1277    784 w  -            Introduction                             | 1 Introduction Question Answering (QA) has long been a core 
        6237    192 w  -            Related Work / Narrative-based QA        | 2 Related Work 2.1 Narrative-based QA NarrativeQA (Koˇciský 
        7483    235 w  -            Long-document Resources                  | 2.2 Long-document Resources Various resources have annotated
        9153    162 w  -            Meta-evaluation of QA Metrics            | 2.3 Meta-evaluation of QA Metrics Many works have carried ou
       10212    114 w  -            LiteraryQA                               | 3 LiteraryQA We hypothesize that the challenging aspect of N
       10954     36 w  -            Data Refinement Pipeline                 | 3.1 Data Refinement Pipeline Our pipeline is composed of two
       11196    141 w  -            Document-level Phase                     | 3.1.1 Document-level Phase Our preliminary qualitative inspe
       12171    144 w  -            Document Filtering                       | Document Filtering First, we manually anno- tate all documen
       13031    194 w  -            Text Cleaning                            | Text Cleaning When examining the filtered doc- uments, we di
       14306    109 w  -            QA-level Steps                           | 3.1.2 QA-level Steps Our second refinement phase focuses on 
       15003     31 w  -            Question Deduplication                   | Question Deduplication We implemented a sim- ple ROUGE filte
       15228    152 w  -            Questions Refinement                     | Questions Refinement After deduplication, we wanted to asses
       16231    108 w  -            Answers Refinement                       | Answers Refinement We evaluated the reference answers follow
       16928    810 w  -            Evaluation of Pipeline Steps             | 3.2 Evaluation of Pipeline Steps When designing our pipeline
       22064    442 w  -            Metrics Analysis                         | 4 Metrics Analysis We analyze several metrics on LiteraryQA,
       24864    695 w  -            4.1 Experimental Setup                   | 4.1 Experimental Setup Human judgments We collect human judg
       29035    711 w  -            4.2 Results                              | 4.2 Results Table 6 presents the system-level correlations b
       33746    561 w  -            5 LLM benchmarking                       | 5 LLM benchmarking In this section, we report the performanc
       37407    159 w  -            Conclusions                              | 6 Conclusions In this work, we introduced LiteraryQA, a huma
       38535    288 w  -            Limitations                              | Limitations While LiteraryQA improves the quality and relia-
       40534     64 w  -            Acknowledgments                          | Acknowledgments The authors acknowledge the sup- port of the
    12 piece(s) after the end matter dropped

liu2023-lost-in-the-middle.pdf  ok  pieces 18  dropped 10  tries 2  toc None  chunks 6  $0.010
    class published | title 'Lost in the Middle: How Language Models Use Long Contexts' | author 'Nelson F. Liu1∗' | date 2023-11-20 from 'arXiv:2307.03172v3  [cs.CL]  20 Nov 2023'
    body 254-43014 of 65434 (35% outside) | body_start 'Abstract' | end matter 'Acknowledgments'
    contents None .. None at None-None
         254    151 w  -            Abstract                                 | Abstract While recent language models have the abil- ity to 
        1269   1300 w  -            Chapter 1: Introduction                  | 1 Introduction Language models have become an important and 
        9951     74 w  -            Section 2: Multi-Document Question Answe | 2 Multi-Document Question Answering Our goal is to better un
       10422    757 w  -            Section 2.1: Experimental Setup          | 2.1 Experimental Setup In the multi-document question answer
       15305    459 w  -            Models                                   | 2.2 Models We analyze several state-of-the-art open and clos
       18307    537 w  -            Results and Discussion                   | 2.3 Results and Discussion We experiment with input contexts
       22217     74 w  -            How Well Can Language Models Retrieve Fr | 3 How Well Can Language Models Retrieve From Input Contexts?
       22682    240 w  -            Experimental Setup                       | 3.1 Experimental Setup In our synthetic key-value retrieval 
       24219    326 w  -            Results and Discussion                   | 3.2 Results and Discussion We experiment with input contexts
       26312     77 w  -            Why Are Language Models Not Robust to Ch | 4 Why Are Language Models Not Robust to Changes in the Posit
       26871    307 w  -            Effect of Model Architecture             | 4.1 Effect of Model Architecture The open models we evaluate
       28899    482 w  -            Effect of Query-Aware Contextualization  | 4.2 Effect of Query-Aware Contextualization Our multi-docume
       32241    552 w  -            Effect of Instruction Fine-Tuning        | 4.3 Effect of Instruction Fine-Tuning The models we evaluate
       35988    435 w  -            5: Is More Context Is Always Better? A C | 5 Is More Context Is Always Better? A Case Study With Open-D
       38816    165 w  -            6: Related Work / 6.1: Long-Context Lang | 6 Related Work 6.1 Long-Context Language Models There is muc
       39853    218 w  -            6.2: How Do Language Models Use Context? | 6.2 How Do Language Models Use Context? The pioneering work 
       41322    102 w  -            6.3: The Serial-Position Effect          | 6.3 The Serial-Position Effect The U-shaped curve we observe
       41991    151 w  -            7: Conclusion                            | 7 Conclusion We empirically study how language models use lo
    10 piece(s) after the end matter dropped

liu2025-user-feedback.pdf  ok  pieces 21  dropped 11  tries 1  toc None  chunks 5  $0.007
    class published | title 'User Feedback in Human-LLM Dialogues:\nA Lens to Understand Users But Noisy as a Learning Signal' | author 'Yuhan Liu1, Michael J.Q. Zhang1, Eunsol Choi1' | date 2025-10-04 from 'arXiv:2507.23158v2  [cs.CL]  4 Oct 2025'
    body 203-36474 of 50923 (29% outside) | body_start 'Abstract' | end matter 'References'
    contents None .. None at None-None
         203    147 w  -            Abstract                                 | Abstract Once language models (LMs) are deployed, they can i
        1191    557 w  -            Chapter 1: Introduction                  | 1 Introduction User queries are often ambiguous and underspe
        4761    228 w  -            Section 2: Background                    | 2 Background Don-Yehiya et al. (2024) classifies implicit fe
        6277    174 w  -            Section 2.1: Formulation                 | 2.1 Formulation We assume a multi-turn conversation between 
        7295    163 w  -            Section 3: Identifying Implicit User Fee | 3 Identifying Implicit User Feedback 3.1 Datasets We examine
        8345    336 w  -            Section 3.2: Manually Annotated Feedback | 3.2 Manually Annotated Feedback Dataset We start our study w
       10534    233 w  -            Section 3.3: Automatic Feedback Identifi | 3.3 Automatic Feedback Identification As manually annotating
       12077   1040 w  -            Section 4: Analysis of Implicit Human Fe | 4 Analysis of Implicit Human Feedback With our automatic fee
       18395    256 w  -            Section 5: Using User Feedback to Improv | 5 Using User Feedback to Improve Model Responses We now expl
       19924    327 w  -            Section 5.1: Response Regeneration Metho | 5.1 Response Regeneration Methods Our proposed method, Regen
       21890    253 w  -            Section 6: Experiments: Comparing Regene | 6 Experiments: Comparing Regenerated Responses We first comp
       23473    261 w  -            Section 6.1: Results                     | 6.1 Results In Table 3, we report the results from comparing
       25041     61 w  -            Training LLMs with Regenerated Responses | 7 Training LLMs with Regenerated Responses In the previous s
       25420    141 w  -            Compared Settings                        | 7.1 Compared Settings Similar to our experiments from Sectio
       26316    252 w  -            Evaluation                               | 7.2 Evaluation Base Models For each data generation method, 
       27931    407 w  -            Results                                  | 7.3 Results We present the results from each setting in Tabl
       30617    504 w  -            Related Work                             | 8 Related Work Evaluating Multi-turn Human-LLM Collabora- ti
       33919    130 w  -            Conclusion                               | 9 Conclusion In this paper, we systematically study the exis
       34748    118 w  -            Limitations                              | Limitations While the general goal of feedback is to align m
       35484     58 w  -            Impact Statement                         | Impact Statement Our work explores how naturally occurring f
       35851     98 w  -            Acknowledgements                         | Acknowledgements We want to thank Wenting Zhao, Xi Ye, Anuj 
    11 piece(s) after the end matter dropped

llm-wiki-cochran-2026.pdf  ok  pieces 16  dropped 1  tries 1  toc None  chunks 4  $0.005
    class published | title 'Progressive Disclosure for LLM-Maintained Wiki\nKnowledge Bases: a Preregistered Ablation' | author 'Theodore O. Cochran' | date 2026-07-06 from 'arXiv:2607.04576v1  [cs.CL]  6 Jul 2026'
    body 152-37228 of 44004 (16% outside) | body_start 'Abstract' | end matter 'References'
    contents None .. None at None-None
         152    329 w  -            opening                                  | Abstract LLM agents increasingly answer questions against st
        2271    642 w  -            Introduction                             | 1 Introduction Retrieval over a knowledge base is a core pri
        6385    530 w  -            Background and Related Work              | 2 Background and Related Work Retrieval-augmented generation
       10087    318 w  -            System Under Study                       | 3 System Under Study The corpus is offload, a personal knowl
       12230    748 w  -            Method                                   | 4 Method The method is the preregistered plan (OSF feka7, ta
       17230     28 w  -            Results                                  | 5 Results All numbers are from the 960-run confirmatory stud
       17412    220 w  -            Primary: answer quality (non-inferiority | 5.1 Primary: answer quality (non-inferiority) Table 1: Mean 
       18876    317 w  -            Secondary: cost by condition             | 5.2 Secondary: cost by condition Table 2: A3-vs-A0 cost effe
       20974    146 w  -            Ablation (A0→A1→A2→A3)                   | 5.3 Ablation (A0→A1→A2→A3) Table 3: Mean US$ by arm within c
       21837    213 w  -            Per-stratum and exploratory              | 5.4 Per-stratum and exploratory A3 is cheaper than A0 in all
       23220    715 w  -            Grading reliability and sensitivity anal | 5.5 Grading reliability and sensitivity analyses The author 
       27939    473 w  -            Discussion                               | 6 Discussion Measured versus nominal. The saving the retrofi
       31115    189 w  -            Threats to Validity                      | 7 Threats to Validity • Content-parity confound (central): c
       32468    140 w  -            Limitations and Future Work              | 8 Limitations and Future Work Single corpus, single answerin
       33462    350 w  -            Reproducibility and Data Availability    | 9 Reproducibility and Data Availability Preregistration: OSF
       36029    175 w  -            Conclusion                               | 10 Conclusion On a real 709-page LLM-maintained knowledge ba
    1 piece(s) after the end matter dropped

llm-wiki-ming-2026.pdf  ok  pieces 18  dropped 10  tries 1  toc None  chunks 6  $0.008
    class published | title 'Retrieval as Reasoning: Self-Evolving Agent-Native Retrieval via\nLLM-Wiki' | author 'Haoliang Ming, Feifei Li, Xiaoqing Wu, Wenhui Que∗' | date 2026-05 from 'arXiv:2605.25480v2  [cs.CL]  26 May 2026'
    body 219-34009 of 62058 (46% outside) | body_start 'Abstract' | end matter 'References'
    contents None .. None at None-None
         219    164 w  -            Abstract                                 | Abstract LLM agents require retrieval to behave less like on
        1513    780 w  -            Introduction                             | 1 Introduction Consider a 4-hop question from 2WikiMulti- Ho
        7125    275 w  -            Related Work                             | 2 Related Work Retrieval-Augmented Generation and Hierar- ch
        9081    160 w  -            Method                                   | 3 Method Figure 1 illustrates LLM-Wiki’s index-time con- str
       10297    125 w  -            Wiki-Structured Knowledge                | 3.1 Wiki-Structured Knowledge LLM-Wiki realizes compilabilit
       11189    541 w  -            Compositional Retrieval                  | 3.2 Compositional Retrieval LLM-Wiki realizes composability 
       14935    787 w  -            3.3 Error Book                           | 3.3 Error Book LLM-Wiki realizes evolvability through the Er
       20669    160 w  -            4 Experimental Setup / 4.1 Datasets      | 4 Experimental Setup 4.1 Datasets We evaluate LLM-Wiki on th
       21714    110 w  -            4.2 Baselines                            | 4.2 Baselines We compare against seven methods spanning four
       22419     49 w  -            4.3 Metrics                              | 4.3 Metrics Public QA benchmarks use Answer F1 and Exact Mat
       22739    177 w  -            4.4 Implementation Details               | 4.4 Implementation Details All methods use GLM-5.1, from the
       23938    288 w  -            5 Experiments / 5.1 Main Results on Publ | 5 Experiments 5.1 Main Results on Public Benchmarks As shown
       25878    325 w  -            5.2 AuthTrace Results                    | 5.2 AuthTrace Results Table 2 reports judged accuracy (AC) o
       28056    292 w  -            5.3 Ablation Study                       | 5.3 Ablation Study To isolate the contribution of each compo
       30083    185 w  -            5.4 Fine-Grained Analysis                | 5.4 Fine-Grained Analysis Fine-grained results further show 
       31328    149 w  -            6 Discussion                             | 6 Discussion When Does Wiki Beat RAG? LLM-Wiki is most valua
       32439    115 w  -            7 Conclusion                             | 7 Conclusion We presented LLM-Wiki, the first agent-native r
       33321     92 w  -            8 Limitations                            | 8 Limitations Two primary limitations warrant discussion. Fi
    10 piece(s) after the end matter dropped

llmpedia-2026.pdf  ok  pieces 18  dropped 42  tries 2  toc None  chunks 11  $0.018
    class published | title 'LLMpedia: A Transparent Framework to Materialize an LLM’s\nEncyclopedic Knowledge at Scale' | author 'Muhammed Saeed\nSimon Razniewski' | date 2026-06-10 from 'arXiv:2603.24080v2  [cs.CL]  10 Jun 2026'
    body 217-36219 of 133098 (73% outside) | body_start 'Abstract' | end matter 'References'
    contents None .. None at None-None
         217    142 w  -            Abstract                                 | Abstract Benchmarks like MMLU suggest flagship lan- guage mo
        1187    764 w  -            Chapter 1: Introduction                  | 1 Introduction Hundreds of millions of users now consume LLM
        6476    380 w  -            Chapter 2: Related Work                  | 2 Related Work Knowledge probing and its limits. LAMA (Petro
        9183     45 w  -            Chapter 3: LLMpedia Framework            | 3 LLMpedia Framework Figure 3 shows the full pipeline. From 
        9508    199 w  -            Section 3.1: Materialization Modes       | 3.1 Materialization Modes General-domain expansion. Starting
       10868     87 w  -            Section 3.2: Outline, Generation, and Pr | 3.2 Outline, Generation, and Prompting Outlines improve LLM-
       11493    708 w  -            Section 3.3: Entity Sanitization Pipelin | 3.3 Entity Sanitization Pipeline GPTKB v1 and v1.5 document 
       16353    188 w  -            Section 4: Experimental Setup / Section  | 4 Experimental Setup 4.1 Models and Conditions We evaluate g
       17676    632 w  -            Section 4.2: Evaluation Protocol         | 4.2 Evaluation Protocol We adopt the decompose–retrieve–veri
       21981    117 w  -            Section 4.3: Human Validation            | 4.3 Human Validation To audit the LLM judge, we drew balance
       22742    108 w  -            Section 4.4: Ablation                    | 4.4 Ablation A 2×2×2 factorial ablation over self-grounding 
       23382    140 w  -            Section 5: Results / Section 5.1: Entity | 500 articles, %). SG = self-grounding. † = operating point. 
       24415    382 w  -            RQ1: Topic-Focused Analysis              | 5.2 RQ1: Topic-Focused Analysis GPT-5-mini leads precision a
       27097    153 w  -            RQ2: Cross-Model at 120K                 | 5.3 RQ2: Cross-Model at 120K All three models start from the
       28128    420 w  -            Hop-Stratified and Frontier Results      | Hop-Stratified and Frontier Results Table 6 is the empirical
       30610    215 w  -            RQ3: Retrieval Trap                      | 5.4 RQ3: Retrieval Trap Table 7 shows the central pattern. L
       31935     93 w  -            Conclusion                               | 6 Conclusion LLMpedia materializes ∼1.3M articles from para-
       32568    529 w  -            Limitations                              | 7 Limitations Single-pass sampling and capability conflation
    42 piece(s) after the end matter dropped

maharana2024-locomo.pdf  FLAGGED  pieces 22  dropped 18  tries 2  toc 4  chunks 7  $0.013
    class published | title 'Evaluating Very Long-Term Conversational Memory of LLM Agents' | author 'Adyasha Maharana1' | date 2024-02-27 from 'arXiv:2402.17753v1  [cs.CL]  27 Feb 2024'
    body 247-37172 of 78192 (53% outside) | body_start 'Abstract' | end matter 'References'
    contents 'Appendix Overview' .. None at 55432-None
         247    213 w  -            opening                                  | Abstract Existing works on long-term open-domain dia- logues
        1739   1033 w  -            Introduction                             | 1 Introduction Despite recent advancements in dialogue model
        8499    256 w  -            Related Work / Long-term Dialogue        | 2 Related Work Long-term Dialogue. Recent approaches in- vol
       10153    117 w  -            Multi-modal Dialogue                     | Multi-modal Dialogue. Multi-modal dialogue primarily consist
       10918    108 w  -            Synthetic Evaluation Benchmark           | Synthetic Evaluation Benchmark. Faced with a shortage of hum
       11640    138 w  -            Generative Pipeline for LOCOMO           | 3 Generative Pipeline for LOCOMO An overview of our generati
       12528     79 w  -            3.1 Persona                              | 3.1 Persona We select an initial persona statement pc from t
       13025    159 w  -            3.2 Temporal Event Graph                 | 3.2 Temporal Event Graph To utilize the real-life experience
       13943    473 w  -            3.3 Virtual Agent Architecture           | 3.3 Virtual Agent Architecture Every agent Li incorporates m
       16817     78 w  -            3.4 Human Verification & Editing         | 3.4 Human Verification & Editing In the concluding phase, hu
       17331     65 w  -            4 LOCOMO Evaluation Benchmark            | 4 LOCOMO Evaluation Benchmark Based on the dialogues generat
       17758    267 w  -            4.1 Question Answering Task              | 4.1 Question Answering Task A conversational agent is expect
       19554    284 w  -            4.2 Event Summarization Task             | 4.2 Event Summarization Task The conversation is generated b
       21308    125 w  -            4.3 Multi-Modal Dialogue Generation Task | 4.3 Multi-Modal Dialogue Generation Task The conversations i
       22142    638 w  -            5 Experimental Setup                     | 5 Experimental Setup For the question-answering and event su
       26170     29 w  -            Chapter 6: Experimental Results          | 6 Experimental Results We evaluate and analyze the comprehen
       26384    486 w  -            Question Answering Task                  | 6.1 Question Answering Task Tables 2 and 3 present the perfo
       29659    308 w  -            Event Summarization Task                 | 6.2 Event Summarization Task Table 4 presents results for th
       31653    123 w  -            Multi-Modal Dialog Generation Task       | 6.3 Multi-Modal Dialog Generation Task Figure 4 illustrates 
       32489     78 w  -            Chapter 7: Conclusion                    | 7 Conclusion We develop a human-machine pipeline to collect 
       32992    378 w  -            Chapter 8: Limitations                   | 8 Limitations Hybrid human-machine generated data. Our datas
       35420    282 w  -            Chapter 9: Broader Impacts               | 9 Broader Impacts We adopt and improve a framework of genera
    MISSING 'Section D: Additional results from evaluation on the LOCOMO benchmark.'
    MISSING 'A'
    MISSING 'We use OpenAI API and Huggingface (Wolf et al., 2020), as of January 2024, with specific settings of'
    18 piece(s) after the end matter dropped

malkov2016-hnsw.pdf  ok  pieces 22  dropped 0  tries 1  toc None  chunks 6  $0.008
    class published | title 'Efficient and robust approximate nearest\nneighbor search using Hierarchical Navigable\nSmall World graphs' | author 'Yu. A. Malkov, D. A. Yashunin' | date None from None
    body 195-57973 of 69983 (17% outside) | body_start 'Abstract — We present a new approach for the approximate K-nearest neighbor search based on navigable small world' | end matter '8 REFERENCES'
    contents None .. None at None-None
         195    242 w  -            opening                                  | Abstract — We present a new approach for the approximate K-n
        2020    501 w  -            Introduction                             | 1 INTRODUCTION onstantly growing amount of the available inf
        5362    526 w  -            Related Works / Proximity graph techniqu | 2 RELATED WORKS 2.1 Proximity graph techniques In the vast m
        8735    381 w  -            Navigable small world models             | 2.2 Navigable small world models Networks with logarithmic o
       11286   1209 w  -            Motivation                               | 3 MOTIVATION The ways of improving the NSW search complexity
       18853    303 w  -            ALGORITHM DESCRIPTION                    | 4 ALGORITHM DESCRIPTION Network construction algorithm (alg.
       20723    228 w  -            Algorithm 1                              | Algorithm 1 INSERT(hnsw, q, M, Mmax, efConstruction, mL) Inp
       22129    180 w  -            Algorithm 2                              | Algorithm 2 SEARCH-LAYER(q, ep, ef, lc) Input: query element
       23054     32 w  -            Algorithm 3                              | Algorithm 3 SELECT-NEIGHBORS-SIMPLE(q, C, M) Input: base ele
       23254    441 w  -            Algorithm 5                              | Algorithm 5 K-NN-SEARCH(hnsw, q, K, ef) Input: multilayer gr
       25861    315 w  -            4.1 Influence of the construction parame | 4.1 Influence of the construction parameters Algorithm const
       27754   1189 w  -            Algorithm 4                              | Algorithm 4 SELECT-NEIGHBORS-HEURISTIC(q, C, M, lc, extendCa
       34853    523 w  -            4.2 Complexity analysis / 4.2.1 Search c | 4.2 Complexity analysis 4.2.1 Search complexity The complexi
       38078    437 w  -            4.2.2 Construction complexity            | 4.2.2 Construction complexity The construction is done by it
       40413    122 w  -            4.2.3 Memory cost                        | 4.2.3 Memory cost The memory consumption of the Hierarchical
       41159    217 w  -            5 PERFORMANCE EVALUATION                 | 5 PERFORMANCE EVALUATION The Hierarchical NSW algorithm was 
       42679    162 w  -            5.1 Comparison with baseline NSW         | 5.1 Comparison with baseline NSW For the baseline NSW algori
       43696    340 w  -            5.2 Comparison in Euclid spaces          | 5.2 Comparison in Euclid spaces The main part of the compari
       45986    703 w  -            5.3 Comparison in general spaces         | 5.3 Comparison in general spaces A recent comparison of algo
       50292    608 w  -            5.4 Comparison with product quantization | 5.4 Comparison with product quantization based algorithms. P
       54119    530 w  -            6 DISCUSSION                             | 6 DISCUSSION By using structure decomposition of navigable s
       57480     74 w  -            7 ACKNOWLEDGEMENTS                       | 7 ACKNOWLEDGEMENTS We thank Leonid Boytsov for many helpful 

manufactured-confidence-2026.pdf  FLAGGED  pieces 1  dropped 0  tries 0  toc None  chunks None  $0.008
    class None | title None | author None | date None from None
    body 0-63965 of 63965 (0% outside) | body_start None | end matter None
    contents None .. None at None-None
           0  10233 w  -            whole document                           | Manufactured Confidence: How Memory Consolidation Turns Hear
    MISSING "run error: ReadTimeout: HTTPSConnectionPool(host='api.openai.com', port=443): Read timed out. (read timeout=300)"

meme-2026.pdf  ok  pieces 13  dropped 31  tries 1  toc None  chunks 10  $0.014
    class published | title 'MEME: Multi-entity & Evolving Memory Evaluation' | author 'Seokwon Jung1\nAlexander Rubinstein2,∗\nArnas Uselis2,∗\nSangdoo Yun3\nSeong Joon Oh1' | date 2026-05-12 from 'arXiv:2605.12477v1  [cs.LG]  12 May 2026'
    body 222-34641 of 112101 (69% outside) | body_start 'Abstract' | end matter 'References'
    contents None .. None at None-None
         222    157 w  -            Abstract                                 | Abstract LLM-based agents increasingly operate in persistent
        1346   1011 w  -            Chapter 1: Introduction                  | 1 Introduction Figure 1: MEME’s taxonomy of memory op- erati
        7797    257 w  -            Chapter 2: Related Work                  | 2 Related Work We review prior work on memory system archite
        9660     29 w  -            Chapter 3: MEME                          | 3 MEME MEME maps the entity-scope × temporal-dynamics framew
        9858    201 w  -            Section 3.1: Task Definitions            | 3.1 Task Definitions Within each quadrant of the entity scop
       11315    723 w  -            Section 3.2: Dataset Generation          | 3.2 Dataset Generation We generate the MEME dataset across t
       15913     75 w  -            Experiments                              | 4 Experiments We evaluate six memory systems on MEME and fin
       16337    642 w  -            Experimental Setup                       | 4.1 Experimental Setup Systems and LLM roles. We evaluate si
       20526    239 w  -            Main Results                             | 4.2 Main Results Table 2 summarizes accuracy across all six 
       22098    581 w  -            How dependency reasoning fails           | 4.3 How dependency reasoning fails Figure 4 traces a represe
       25900    985 w  -            4.4 Closing the gap without changing the | 4.4 Closing the gap without changing the architecture Sectio
       32007    246 w  -            5 Conclusion                             | 5 Conclusion Long-running agentic systems demand more from m
       33701    133 w  -            6 Limitations                            | 6 Limitations Several limitations bound our findings. The da
    31 piece(s) after the end matter dropped

memtier-2026.pdf  ok  pieces 12  dropped 6  tries 1  toc None  chunks 4  $0.005
    class published | title 'MEMTIER: Tiered Memory Architecture and the Retrieval Bottleneck\nin Long-Running LLM Agents' | author 'Bronislav Sidik\nProf. Lior Rokach' | date 2026-05-25 from 'arXiv:2605.03675v3  [cs.AI]  25 May 2026'
    body 297-32347 of 40645 (21% outside) | body_start 'Abstract' | end matter 'References'
    contents None .. None at None-None
         297    217 w  -            Abstract                                 | Abstract Long-running autonomous AI agents suffer from a wel
        1825    497 w  -            Chapter 1: Introduction                  | 1 Introduction The deployment of large language model (LLM) 
        5365    489 w  -            Chapter 2: Related Work                  | 2 Related Work Tiered agent memory. MemGPT (Packer et al., 2
        8908     26 w  -            Chapter 3: Architecture                  | 3 Architecture MEMTIER is implemented as an OpenClaw plugin 
        9104    254 w  -            Section 3.1: Phase 1a: Episodic JSONL St | 3.1 Phase 1a: Episodic JSONL Store Each agent session writes
       10850    926 w  -            Section 3.2: Phase 1b: Weighted Retrieva | 3.2 Phase 1b: Weighted Retrieval Engine The scoring function
       16809   1029 w  -            Chapter 4: Experiments / Section 4.1: Ab | 4 Experiments 4.1 Ablation Study We design a systematic abla
       23845     99 w  -            Section 4.2: Retrieval Metrics and Oracl | 4.2 Retrieval Metrics and Oracle Analysis Table 5 (Appendix 
       24562    189 w  -            4.3 LoCoMo                               | 4.3 LoCoMo We also evaluate on LoCoMo (Maharana et al., 2024
       25792    244 w  -            4.4 PPO Weight Trainer: Infrastructure V | 4.4 PPO Weight Trainer: Infrastructure Validation Table 4 sh
       27410    386 w  -            5 Discussion                             | 5 Discussion Oracle analysis confirms retrieval as the domin
       30215    302 w  -            6 Conclusion                             | 6 Conclusion We presented MEMTIER, achieving Acc=0.382/F1=0.
    6 piece(s) after the end matter dropped

memx-2026.pdf  ok  pieces 26  dropped 0  tries 1  toc None  chunks 4  $0.006
    class published | title 'MemX: A Local-First Long-Term Memory System\nfor AI Assistants' | author 'Lizheng Sun' | date 2026-03 from 'March 2026'
    body 85-44227 of 48317 (9% outside) | body_start 'Abstract' | end matter 'References'
    contents None .. None at None-None
          85    207 w  -            Abstract                                 | Abstract We present MemX, a local-first long-term memory sys
        1666    661 w  -            Introduction                             | 1 Introduction Large language models have achieved strong si
        6604    403 w  -            Related Work                             | 2 Related Work Long-term memory for LLM agents. The need for
        9391     95 w  -            System Design / Architecture Overview    | 3 System Design 3.1 Architecture Overview Figure 1 illustrat
       10028    178 w  -            Data Model                               | 3.2 Data Model The primary table memories stores each memory
       11177     19 w  -            Hybrid Search Pipeline                   | 3.3 Hybrid Search Pipeline The search pipeline is determinis
       11301    171 w  -            Four-Factor Re-ranking                   | 3.4 Four-Factor Re-ranking After RRF fusion, each candidate 
       12433    217 w  -            Factor computation                       | 5 Factor computation. Each factor is computed from the memor
       13821    149 w  -            Result Deduplication                     | 3.5 Result Deduplication Template-based memory stores and re
       14893     98 w  -            Low-Confidence Rejection Rule            | 3.6 Low-Confidence Rejection Rule To suppress spurious recal
       15535     72 w  -            Access vs. Retrieval Separation          | 3.7 Access vs. Retrieval Separation The system explicitly di
       16054     93 w  -            Benchmark Framework / Design Rationale   | 4 Benchmark Framework 4.1 Design Rationale Many memory syste
       16753    252 w  -            Scenario Design                          | 4.2 Scenario Design We construct two benchmark scenarios in 
       18660    178 w  -            Metrics                                  | 4.3 Metrics The benchmark reports the following metrics (Tab
       19756    156 w  -            Experiments / Setup                      | 5 Experiments 5.1 Setup All experiments use the following co
       20764    266 w  -            Scenario-Level Results                   | 5.2 Scenario-Level Results Table 3 summarizes the key metric
       22519    126 w  -            Threshold Sweep                          | 5.3 Threshold Sweep We sweep the rejection threshold τ over 
       23284    541 w  -            LongMemEval Evaluation                   | 5.4 LongMemEval Evaluation To evaluate MemX beyond the two c
       27103    307 w  -            5.5 Latency Analysis                     | 5.5 Latency Analysis Table 8 reveals a scale-dependent laten
       29102    632 w  -            5.6 Ablation Study                       | 5.6 Ablation Study To quantify the contribution of each pipe
       33123    333 w  -            5.7 Rejection Rule Design Space          | 5.7 Rejection Rule Design Space To justify the choice of rej
       35344    416 w  -            6 Discussion / 6.1 Failure Cases and Sys | 6 Discussion 6.1 Failure Cases and System Boundaries Multi-t
       38210    257 w  -            6.2 Impact of Access/Retrieval Separatio | 6.2 Impact of Access/Retrieval Separation Section 3.7 descri
       39947    167 w  -            6.3 Threats to Validity                  | 6.3 Threats to Validity 1. Template-driven data. Benchmark r
       41204    158 w  -            6.4 Future Directions                    | 6.4 Future Directions Five directions are most promising for
       42454    233 w  -            7 Conclusion                             | 7 Conclusion We have presented MemX, a local-first long-term

menestrina2010-evaluating-er.pdf  ok  pieces 14  dropped 9  tries 1  toc None  chunks 6  $0.008
    class published | title 'Evaluating Entity Resolution Results' | author 'David Menestrina, Steven Euijong Whang, and Hector Garcia-Molina' | date 2010 from 'Proceedings of the VLDB Endowment, Vol. 3, No. 1'
    body 230-41467 of 67935 (39% outside) | body_start 'ABSTRACT' | end matter '8.\nREFERENCES'
    contents None .. None at None-None
         230    213 w  -            opening                                  | ABSTRACT Entity Resolution (ER) is the process of identifyin
        1547   1341 w  -            1. INTRODUCTION                          | 1. INTRODUCTION Entity Resolution (ER) is the problem of ide
        9371    198 w  -            2. FRAMEWORK                             | 2. FRAMEWORK An ER algorithm takes as input a set of records
       10376    241 w  -            3. EXISTING MEASURES                     | 3. EXISTING MEASURES There are many measures used in the Inf
       11700   1408 w  -            4. GENERALIZED MERGE DISTANCE            | 4. GENERALIZED MERGE DISTANCE Although the measures above ar
       19058    649 w  -            4.1 Operation Order Independence         | 4.1 Operation Order Independence If functions fs and fm have
       22565    319 w  -            4.2 Relationship to Other Measures       | 4.2 Relationship to Other Measures Several other measures ar
       24264    312 w  -            Conﬁguring the Cost Functions            | 4.3 Conﬁguring the Cost Functions We have argued that a conﬁ
       26062    384 w  -            COMPUTING MEASURES                       | 5. COMPUTING MEASURES Computing measures eﬃciently is import
       28438    171 w  -            EXPERIMENTS                              | 6. EXPERIMENTS As mentioned in Section 1, there are two aspe
       29444   1212 w  -            Measure Conﬂicts                         | 6.1 Measure Conﬂicts Most of the papers surveyed in Section 
       36205    540 w  -            6.2 Conﬁgured GMD Results                | 6.2 Conﬁgured GMD Results We experiment on various conﬁgurat
       39313     72 w  -            6.3 Runtime Performance                  | 6.3 Runtime Performance As discussed in Section 5, ER datase
       39746    293 w  -            7. CONCLUSION                            | 7. CONCLUSION We have proposed an edit distance measure for 
    9 piece(s) after the end matter dropped

moss-2026.pdf  ok  pieces 33  dropped 0  tries 2  toc None  chunks 6  $0.010
    class published | title 'Memory-Orchestrated Semantic System (MOSS): An Auditable\nAgentic Memory Architecture' | author 'Serge Lacasse*, Jérémie Hatier†, Alex Baker†' | date 2026-07-05 from 'arXiv:2607.04391v1  [cs.CL]  5 Jul 2026'
    body 298-62403 of 72112 (14% outside) | body_start 'Abstract' | end matter 'Acknowledgments'
    contents None .. None at None-None
         298    293 w  -            Abstract                                 | Abstract Long-term memory remains a structural weakness of A
        2459    886 w  -            Introduction                             | 1 Introduction Large language models are stateless. Whatever
        8522     45 w  -            From Retrieval Pipelines to Agentic Memo | 2 From Retrieval Pipelines to Agentic Memory: Situating MOSS
        8790    292 w  -            Farthest: classical vector RAG is not a  | 2.1 Farthest: classical vector RAG is not a memory The RAG p
       10817    208 w  -            Closer: graph-augmented retrieval (Graph | 2.2 Closer: graph-augmented retrieval (GraphRAG) A first mov
       12305    280 w  -            Section 2.3: Closer still: production me | 2.3 Closer still: production memory layers A third group tre
       14381    379 w  -            Section 2.4: MOSS’s group: agentic memor | 2.4 MOSS’s group: agentic memory meets the structured, local
       17015    163 w  -            Section 2.5: A note on the word “semanti | 2.5 A note on the word “semantic” Industry usage calls embed
       18241    112 w  -            Section 2.6: The vacant intersection     | 2.6 The vacant intersection Three research traditions each h
       18980    491 w  -            Chapter 3: Architecture / Section 3.1: D | 3 Architecture 3.1 Design principles Three commitments gover
       22156    259 w  -            Section 3.2: System overview             | 3.2 System overview MOSS consists of two components (Figure 
       23905    895 w  -            Section 3.3: The structured memory       | 3.3 The structured memory Segments. Conversations are segmen
       30205    553 w  -            The query lifecycle                      | 3.4 The query lifecycle A query traverses MOSS as follows (F
       34045    281 w  -            Real-time indexing and archiving         | 3.5 Real-time indexing and archiving As live conversation fl
       35857    125 w  -            Auditability by construction             | 3.6 Auditability by construction Auditability in MOSS is not
       36610    247 w  -            Chapter 4: A Year in Production: A Longi | 4 A Year in Production: A Longitudinal Deployment MOSS has n
       38304    156 w  -            Section 4.1: Four generations            | 4.1 Four generations Generation Period Model layer Orchestra
       39340     99 w  -            Section 4.2: The memory at the time of w | 4.2 The memory at the time of writing As of June 2026, the p
       40057    217 w  -            Section 4.3: Operational observations    | 4.3 Operational observations Three observations from sustain
       41468    102 w  -            Section 4.4: Limitations of the evidence | 4.4 Limitations of the evidence We state plainly what this d
       42192    335 w  -            Chapter 5: Discussion / Section 5.1: Ret | 5 Discussion 5.1 Retrieval versus synthesis The June 2026 ar
       44446     87 w  -            Section 5.2: Sovereignty as an architect | 5.2 Sovereignty as an architectural property Data sovereignt
       45036    325 w  -            Section 5.3: Beyond the individual: a co | 5.3 Beyond the individual: a companion memory for organizati
       47228    100 w  -            Section 5.4: An exocortex, on the record | 5.4 An exocortex, on the record Cognitive science has long e
       47918    104 w  -            5.5 Limitations                          | 5.5 Limitations Beyond the evidentiary limits of Section 4.4
       48678     98 w  -            6 Ongoing Development: The Métacalque Pr | 6 Ongoing Development: The Métacalque Principle The overlays
       49290    416 w  -            6.1 A cartographic intuition and its dis | 6.1 A cartographic intuition and its disciplinary lineages T
       52305    405 w  -            6.2 From description to control: the ope | 6.2 From description to control: the operational turn These 
       55005    246 w  -            6.3 An operational definition            | 6.3 An operational definition A corpus under the métacalque 
       56595    259 w  -            6.4 Maturity: what works, and what is be | 6.4 Maturity: what works, and what is being designed The pri
       58361    114 w  -            6.5 Status and priority                  | 6.5 Status and priority We name the métacalque here, with a 
       59122    315 w  -            7 Future Work                            | 7 Future Work Three lines are underway. Benchmarking: contro
       61128    197 w  -            Conclusion                               | 8 Conclusion We have presented MOSS, an agentic memory archi

narrative-world-model-2026.pdf  ok  pieces 17  dropped 16  tries 1  toc None  chunks 7  $0.009
    class published | title 'Narrative World Model: Narratology-Grounded Writer Mem-\nory for Long-Form Fiction' | author 'Mohammad Saifullah, Thomas Kornmaier, Taaha Kazi,\nVasu Sharma, Aditya Sanjiv Kanade, Aanand Kumar Yadav' | date 2026-07 from 'arXiv:2607.05577v1  [cs.AI]  6 Jul 2026'
    body 278-32242 of 79376 (60% outside) | body_start 'Abstract' | end matter 'Code and Data Availability'
    contents None .. None at None-None
         278    201 w  -            Abstract                                 | Abstract Long-form fiction writers need memory that answers 
        1697    621 w  -            Chapter 1: Introduction                  | 1 Introduction Long-form fiction generation exposes a gap be
        6001    549 w  -            Chapter 2: Related Work                  | 2 Preprint. Under review. 2 Related Work Long-form story gen
        9862    156 w  -            Chapter 3: Narrative World Model / Secti | 3 Preprint. Under review. 3 Narrative World Model 3.1 Causal
       10862    232 w  -            Section 3.2: Schema Updates and Global R | 3.2 Schema Updates and Global Registries Instead of storing 
       12651    139 w  -            3.3 Temporal Knowledge Graph             | 3.3 Temporal Knowledge Graph The KG projects schema state in
       13583     46 w  -            3.4 Recursive Language-Model QA          | 3.4 Recursive Language-Model QA RLM QA is a recursive verifi
       13896    120 w  -            3.5 Query-Conditioned Hybrid Retrieval   | 3.5 Query-Conditioned Hybrid Retrieval Retrieval turns the s
       14670    207 w  -            3.6 Extraction and Baseline Independence | 3.6 Extraction and Baseline Independence The primary compari
       16112    939 w  -            4 Evaluation: Narrative Memory QA / 4.1  | 4 Evaluation: Narrative Memory QA 4.1 Protocol We evaluate o
       22832     37 w  -            5 Results                                | 5 Results All numbers below are produced by the evaluation i
       23115    121 w  -            5.1 Private Multi-Hop Comparison         | 5.1 Private Multi-Hop Comparison Table 1 is the headline com
       23866    315 w  -            5.2 Public Comparison                    | 5.2 Public Comparison Table 2 replicates the ordering on red
       25937    344 w  -            Discussion                               | 6 Discussion The results admit a single mechanistic reading:
       28373     68 w  -            Toward Generation and Writer-Workflow Ev | 7 Toward Generation and Writer-Workflow Evaluation The next 
       28917    344 w  -            Limitations                              | 8 Limitations Isolating the typing. The cross-system compari
       31424    117 w  -            Conclusion                               | 9 Conclusion Narratology-grounded writer memory significantl
    16 piece(s) after the end matter dropped

niklaus2018-openie-survey.pdf  ok  pieces 10  dropped 0  tries 1  toc None  chunks 5  $0.005
    class published | title 'A Survey on Open Information Extraction' | author 'Christina Niklaus1, Matthias Cetto1, Andr´e Freitas2 and Siegfried Handschuh1' | date 2018-06-14 from 'arXiv:1806.05599v1  [cs.CL]  14 Jun 2018'
    body 343-39329 of 51172 (24% outside) | body_start 'Abstract' | end matter 'References'
    contents None .. None at None-None
         343     75 w  -            Abstract                                 | Abstract We provide a detailed overview of the various appro
         820    768 w  -            Chapter 1: Introduction                  | 1 Introduction Information extraction (IE) turns the unstruc
        5855     77 w  -            Chapter 2: Open IE Systems               | 2 Open IE Systems A large body of work on the task of Open I
        6312    739 w  -            Section 2.1: Learning-based Systems      | 2.1 Learning-based Systems The line of work on Open IE begin
       11083    604 w  -            Section 2.2: Rule-based Systems          | 2.2 Rule-based Systems The second category of Open IE system
       15155    574 w  -            Clause-based Systems                     | 2.3 Clause-based Systems Aiming to improve the accuracy of O
       18750   1227 w  -            Systems Capturing Inter-Proposition Rela | 2.4 Systems Capturing Inter-Proposition Relationships Aforem
       27162   1492 w  -            3 Evaluation                             | 3 Evaluation Though a multitude of systems for Open IE have 
       36925    270 w  -            Open Research Questions                  | 4 Open Research Questions Even after more than one decade of
       38724     91 w  -            Conclusion                               | 5 Conclusion We presented an overview of the various methods

nkw-2026.pdf  ok  pieces 21  dropped 23  tries 1  toc 24  chunks 9  $0.013
    class published | title 'Narrative Knowledge Weaver: Narrative-Centric Retrieval-Augmented\nReasoning for Long-Form Text Understanding' | author 'Qiuyu Tian1,2\nFengyi Chen3\nYiding Li5\nYouyong Kong1\nFan Guo5\nYuyao Li5\nJinjing Shen5\nZhijing Xie5\nYiyun Luo5\nXin Zhang5\nYingce Xia2\nZequn Liu2*' | date 2026-06 from 'arXiv:2606.05724v1  [cs.CL]  4 Jun 2026'
    body 426-35149 of 106377 (67% outside) | body_start 'Abstract' | end matter 'References'
    contents 'Appendix Table of Contents' .. '– D.2 Character State Tracking (§D.2)' at 44937-45991
         426    155 w  -            Abstract                                 | Abstract Long-form narrative QA requires reasoning over evol
        1627    653 w  -            Chapter 1: Introduction                  | 1 Introduction Long-form narrative understanding supports sc
        6310    156 w  -            Chapter 2: Related Work / Section 2.1: N | 2 Related Work 2.1 Narrative and Long-Form Text Understandin
        7424    201 w  -            Section 2.2: Graph Construction and Grap | 2.2 Graph Construction and Graph-Augmented Retrieval Graph c
        8789    110 w  -            Chapter 3: The Narrative Knowledge Weave | 3 The Narrative Knowledge Weaver Framework We propose Narrat
        9485     35 w  -            Section 3.1: Construction-Time Asset Bui | 3.1 Construction-Time Asset Building The construction-time a
        9763    203 w  -            Section 3.1.1: Canonical Entity–Relation | 3.1.1 Canonical Entity–Relation Graph Backbone NKW first bui
       11121    140 w  -            Section 3.1.2: Source-Grounded Narrative | 3.1.2 Source-Grounded Narrative Asset Extraction In parallel
       12226    161 w  -            3.1.3 Entity Canonicalization and Eviden | 3.1.3 Entity Canonicalization and Evidence Enrichment After 
       13431    209 w  -            3.2 Global Episode and Storyline Constru | 3.2 Global Episode and Storyline Construction Local entity a
       14867    115 w  -            3.3 Narrative-Grounded Retrieval and Rea | 3.3 Narrative-Grounded Retrieval and Reasoning 3.3.1 Evidenc
       15667    160 w  -            3.3.2 Query-Time Tools                   | 3.3.2 Query-Time Tools NKW exposes these views through a com
       16730    108 w  -            3.3.3 Post-Retrieval Reading Skills      | 3.3.3 Post-Retrieval Reading Skills Post-retrieval reading s
       17548    552 w  -            4 Experimental Setup                     | 4 Experimental Setup Datasets. We evaluate on three narrativ
       21459    317 w  -            5 Experimental Results and Analysis / 5. | 5 Experimental Results and Analysis 5.1 Question Answering M
       23708    666 w  -            5.2 Tool-Use Analysis                    | 5.2 Tool-Use Analysis To make NKW’s multi-step reasoning aud
       28488    189 w  -            Ablation Study                           | 5.3 Ablation Study We ablate core components across STAGE, F
       29886    187 w  -            Downstream Application                   | 5.4 Downstream Application The screenplay setting in STAGE e
       31181    132 w  -            Conclusion                               | 6 Conclusion We presented Narrative Knowledge Weaver, a fram
       32154    202 w  -            Limitations                              | Limitations NKW is designed for long-form narrative under- s
       33568    234 w  -            Ethics Statement                         | Ethics Statement This work uses existing scientific artifact
    23 piece(s) after the end matter dropped

nolima2025-long-context.pdf  ok  pieces 14  dropped 7  tries 1  toc None  chunks 6  $0.009
    class published | title 'NOLIMA: Long-Context Evaluation Beyond Literal Matching' | author 'Ali Modarressi 1 2 * Hanieh Deilamsalehy 3 Franck Dernoncourt 3 Trung Bui 3 Ryan Rossi 3 Seunghyun Yoon 3\nHinrich Sch¨utze 1 2' | date 2025-07-09 from 'arXiv:2502.05167v3  [cs.CL]  9 Jul 2025'
    body 183-43039 of 72065 (41% outside) | body_start 'Abstract' | end matter 'References'
    contents None .. None at None-None
         183    296 w  -            Abstract                                 | Abstract Recent large language models (LLMs) support long co
        2240    878 w  -            1. Introduction                          | 1. Introduction In recent years, large language models (LLMs
        8201    511 w  -            2. Related Work                          | 2. Related Work With the increasing popularity of long-conte
       11606    745 w  -            3. NOLIMA                                | 3. NOLIMA The goal of NOLIMA is to design a task that is inh
       16816    350 w  -            Section 3.1: Haystack Filtering Pipeline | 3.1. Haystack Filtering Pipeline We devise a filtering proce
       19105    501 w  -            Section 4: Experiments / Section 4.1: Da | 4. Experiments 4.1. Dataset Configuration In NOLIMA, we use 
       22059    208 w  -            Section 4.2: Models                      | 4.2. Models For the filtering process, we opted for using th
       23354    277 w  -            Section 4.3: Evaluation Setup & Metric   | 4.3. Evaluation Setup & Metric During inference, we use a ta
       24997    411 w  -            4.4. Results                             | 4.4. Results Table 3 presents the performance results of all
       27540    413 w  -            4.4.1. LATENT HOPS & INVERSION           | 4.4.1. LATENT HOPS & INVERSION As discussed in Section 3, ou
       30119    693 w  -            4.4.2. NEEDLE PLACEMENT DEPTH ANALYSIS   | 4.4.2. NEEDLE PLACEMENT DEPTH ANALYSIS A common evaluation a
       34429    398 w  -            4.4.3. COT PROMPTING                     | 4.4.3. COT PROMPTING Since NOLIMA examples require an associ
       36916    627 w  -            Section 4.4.4: ABLATION STUDY: LITERAL M | 4.4.4. ABLATION STUDY: LITERAL MATCH EFFECT To examine the s
       40831    325 w  -            Section 5: Conclusion                    | 5. Conclusion NOLIMA provides a challenging benchmark for ev
    7 piece(s) after the end matter dropped

novelqa-2024.pdf  ok  pieces 13  dropped 17  tries 1  toc None  chunks 7  $0.010
    class published | title 'NOVELQA: BENCHMARKING QUESTION ANSWERING\nON DOCUMENTS EXCEEDING 200K TOKENS' | author 'Cunxiang Wang1∗, Ruoxi Ning12∗, Boqi Pan3, Tonghui Wu3, Qipeng Guo4, Cheng Deng5,\nGuangsheng Bao1, Xiangkun Hu5, Zheng Zhang6, Qian Wang3†, Yue Zhang1†' | date 2025 from 'Published as a conference paper at ICLR 2025'
    body 474-39373 of 81893 (53% outside) | body_start 'ABSTRACT' | end matter 'ACKNOWLEDGMENT'
    contents None .. None at None-None
         474    167 w  -            Abstract                                 | ABSTRACT Recent advancements in Large Language Models (LLMs)
        1715    886 w  -            Introduction                             | 1 INTRODUCTION Recent years have seen a remarkable surge in 
        7900    692 w  -            Related Work                             | 2 RELATED WORK Long-Range Benchmarks Evaluating the ability 
       12591    524 w  -            Section 3: DATA / Section 3.1: DATASET O | 3 DATA 3.1 DATASET OVERVIEW Data Formulation Every novel (N)
       16027    937 w  -            Section 3.2: DATA ANNOTATION             | 3.2 DATA ANNOTATION Procedure Overview The annotation proces
       22272     53 w  -            Section 4: EXPERIMENTS                   | 4 EXPERIMENTS We focus on long-context models meeting three 
       22652    763 w  -            Section 4.1: IMPLEMENTATIONS             | 4.1 IMPLEMENTATIONS Settings We employ two evaluation settin
       27423    193 w  -            4.2 MAIN RESULTS                         | 4.2 MAIN RESULTS We present the main results in Table 2. Eve
       28752    294 w  -            4.3 RESULTS BY THE QUESTION TYPE         | 4.3 RESULTS BY THE QUESTION TYPE An in-depth analysis of mod
       30948    603 w  -            4.4 RESULTS BY POSITION                  | 4.4 RESULTS BY POSITION Our analysis delves into how the pos
       35036    317 w  -            4.5 EVIDENCES RECALL                     | 4.5 EVIDENCES RECALL We evaluate the ability to recall evide
       37213    221 w  -            CLOSE-BOOK QUESTION ANSWERING            | 4.6 CLOSE-BOOK QUESTION ANSWERING We employ a Close-book QA 
       38684     90 w  -            CONCLUSION                               | 5 CONCLUSION We introduced NovelQA, a long-range benchmark d
    17 piece(s) after the end matter dropped

ong2024-routellm.pdf  ok  pieces 15  dropped 8  tries 1  toc None  chunks 4  $0.006
    class published | title 'ROUTELLM: LEARNING TO ROUTE LLMS WITH\nPREFERENCE DATA' | author 'Isaac Ong∗1' | date 2025-02 from 'arXiv:2406.18665v4  [cs.LG]  23 Feb 2025'
    body 250-36131 of 49137 (27% outside) | body_start 'ABSTRACT' | end matter 'ACKNOWLEDGMENTS AND DISCLOSURE OF FUNDING'
    contents None .. None at None-None
         250    130 w  -            Abstract                                 | ABSTRACT Large language models (LLMs) excel at a wide range 
        1182    704 w  -            Chapter 1: INTRODUCTION                  | 1 INTRODUCTION Recent advances in large language models (LLM
        5886    350 w  -            Chapter 2: RELATED WORK                  | 2 RELATED WORK A key distinction exists between reward model
        8241    470 w  -            Chapter 3: LLM ROUTING / Section 3.1: PR | 3 LLM ROUTING 3.1 PROBLEM FORMULATION Consider a set of LLM 
       10996    461 w  -            Section 3.2: METRICS                     | 3.2 METRICS In this section, we define evaluation metrics to
       13873    195 w  -            Chapter 4: METHODOLOGY / CHATBOT ARENA D | 4 METHODOLOGY 4.1 CHATBOT ARENA DATA Our primary source for 
       15053    279 w  -            DATA AUGMENTATION                        | 4.1.1 DATA AUGMENTATION Despite classifying models into tier
       16866    698 w  -            ROUTING APPROACHES                       | 4.2 ROUTING APPROACHES We now discuss several methods to def
       20823    284 w  -            EXPERIMENTS                              | 5 EXPERIMENTS Training data: As mentioned in Sec. 4.1, we pr
       22685    743 w  -            RESULTS                                  | 5.1 RESULTS Training data Method CPT(50%) CPT(80%) APGR Impr
       27602    349 w  -            5.2 ADAPTABILITY ACROSS MODELS           | 5.2 ADAPTABILITY ACROSS MODELS We picked gpt-4-1106-preview 
       29727    251 w  -            5.3 QUANTIFYING DATASET AND BENCHMARK SI | 5.3 QUANTIFYING DATASET AND BENCHMARK SIMILARITY We attribut
       31493    158 w  -            5.4 COST ANALYSIS                        | 5.4 COST ANALYSIS CPT(50%) CPT(80%) MT Bench 3.66 (95% GPT-4
       32442    248 w  -            5.5 ROUTING OVERHEAD                     | 5.5 ROUTING OVERHEAD Cost / million requests Requests / seco
       33981    325 w  -            6 CONCLUSION                             | 6 CONCLUSION We demonstrate strong performance by our router
    8 piece(s) after the end matter dropped

ouyang2026-reasoningbank.pdf  ok  pieces 14  dropped 23  tries 2  toc 16  chunks 9  $0.015
    class published | title 'ReasoningBank: Scaling Agent\nSelf-Evolving with Reasoning Memory' | author 'Siru Ouyang1*, Jun Yan2†, I-Hung Hsu2, Yanfei Chen2, Ke Jiang2, Zifeng Wang2, Rujun Han2, Long T. Le2,\nSamira Daruki2, Xiangru Tang3, Vishy Tirumalashetty2, George Lee2, Mahsan Rofouei4, Hangfei Lin4, Jiawei\nHan1, Chen-Yu Lee2† and Tomas Pfister2' | date 2026-03-16 from 'arXiv:2509.25140v2  [cs.AI]  16 Mar 2026'
    body 416-43322 of 104861 (59% outside) | body_start 'With the growing adoption of large language model agents in persistent real-world roles, they naturally' | end matter 'References'
    contents 'Contents of Appendix' .. 'F\nUse of LLMs\n30' at 68487-69612
         416    219 w  -            opening                                  | With the growing adoption of large language model agents in 
        2077   1032 w  -            Chapter 1: Introduction                  | 1. Introduction The rapid advancement of large language mode
        9352    505 w  -            Chapter 2: Related Work                  | 2. Related Work Memory for LLM Agents. Memory has emerged as
       12613    194 w  -            Chapter 3: Methodology                   | 3. Methodology In this section, we introduce the problem set
       13937    313 w  -            Section 3.1: Problem Formulation         | 3.1. Problem Formulation Agent Configuration. The scope of t
       15878    445 w  -            Section 3.2: ReasoningBank               | 3.2. ReasoningBank Past raw trajectories (or experiences), w
       19079    499 w  -            Section 3.3: MaTTS: Memory-aware Test-Ti | 3.3. MaTTS: Memory-aware Test-Time Scaling ReasoningBank ena
       22591    150 w  -            Chapter 4: Experiments / Section 4.1: Se | 4. Experiments 4.1. Setup Following existing work (Wang et a
       23659    885 w  -            Section 4.2: Results of ReasoningBank    | 4.2. Results of ReasoningBank Tables 1, 3, 2 summarize the m
       29149    525 w  -            4.3. Results of MaTTS                    | 4.3. Results of MaTTS We first present the overall results o
       32572    523 w  -            4.4. Synergy of Memory and Test-Time Sca | 4.4. Synergy of Memory and Test-Time Scaling While the previ
       36081    879 w  -            5. Analysis                              | 5. Analysis We analyze ReasoningBank through several aspects
       42263     97 w  -            6. Conclusion                            | 6. Conclusion We introduce ReasoningBank, a memory framework
       43018     49 w  -            7. Acknowledgments                       | 7. Acknowledgments We thank Jiao Sun, Jing Nathan Yan, Chi W
    23 piece(s) after the end matter dropped

pan2024-unifying-llm-kg.pdf  ok  pieces 63  dropped 1  tries 1  toc None  chunks 14  $0.022
    class published | title 'Unifying Large Language Models and\nKnowledge Graphs: A Roadmap' | author 'Shirui Pan, Senior Member, IEEE, Linhao Luo,\nYufei Wang, Chen Chen, Jiapu Wang, Xindong Wu, Fellow, IEEE' | date 2024-01-25 from 'arXiv:2306.08302v3  [cs.CL]  25 Jan 2024'
    body 228-112755 of 169605 (34% outside) | body_start 'Abstract—Large language models (LLMs), such as ChatGPT and GPT4, are making new waves in the field of natural language' | end matter 'ACKNOWLEDGMENTS'
    contents None .. None at None-None
         228    257 w  -            Abstract                                 | Abstract—Large language models (LLMs), such as ChatGPT and G
        2012   1271 w  -            Chapter 1: INTRODUCTION                  | 1 INTRODUCTION Large language models (LLMs)1 (e.g., BERT [1]
       10686     47 w  -            Chapter 2: BACKGROUND                    | 2 BACKGROUND In this section, we will first briefly introduc
       10994    261 w  -            Section 2.1: Large Language models (LLMs | 2.1 Large Language models (LLMs) Large language models (LLMs
       12778     97 w  -            2.1.1 Encoder-only LLMs                  | 2.1.1 Encoder-only LLMs. Encoder-only large language models 
       13407    109 w  -            2.1.2 Encoder-decoder LLMs               | 2.1.2 Encoder-decoder LLMs. Encoder-decoder large language m
       14136    111 w  -            2.1.3 Decoder-only LLMs                  | 2.1.3 Decoder-only LLMs. Decoder-only large language models 
       14912    301 w  -            2.1.4 Prompt Engineering                 | 2.1.4 Prompt Engineering Prompt engineering is a novel field
       16913     78 w  -            2.2 Knowledge Graphs (KGs)               | 2.2 Knowledge Graphs (KGs) Knowledge graphs (KGs) store stru
       17374    267 w  -            2.2.1 Encyclopedic Knowledge Graphs      | 2.2.1 Encyclopedic Knowledge Graphs. Encyclopedic knowledge 
       19359    258 w  -            2.2.2 Commonsense Knowledge Graphs       | 2.2.2 Commonsense Knowledge Graphs. Commonsense knowledge gr
       21326     88 w  -            2.2.3 Domain-specific Knowledge Graphs   | 2.2.3 Domain-specific Knowledge Graphs Domain-specific knowl
       21956     71 w  -            2.2.4 Multi-modal Knowledge Graphs       | 2.2.4 Multi-modal Knowledge Graphs. Unlike conventional know
       22468    143 w  -            2.3 Applications                         | 2.3 Applications LLMs as KGs have been widely applied in var
       23422     33 w  -            3 ROADMAP & CATEGORIZATION               | 3 ROADMAP & CATEGORIZATION In this section, we first present
       23616     84 w  -            3.1 Roadmap                              | 3.1 Roadmap The roadmap of unifying KGs and LLMs is illustra
       24133    232 w  -            KG-enhanced LLMs                         | 3.1.1 KG-enhanced LLMs LLMs are renowned for their ability t
       25762    155 w  -            LLM-augmented KGs                        | 3.1.2 LLM-augmented KGs KGs store structure knowledge playin
       26724    190 w  -            Synergized LLMs + KGs                    | 3.1.3 Synergized LLMs + KGs The synergy of LLMs and KGs has 
       27908    503 w  -            Categorization                           | 3.2 Categorization To better understand the research on unif
       31377    121 w  -            KG-ENHANCED LLMS                         | 4 KG-ENHANCED LLMS Large language models (LLMs) achieve prom
       32198     69 w  -            KG-enhanced LLM Pre-training             | 4.1 KG-enhanced LLM Pre-training Existing large language mod
       32676    740 w  -            Integrating KGs into Training Objective  | 4.1.1 Integrating KGs into Training Objective The research e
       37502    399 w  -            Integrating KGs into LLM Inputs          | 4.1.2 Integrating KGs into LLM Inputs As shown in Fig. 10, t
       40064    240 w  -            KGs Instruction-tuning                   | 4.1.3 KGs Instruction-tuning Instead of injecting factual kn
       41667    103 w  -            KG-enhanced LLM Inference                | 4.2 KG-enhanced LLM Inference The above methods could effect
       42360    293 w  -            Retrieval-Augmented Knowledge Fusion     | 4.2.1 Retrieval-Augmented Knowledge Fusion Retrieval-Augment
       44315    242 w  -            KGs Prompting                            | 4.2.2 KGs Prompting To better feed the KG structure into the
       45790    253 w  -            Comparison between KG-enhanced LLM Pre-t | 4.3 Comparison between KG-enhanced LLM Pre- training and Inf
       47585    122 w  -            KG-enhanced LLM Interpretability         | 4.4 KG-enhanced LLM Interpretability Although LLMs have achi
       48417    443 w  -            KGs for LLM Probing                      | 4.4.1 KGs for LLM Probing The large language model (LLM) pro
       51234    725 w  -            KGs for LLM Analysis                     | 4.4.2 KGs for LLM Analysis Knowledge graphs (KGs) for pre-tr
       55718    155 w  -            LLM-AUGMENTED KGS                        | 5 LLM-AUGMENTED KGS Knowledge graphs are famous for represen
       56741    127 w  -            LLM-augmented KG Embedding               | 5.1 LLM-augmented KG Embedding Knowledge graph embedding (KG
       57613    365 w  -            LLMs as Text Encoders                    | 5.1.1 LLMs as Text Encoders Pretrain-KGE [94] is a represent
       59859    201 w  -            LLMs for Joint Text and KG Embedding     | 5.1.2 LLMs for Joint Text and KG Embedding Instead of using 
       61101     84 w  -            LLM-augmented KG Completion              | 5.2 LLM-augmented KG Completion Knowledge Graph Completion (
       61643   1036 w  -            LLM as Encoders (PaE)                    | 5.2.1 LLM as Encoders (PaE). As shown in Fig. 16 (a), (b), a
       68175    652 w  -            LLM as Generators (PaG)                  | 5.2.2 LLM as Generators (PaG). Recent works use LLMs as sequ
       72420     86 w  -            Model Analysis                           | 5.2.3 Model Analysis Justin et al. [187] provide a comprehen
       73030     94 w  -            LLM-augmented KG Construction            | 5.3 LLM-augmented KG Construction Knowledge graph constructi
       73716    703 w  -            Entity Discovery                         | 5.3.1 Entity Discovery Entity discovery in KG construction r
       78465    342 w  -            Coreference Resolution (CR)              | 5.3.2 Coreference Resolution (CR) Coreference resolution is 
       80742    343 w  -            Relation Extraction (RE)                 | 5.3.3 Relation Extraction (RE) Relation extraction involves 
       83123    282 w  -            End-to-End KG Construction               | End-to-End KG Construction. Currently, researchers are explo
       85000    211 w  -            5.3.4 Distilling Knowledge Graphs from L | 5.3.4 Distilling Knowledge Graphs from LLMs LLMs have been s
       86364    101 w  -            5.4 LLM-augmented KG-to-text Generation  | 5.4 LLM-augmented KG-to-text Generation The goal of Knowledg
       87119    408 w  -            5.4.1 Leveraging Knowledge from LLMs     | 5.4.1 Leveraging Knowledge from LLMs As pioneering research 
       89885    207 w  -            5.4.2 Constructing large weakly KG-text  | 5.4.2 Constructing large weakly KG-text aligned Corpus Altho
       91297     96 w  -            5.5 LLM-augmented KG Question Answering  | 5.5 LLM-augmented KG Question Answering Knowledge graph ques
       91916    329 w  -            5.5.1 LLMs as Entity/relation Extractors | 5.5.1 LLMs as Entity/relation Extractors Entity/relation ext
       94020    550 w  -            5.5.2 LLMs as Answer Reasoners           | 5.5.2 LLMs as Answer Reasoners Answer reasoners are designed
       97401    105 w  -            Chapter 6: SYNERGIZED LLMS + KGS         | 6 SYNERGIZED LLMS + KGS The synergy of LLMs and KGs has attr
       98080    396 w  -            Section 6.1: Synergized Knowledge Repres | 6.1 Synergized Knowledge Representation Text corpus and know
      100806    730 w  -            Section 6.2: Synergized Reasoning        | 6.2 Synergized Reasoning To better utilize the knowledge fro
      105465     25 w  -            Chapter 7: FUTURE DIRECTIONS AND MILESTO | 7 FUTURE DIRECTIONS AND MILESTONES In this section, we discu
      105620    170 w  -            Section 7.1: KGs for Hallucination Detec | 7.1 KGs for Hallucination Detection in LLMs The hallucinatio
      106733    106 w  -            Section 7.2: KGs for Editing Knowledge i | 7.2 KGs for Editing Knowledge in LLMs Although LLMs are capa
      107434    144 w  -            Section 7.3: KGs for Black-box LLMs Know | 7.3 KGs for Black-box LLMs Knowledge Injection Although pre-
      108383    112 w  -            7.4 Multi-Modal LLMs for KGs             | 7.4 Multi-Modal LLMs for KGs Current knowledge graphs typica
      109185    143 w  -            7.5 LLMs for Understanding KG Structure  | 7.5 LLMs for Understanding KG Structure Conventional LLMs tr
      110079    256 w  -            7.6 Synergized LLMs and KGs for Birectio | 7.6 Synergized LLMs and KGs for Birectional Reason- ing KGs 
      111790    151 w  -            8 CONCLUSION                             | 8 CONCLUSION Unifying large language models (LLMs) and knowl
    1 piece(s) after the end matter dropped

pang2021-quality.pdf  ok  pieces 21  dropped 29  tries 1  toc None  chunks 8  $0.012
    class published | title 'QuALITY: Question Answering with Long Input Texts, Yes!' | author 'Richard Yuanzhe Pang∗Alicia Parrish∗Nitish Joshi∗Nikita Nangia Jason Phang\nAngelica Chen Vishakh Padmakumar Johnny Ma Jana Thompson He He\nSamuel R. Bowman' | date 2022-05-11 from 'arXiv:2112.08608v2  [cs.CL]  11 May 2022'
    body 265-36303 of 86717 (58% outside) | body_start 'Abstract' | end matter 'Ethical Considerations'
    contents None .. None at None-None
         265    116 w  -            Abstract                                 | Abstract To enable building and testing models on long-docum
        1020   1149 w  -            Chapter 1: Introduction                  | 1 Introduction Most of the best models for natural language 
        8052    262 w  -            Chapter 2: Data Collection / Section 2.1 | 2 Data Collection 2.1 Overview Sources In order to create a 
        9604     86 w  -            Stages of Data Collection                | Stages of Data Collection We collect data over several round
       10208     44 w  -            Section 2.2: Question Writing            | 2.2 Question Writing We hire 22 writers—most with degrees or
       10521    116 w  -            The Writing Task                         | The Writing Task We design a feedback and incentive structur
       11246     58 w  -            Section 2.3: Data Validation             | 2.3 Data Validation We use two validation tasks to evaluate 
       11619    232 w  -            Section 2.3.1: Speed Validation          | 2.3.1 Speed Validation We want to ensure that the questions 
       12962    242 w  -            Procedure                                | Procedure We collect ﬁve annotations per ques- tion; within 
       14363    702 w  -            2.3.2 Untimed Validation                 | 2.3.2 Untimed Validation To ensure all questions in QuALITY 
       18460     99 w  -            3 Dataset Information and Analysis       | 3 Dataset Information and Analysis After aggregating the lab
       19093    129 w  -            3.1 Human Accuracy                       | 3.1 Human Accuracy We estimate human accuracy on QuALITY on 
       19871     79 w  -            3.2 Size and Splits                      | 3.2 Size and Splits We split the data into train/dev/test se
       20345     84 w  -            3.3 Length                               | 3.3 Length Figure 2 shows the article lengths. The two peaks
       20853    309 w  -            3.4 Lexical Overlap                      | 3.4 Lexical Overlap Prior work has shown that a lot of quest
       22542    195 w  -            3.5 Question Types                       | 3.5 Question Types Question Type # EASY # HARD % total what 
       23631    397 w  -            3.6 Reasoning Strategies                 | 3.6 Reasoning Strategies As a qualitative analysis, we manua
       25952    558 w  -            Section 4: Baseline Experiments / Sectio | 4 Baseline Experiments 4.1 Models Long-Context Models We exp
       29534    665 w  -            Section 4.2: Results and Analysis        | 4.2 Results and Analysis Table 6 shows model performance on 
       33485    313 w  -            Section 5: Related Work                  | 5 Related Work Rogers et al. (2021) survey the QA dataset ex
       35511    122 w  -            Section 6: Conclusion                    | 6 Conclusion We introduce the long-document QA dataset QuALI
    29 piece(s) after the end matter dropped

panickssery2024-self-preference.pdf  ok  pieces 20  dropped 4  tries 1  toc None  chunks 6  $0.009
    class published | title 'LLM Evaluators Recognize and Favor Their Own Generations' | author 'Arjun Panickssery 1 Samuel R. Bowman 2 3 Shi Feng 2' | date 2024-04-15 from 'arXiv:2404.13076v1  [cs.CL]  15 Apr 2024'
    body 109-32648 of 64196 (49% outside) | body_start 'Abstract' | end matter 'Acknowledgements'
    contents None .. None at None-None
         109    175 w  -            Abstract                                 | Abstract Self-evaluation using large language models (LLMs) 
        1261    579 w  -            Introduction                             | 1. Introduction Self-evaluation is becoming a prominent part
        5080    177 w  -            Definition and Measurement of Self-Prefe | 2. Definition and Measurement of Self-Preference and Self-Re
        6203    147 w  -            Datasets and Models                      | 2.1. Datasets and Models We focus on text summarization, a t
        7185    468 w  -            Measurements                             | 2.2. Measurements For both properties, we measure LLMs by pr
       10210    322 w  -            Out-of-the-Box Self-Recognition          | 2.3. Out-of-the-Box Self-Recognition Figure 2 (left) visuali
       12374    252 w  -            2.4. Out-of-the-Box Self-Preference      | 2.4. Out-of-the-Box Self-Preference The pairwise setting sho
       14097    126 w  -            2.5. Alternative Adjustment for Ordering | 2.5. Alternative Adjustment for Ordering Bias All three eval
       14998    163 w  -            3. Measuring Correlation between Self-Pr | 3. Measuring Correlation between Self-Preference and Self-Re
       16147    179 w  -            3.1. Fine-tuning for Self-Recognition    | 3.1. Fine-tuning for Self-Recognition We use supervised fine
       17264    207 w  -            3.2. Fine-Tuning Results                 | 3.2. Fine-Tuning Results For both detection and comparison t
       18685    161 w  -            3.3. Invalidating the Inverse Causal Rel | 3.3. Invalidating the Inverse Causal Relationship It’s impor
       19737    184 w  -            3.4. Controlling for Confounders         | 3.4. Controlling for Confounders To confirm that the fine-tu
       20932     96 w  -            3.5. Labeling the Source                 | 3.5. Labeling the Source An additional experiment using only
       21524    273 w  -            4. Related Work / 4.1. Self-Preference a | 4. Related Work 4.1. Self-Preference and Biases of Self-Eval
       23168    165 w  -            4.2. Self-recognition and situational aw | 4.2. Self-recognition and situational awareness Hoelscher-Ob
       24263    180 w  -            4.3. LLM detection                       | 4.3. LLM detection Detection of LLM-generated text is import
       25376    400 w  -            5. Limitations, Discussion, and Conclusi | 5. Limitations, Discussion, and Conclusion 5.1. Safety Conce
       28002    566 w  -            5.2. Limitations and Future Work         | 5.2. Limitations and Future Work Validation of the causal hy
       31863    106 w  -            5.3. Conclusions                         | 5.3. Conclusions We provide initial evidence towards the hyp
    4 piece(s) after the end matter dropped

park2023-generative-agents.pdf  ok  pieces 44  dropped 7  tries 2  toc None  chunks 11  $0.016
    class published | title 'Generative Agents: Interactive Simulacra of Human Behavior' | author 'Joon Sung Park' | date 2023-08-06 from 'arXiv:2304.03442v2  [cs.HC]  6 Aug 2023'
    body 850-96335 of 130371 (27% outside) | body_start 'ABSTRACT' | end matter 'REFERENCES'
    contents None .. None at None-None
         850    462 w  -            opening                                  | ABSTRACT Believable proxies of human behavior can empower in
        4058   1213 w  -            Introduction                             | 1 INTRODUCTION How might we craft an interactive artificial 
       12250     93 w  -            RELATED WORK                             | 2 RELATED WORK In this section, we reflect on the prior lite
       12844    299 w  -            Human-AI Interaction                     | 2.1 Human-AI Interaction Interactive artificial intelligence
       14870    799 w  -            Believable Proxies of Human Behavior     | 2.2 Believable Proxies of Human Behavior Prior literature ha
       20131    436 w  -            Large Language Models and Human Behavior | 2.3 Large Language Models and Human Behavior Generative agen
       22890    172 w  -            GENERATIVE AGENT BEHAVIOR AND INTERACTIO | 3 GENERATIVE AGENT BEHAVIOR AND INTERACTION To illustrate th
       24021    236 w  -            Agent Avatar and Communication           | 3.1 Agent Avatar and Communication A community of 25 unique 
       25407    338 w  -            Inter-Agent Communication                | 3.1.1 Inter-Agent Communication. The agents interact with th
       27482    156 w  -            User Controls                            | 3.1.2 User Controls. The user communicates with the agent th
       28361    423 w  -            Environmental Interaction                | 3.2 Environmental Interaction Smallville features the common
       30886    310 w  -            Example “Day in the Life”                | 3.3 Example “Day in the Life” Starting from the single-parag
       32581     34 w  -            Emergent Social Behaviors                | 3.4 Emergent Social Behaviors By interacting with each other
       32845    365 w  -            Information Diffusion                    | 3.4.1 Information Diffusion. As agents notice each other, th
       34906     99 w  -            Relationship Memory                      | 3.4.2 Relationship Memory. Agents in Smallville form new rel
       35505    288 w  -            Coordination                             | 3.4.3 Coordination. Generative agents coordinate with each o
       37286    311 w  -            Section 4: Generative Agent Architecture | 4 GENERATIVE AGENT ARCHITECTURE Generative agents aim to pro
       39371    833 w  -            Section 4.1: Memory and Retrieval        | 4.1 Memory and Retrieval Challenge: Creating generative agen
       44573    650 w  -            Section 4.2: Reflection                  | 4.2 Reflection Challenge: Generative agents, when equipped w
       48662    789 w  -            Planning and Reacting                    | 4.3 Planning and Reacting Challenge: While a large language 
       53173    299 w  -            Reacting and Updating Plans              | 4.3.1 Reacting and Updating Plans. Generative agents operate
       55035    392 w  -            Dialogue                                 | 4.3.2 Dialogue. Agents converse as they interact with each o
       57384    305 w  -            SANDBOX ENVIRONMENT IMPLEMENTATION       | 5 SANDBOX ENVIRONMENT IMPLEMENTATION The Smallville sandbox 
       59313    502 w  -            From Structured World Environments to Na | 5.1 From Structured World Environments to Natural Language, 
       62331    138 w  -            Chapter 6: CONTROLLED EVALUATION         | 6 CONTROLLED EVALUATION Generative agents, both as individua
       63296    456 w  -            Section 6.1: Evaluation Procedure        | 6.1 Evaluation Procedure To assess generative agents in Smal
       66241    429 w  -            Section 6.2: Conditions                  | 6.2 Conditions All conditions were used to independently ans
       69020    145 w  -            Section 6.3: Human Evaluators            | 6.3 Human Evaluators We required that our evaluators be in t
       69881    295 w  -            Section 6.4: Analysis                    | 6.4 Analysis Our experiment produced 100 sets of rank data, 
       71825     53 w  -            Section 6.5: Results                     | 6.5 Results Our findings suggest that the full architecture 
       72171    198 w  -            The Full Architecture Bests Other Condit | 6.5.1 The Full Architecture Bests Other Conditions. As seen 
       73467    486 w  -            Generative Agents Remember, but With Emb | 6.5.2 Generative Agents Remember, but With Embellishments. G
       76491    111 w  -            Reflection Is Required for Synthesis     | 6.5.3 Reflection Is Required for Synthesis. Reflection was a
       77223     55 w  -            END-TO-END EVALUATION                    | 7 END-TO-END EVALUATION What types of emergent community beh
       77570     37 w  -            Emergent Social Behaviors                | 7.1 Emergent Social Behaviors To examine emergent behaviors 
       77841    682 w  -            Measurements                             | 7.1.1 Measurements. Information diffusion is a common and we
       81843    248 w  -            Results                                  | 7.1.2 Results. We observed evidence of emergent outcomes acr
       83333    528 w  -            Boundaries and Errors                    | 7.2 Boundaries and Errors We conducted an inductive analysis
       86623     22 w  -            Discussion                               | 8 DISCUSSION In this section, we reflect on the applications
       86766    284 w  -            Applications of Generative Agents        | 8.1 Applications of Generative Agents Generative agents have
       88579    459 w  -            Future Work and Limitations              | 8.2 Future Work and Limitations In this work, we introduced 
       91757    458 w  -            Ethics and Societal Impact               | 8.3 Ethics and Societal Impact Generative agents, while offe
       94776    117 w  -            Conclusion                               | 9 CONCLUSION This paper introduces generative agents, intera
       95611    105 w  -            Acknowledgments                          | ACKNOWLEDGMENTS We thank Lindsay Popowski, Philip Guo, Micha
    7 piece(s) after the end matter dropped

petnehazi2025-hercules.pdf  ok  pieces 28  dropped 0  tries 1  toc None  chunks 5  $0.007
    class published | title 'HERCULES: Hierarchical Embedding-based Recursive\nClustering Using LLMs for Efficient Summarization' | author 'Gabor Petnehazi' | date 2025-09-03 from 'arXiv:2506.19992v2  [cs.LG]  3 Sep 2025'
    body 241-51399 of 55743 (8% outside) | body_start 'Abstract' | end matter 'References'
    contents None .. None at None-None
         241    214 w  -            Abstract                                 | Abstract The explosive growth of complex datasets across var
        1892    606 w  -            Chapter 1: Introduction                  | 1 Introduction Clustering, a fundamental task in unsupervise
        6240    626 w  -            Section 2: Related Work                  | 2 Related Work The development of Hercules intersects with a
       10684     54 w  -            Section 3: The Hercules Algorithm        | 3 The Hercules Algorithm Hercules constructs a hierarchy of 
       11050    306 w  -            Section 3.1: Input Data Preparation and  | 3.1 Input Data Preparation and Level 0 Initialization Hercul
       13035    161 w  -            Representation Generation                | 3.2 Representation Generation At each level i ≥0, clusters (
       14056    416 w  -            Hierarchical K-Means Clustering          | 3.3 Hierarchical K-Means Clustering The core clustering proc
       16634    507 w  -            LLM-Powered Cluster Summarization        | 3.4 LLM-Powered Cluster Summarization A core innovation of H
       19875     81 w  -            Topic-Guided Clustering                  | 3.5 Topic-Guided Clustering The optional topic seed paramete
       20420    122 w  -            Dimensionality Reduction                 | 3.6 Dimensionality Reduction Hercules supports dimensionalit
       21291    222 w  -            Evaluation Capabilities                  | 3.7 Evaluation Capabilities The Hercules Python package incl
       22858     39 w  -            Algorithm Pseudocode                     | 4 Algorithm Pseudocode This section provides the detailed ps
       23129     84 w  -            Algorithm 1 HERCULES (Main Procedure)    | Algorithm 1 HERCULES (Main Procedure) Require: D: Input data
       23688    128 w  -            Algorithm 2 Level 0 Initialization       | Algorithm 2 Level 0 Initialization 1: procedure InitializeLe
       24499    239 w  -            Algorithm 3 Hierarchical Clustering Loop | Algorithm 3 Hierarchical Clustering Loop 1: procedure Hierar
       25829     34 w  -            The pyhercules Python Package and Visual | 5 The pyhercules Python Package and Visualization Applicatio
       26086    196 w  -            5.1 Core Package Features                | 5.1 Core Package Features The package encapsulates the algor
       27460    637 w  -            5.2 Interactive Visualization Applicatio | 5.2 Interactive Visualization Application Beyond the core Py
       31653     47 w  -            6 Experimental Setup                     | 6 Experimental Setup To demonstrate the efficacy and versati
       31986     58 w  -            6.1 Dataset                              | 6.1 Dataset All experiments were conducted on the 20 Newsgro
       32400    117 w  -            6.2 Baselines and Comparisons            | 6.2 Baselines and Comparisons Hercules’s performance was com
       33257    366 w  -            6.3 Implementation Details               | 6.3 Implementation Details All experiments, including baseli
       35977     29 w  -            Chapter 7: Results and Discussion        | 7 Results and Discussion The experiments provide a multi-fac
       36198    273 w  -            Section 7.1: Performance Against Baselin | 7.1 Performance Against Baselines Table 1 presents the perfo
       38164    624 w  -            Section 7.2: Ablation Study of HERCULES  | 7.2 Ablation Study of HERCULES Configurations The factorial 
       42525    364 w  -            Section 7.3: Qualitative Analysis and In | 7.3 Qualitative Analysis and Interpretability Beyond quantit
       45121    532 w  -            Chapter 8: Conclusion and Future Work    | 8 Conclusion and Future Work We have presented Hercules, a n
       49127    356 w  -            Appendix A                               | A Annotated LLM Prompt Template Below is a generalized and a

pollertlam2026-beyond-context-window.pdf  ok  pieces 23  dropped 5  tries 1  toc None  chunks 5  $0.007
    class published | title 'Beyond the Context Window: A Cost-Performance Analysis of Fact-Based\nMemory vs. Long-Context LLMs for Persistent Agents' | author 'Natchanon Pollertlam1\nWitchayut Kornsuwannawit1' | date 2026-03-05 from 'arXiv:2603.04814v1  [cs.CL]  5 Mar 2026'
    body 230-37410 of 58351 (36% outside) | body_start 'Abstract' | end matter 'Acknowledgements'
    contents None .. None at None-None
         230    199 w  -            Abstract                                 | Abstract Persistent conversational AI systems face a choice 
        1638    479 w  -            Executive Summary                        | Executive Summary When people use an AI assistant over many 
        4516    456 w  -            Introduction                             | 1 Introduction As conversational AI assistants are deployed 
        7626    901 w  -            Related Work                             | 2 Related Work Long-context LLMs. Extending the effective co
       13906     46 w  -            Methodology                              | 3 Methodology We conducted a comparative study to evaluate t
       14234    203 w  -            Memory System Baseline (Mem0)            | 3.1 Memory System Baseline (Mem0) The memory-augmented basel
       15796     71 w  -            Long-context LLM                         | 3.2 Long-context LLM Aside from the memory system baseline, 
       16278     90 w  -            Experimental Datasets                    | 3.3 Experimental Datasets We evaluated the systems across th
       16920    180 w  -            Evaluation Metrics: LLM-as-a-Judge       | 3.4 Evaluation Metrics: LLM-as-a-Judge To assess the accurac
       18100     31 w  -            Cost-Performance Analysis Framework      | 3.5 Cost-Performance Analysis Framework The economic evaluat
       18308    107 w  -            Cost Equations                           | 3.5.1 Cost Equations The cost models incorporate Prompt Cach
       19002     39 w  -            Break-even Analysis                      | 3.5.2 Break-even Analysis We calculated the Break-even Point
       19283     36 w  -            Experimental Environment                 | 3.6 Experimental Environment All LLM and embedding API calls
       19538     43 w  -            Experiments and Results                  | 4 Experiments and Results We evaluate the memory system and 
       19802    232 w  -            Accuracy Results                         | 4.1 Accuracy Results Table 3 reports accuracy across the thr
       21415    215 w  -            Operational Cost Breakdown               | 4.2 Operational Cost Breakdown We measure the actual API cos
       22865    158 w  -            Cost Comparison by Interaction Volume    | 4.3 Cost Comparison by Interaction Volume The cost trade-off
       23875    306 w  -            Break-even Sensitivity Analysis          | 4.4 Break-even Sensitivity Analysis The break-even point NBE
       25729     98 w  -            Summary                                  | 4.5 Summary The experimental results highlight a clear ac- c
       26400    590 w  -            Discussion / Interpretation of Results   | 5 Discussion 5.1 Interpretation of Results The accuracy gap 
       30385    401 w  -            Limitations                              | 5.2 Limitations Single memory architecture. This study uses 
       33105    382 w  -            Practical Implications                   | 5.3 Practical Implications The break-even analysis provides 
       35902    204 w  -            Conclusions and Future Work              | 6 Conclusions and Future Work This paper compared a fact-bas
    5 piece(s) after the end matter dropped

pujara-getoor-2016-srer.pdf  ok  pieces 25  dropped 1  tries 1  toc None  chunks 4  $0.005
    class published | title 'Generic Statistical Relational Entity Resolution in Knowledge Graphs∗' | author 'Jay Pujara' | date 2016-07-04 from 'arXiv:1607.00992v1  [cs.AI]  4 Jul 2016'
    body 284-37910 of 41169 (9% outside) | body_start 'Abstract' | end matter 'References'
    contents None .. None at None-None
         284    157 w  -            Abstract                                 | Abstract Entity resolution, the problem of identifying the u
        1382    690 w  -            Introduction                             | Introduction Entity resolution has been a longstanding chal-
        6247     87 w  -            Problem Definition                       | Problem Deﬁnition Our discussion hints at the diversity of e
        6832    164 w  -            Ambiguity In Candidate Extractions       | Ambiguity In Candidate Extractions Knowledge graphs are comm
        7915    214 w  -            Adding New Extractions to a Knowledge Gr | Adding New Extractions to a Knowledge Graph A somewhat simpl
        9261    247 w  -            Combining Multiple Knowledge Graphs      | Combining Multiple Knowledge Graphs The ﬁnal knowledge graph
       10846    215 w  -            Approach                                 | Approach The crucial aspect that distinguishes knowledge gra
       12300    228 w  -            Local and Collective Knowledge Graph Fea | Local and Collective Knowledge Graph Features As motivated e
       13812    286 w  -            Knowledge Graph Models at Different Gran | Knowledge Graph Models at Different Granularity In this sect
       15655    278 w  -            Modeling Knowledge Graph Entity Resoluti | Modeling Knowledge Graph Entity Resolution Basic Features Ru
       17561    129 w  -            Rules for Collective Features            | Rules for Collective Features The collective basic features 
       18462    133 w  -            New Entity Features / Rules for Local Fe | New Entity Features Rules for Local Features In problem sett
       19321     64 w  -            Rules for Collective Features            | Rules for Collective Features While a prior can be helpful, 
       19700    144 w  -            Abstract Knowledge Graph Features        | Abstract Knowledge Graph Features Abstract knowledge graph f
       20664    216 w  -            Rules for Local Features                 | Rules for Local Features Knowledge graph entities have assoc
       22157    185 w  -            Rules for Collective Features            | Rules for Collective Features The collective abstract knowle
       23417    118 w  -            Domain-Speciﬁc Knowledge Graph Features  | Domain-Speciﬁc Knowledge Graph Features While abstract knowl
       24185    200 w  -            Rules for Local Features                 | Rules for Local Features One example of a domain rule that s
       25452    144 w  -            Rules for Collective Features            | Rules for Collective Features Similarly, domain experts can 
       26364    290 w  -            Synthesis                                | Synthesis The previous section introduced a number of rules 
       28292     77 w  -            Evaluation                               | Evaluation We evaluate our knowledge graph entity resolution
       28871    657 w  -            NELL                                     | NELL NELL extracts a series of facts from text, and uses a s
       32987    556 w  -            MusicBrainz and Freebase                 | MusicBrainz and Freebase The second dataset for entity resol
       36568    129 w  -            Discussion                               | Discussion The growing importance of knowledge graphs has re
       37426     71 w  -            Acknowledgements                         | Acknowledgements This manuscript is an adaptation of a chapt
    1 piece(s) after the end matter dropped

raghunathan2010-multipass-sieve.pdf  ok  pieces 21  dropped 0  tries 1  toc None  chunks 4  $0.005
    class published | title 'A Multi-Pass Sieve for Coreference Resolution' | author 'Karthik Raghunathan, Heeyoung Lee, Sudarshan Rangarajan, Nathanael Chambers,\nMihai Surdeanu, Dan Jurafsky, Christopher Manning' | date None from None
    body 307-36638 of 40163 (10% outside) | body_start 'Abstract' | end matter 'Acknowledgments'
    contents None .. None at None-None
         307    188 w  -            Abstract                                 | Abstract Most coreference resolution models determine if two
        1504    532 w  -            Chapter 1: Introduction                  | 1 Introduction Recent work on coreference resolution has sho
        4993    302 w  -            Chapter 2: Related Work                  | 2 Related Work This work builds upon the recent observation 
        6990     89 w  -            Chapter 3: Description of the Task       | 3 Description of the Task Intra-document coreference resolut
        7577    235 w  -            Section 3.1: Corpora                     | 3.1 Corpora We used the following corpora for development an
        9055    116 w  -            Section 3.2: Evaluation Metrics          | 3.2 Evaluation Metrics We use three evaluation metrics widel
        9725     35 w  -            Chapter 4: Description of the Multi-Pass | 4 Description of the Multi-Pass Sieve Our sieve framework is
        9954    898 w  -            Section 4.1: Mention Processing          | 4.1 Mention Processing Given a mention mi, each model may ei
       15590     41 w  -            The Modules of the Multi-Pass Sieve      | 4.2 The Modules of the Multi-Pass Sieve We now describe the 
       15818     45 w  -            Pass 1 - Exact Match                     | 4.2.1 Pass 1 - Exact Match This model links two mentions onl
       16090    473 w  -            Pass 2 - Precise Constructs              | 4.2.2 Pass 2 - Precise Constructs This model links two menti
       18894    487 w  -            Pass 3 - Strict Head Matching            | 4.2.3 Pass 3 - Strict Head Matching Linking a mention to an 
       21778     81 w  -            Passes 4 and 5 - Variants of Strict Head | 4.2.4 Passes 4 and 5 - Variants of Strict Head Passes 4 and 
       22260    104 w  -            Pass 6 - Relaxed Head Matching           | 4.2.5 Pass 6 - Relaxed Head Matching This pass relaxes the c
       22897    347 w  -            Pass 7 - Pronouns                        | 4.2.6 Pass 7 - Pronouns With one exception (Pass 2), all the
       24981    308 w  -            Experimental Results                     | 5 Experimental Results We present the results of our approac
       26897    246 w  -            Discussion / Comparison to Previous Work | 6 Discussion 6.1 Comparison to Previous Work The sieve model
       28446    519 w  -            Semantic Head Matching                   | 6.2 Semantic Head Matching Recent unsupervised coreference w
       31441    148 w  -            Flexible Architecture                    | 6.3 Flexible Architecture The sieve architecture offers bene
       32359    514 w  -            Error Analysis                           | 6.4 Error Analysis Pronominal Nominal Proper Total Pronomina
       35438    183 w  -            Conclusion                               | 7 Conclusion We presented a simple deterministic approach to

rakg-2025.pdf  ok  pieces 18  dropped 0  tries 2  toc None  chunks 4  $0.007
    class published | title 'RAKG:Document-level Retrieval Augmented Knowledge Graph\nConstruction' | author 'Hairong Zhang1,2, Jiaheng Si1,3, Guohang Yan†1, Boyuan Qi4, Pinlong Cai1,\nSong Mao1, Ding Wang1, Botian Shi1' | date 2025-04-14 from 'arXiv:2504.09823v1  [cs.IR]  14 Apr 2025'
    body 178-34030 of 40321 (16% outside) | body_start 'Abstract— With the rise of knowledge graph based retrieval-' | end matter 'REFERENCES'
    contents None .. None at None-None
         178    225 w  -            Abstract                                 | Abstract— With the rise of knowledge graph based retrieval- 
        1848    774 w  -            I. INTRODUCTION                          | I. INTRODUCTION With the development of LLMs [1], their rema
        7433    162 w  -            II. RELATED WORKS                        | II. RELATED WORKS Traditional KGC methods rely on expert sys
        8588    161 w  -            A. Named Entity Recognition              | A. Named Entity Recognition NER (Named Entity Recognition) i
        9762    152 w  -            B. Coreference Resolution                | B. Coreference Resolution Coreference resolution is a key ta
       10895    270 w  -            C. Relation Extraction                   | C. Relation Extraction Relation extraction is a core task in
       12693    120 w  -            D. Retrieval-Augmented Generation        | D. Retrieval-Augmented Generation Due to the lengthy documen
       13568     45 w  -            III. METHOD                              | III. METHOD We have developed a document-level knowledge gra
       13870    167 w  -            A. Problem Formulation                   | A. Problem Formulation Given a document D, we assume the exi
       14724    216 w  -            B. Knowledge Base Vectorization          | B. Knowledge Base Vectorization 1) Document Chunking and Vec
       16122    269 w  -            C. Pre-Entity Construction               | C. Pre-Entity Construction 1) Entity Recognition and Vectori
       17860    143 w  -            D. Relationship Network Construction     | D. Relationship Network Construction 1) Corpus Retrospective
       18839     73 w  -            E. Knowledge Graph Fusion                | E. Knowledge Graph Fusion 1) Entity Merging: Entities in the
       19293     23 w  -            IV. EXPERIENCE                           | IV. EXPERIENCE To comprehensively evaluate the performance o
       19449    727 w  -            A. Experimental Settings                 | A. Experimental Settings 1) Dataset: The MINE dataset contai
       24219    919 w  -            B. Experimental Results                  | B. Experimental Results We conducted experiments on the MINE
       30354    425 w  -            V. CASE STUDY                            | V. CASE STUDY In the case study, we used an article titled ”
       33351     87 w  -            VI. CONCLUSION                           | VI. CONCLUSION In this paper, we propose a novel document-le

rasmussen2025-zep.pdf  ok  pieces 23  dropped 0  tries 1  toc None  chunks 4  $0.005
    class published | title 'ZEP: A TEMPORAL KNOWLEDGE GRAPH ARCHITECTURE FOR\nAGENT MEMORY' | author 'Preston Rasmussen' | date 2025-01-20 from 'arXiv:2501.13956v1  [cs.CL]  20 Jan 2025'
    body 299-36788 of 41704 (13% outside) | body_start 'ABSTRACT' | end matter 'References'
    contents None .. None at None-None
         299    207 w  -            ABSTRACT                                 | ABSTRACT We introduce Zep, a novel memory layer service for 
        1916    384 w  -            Introduction                             | 1 Introduction The impact of transformer-based large languag
        4575    348 w  -            Knowledge Graph Construction             | 2 Knowledge Graph Construction In Zep, memory is powered by 
        6991    296 w  -            Episodes                                 | 2.1 Episodes Zep’s graph construction begins with the ingest
        8995    238 w  -            Semantic Entities and Facts / Entities   | 2.2 Semantic Entities and Facts 2.2.1 Entities ntity extract
       10664    119 w  -            Facts                                    | 2.2.2 Facts or each fact containing its key predicate. Impor
       11493    237 w  -            Temporal Extraction and Edge Invalidatio | 2.2.3 Temporal Extraction and Edge Invalidation A key differ
       13148    248 w  -            Communities                              | 2.3 Communities After establishing the episodic and semantic
       14911    333 w  -            Memory Retrieval                         | 3 Memory Retrieval The memory retrieval system in Zep provid
       16824    285 w  -            Search                                   | 3.1 Search Zep implements three search functions: cosine sem
       18934    136 w  -            Reranker                                 | 3.2 Reranker While the initial search methods aim to achieve
       19923    172 w  -            Experiments                              | 4 Experiments This section analyzes two experiments conducte
       21178    133 w  -            Choice of models                         | 4.1 Choice of models Our experimental implementation employs
       22214    353 w  -            Deep Memory Retrieval (DMR)              | 4.2 Deep Memory Retrieval (DMR) The Deep Memory Retrieval ev
       24866    186 w  2024         4.3 LongMemEval (LME)                    | 4.3 LongMemEval (LME) We evaluated Zep using the LongMemEval
       26313     92 w  ~2024        4.3.1 LongMemEval and MemGPT             | 4.3.1 LongMemEval and MemGPT To establish a comparative benc
       26955    323 w  ~2024        4.3.2 LongMemEval results                | 4.3.2 LongMemEval results Zep demonstrates substantial impro
       29427    301 w  ~2024        5 Conclusion                             | 5 Conclusion We have introduced Zep, a graph-based approach 
       31730    129 w  ~2024        6 Appendix / 6.1 Graph Construction Prom | 6 Appendix 6.1 Graph Construction Prompts 6.1.1 Entity Extra
       32586    134 w  ~2024        6.1.2 Entity Resolution                  | 6.1.2 Entity Resolution <PREVIOUS MESSAGES> {previous_messag
       33472     97 w  ~2024        6.1.3 Fact Extraction                    | 6.1.3 Fact Extraction <PREVIOUS MESSAGES> {previous_messages
       34205     98 w  ~2024        6.1.4 Fact Resolution                    | 6.1.4 Fact Resolution Given the following context, determine
       34830    312 w  ~2024        6.1.5 Temporal Extraction                | 6.1.5 Temporal Extraction <PREVIOUS MESSAGES> {previous_mess

reveriemem-2026.pdf  ok  pieces 18  dropped 6  tries 1  toc None  chunks 5  $0.007
    class published | title 'STAYING IN CHARACTER: PERSPECTIVE-BOUNDED MEMORY\nFOR BOOK-BASED ROLE-PLAYING AGENTS' | author 'Xushuo Tang1*\nJunhe Zhang1*\nZihan Yang3\nYifu Tang4\nSichao Li2\nLongbin Lai5\nZhengyi Yang2' | date 2026-06-24 from 'arXiv:2606.25632v1  [cs.CL]  24 Jun 2026'
    body 453-34792 of 57142 (40% outside) | body_start 'ABSTRACT' | end matter 'References'
    contents None .. None at None-None
         453    144 w  -            opening                                  | ABSTRACT Recent LLM role-playing systems build character age
        1589    787 w  -            Introduction                             | 1 Introduction “The divine gift does not come from a higher 
        7149    239 w  -            Related Work / Role Playing Agents       | 2 Related Work 2.1 Role Playing Agents Role-playing agents t
        8817    171 w  -            RAG & Memory for Narrative Reasoning     | 2.2 RAG & Memory for Narrative Reasoning Memory determines w
        9965    106 w  -            REVERIEMEM                               | 3 REVERIEMEM In this section we present REVERIEMEM, a perspe
       10716    454 w  -            Overview                                 | 3.1 Overview REVERIEMEM builds on two cognitive principles: 
       13962    466 w  -            3.2 Bounded Three-Layer Memory           | 3.2 Bounded Three-Layer Memory Following the episodic–semant
       17107    395 w  -            3.3 Source-to-Memory                     | 3.3 Source-to-Memory The three memory layers are constructed
       19869    582 w  -            3.4 Inference Pipeline                   | 3.4 Inference Pipeline REVERIEMEM’s inference pipeline reali
       23774    268 w  -            4 Knowledge Boundary Benchmark           | 4 Knowledge Boundary Benchmark We construct KBF-QA, a multip
       25430     38 w  -            5 Experiments                            | 5 Experiments We evaluate REVERIEMEM on two tasks over the s
       25728    107 w  -            5.1 Evaluation Metrics                   | 5.1 Evaluation Metrics Boundary task. On KBF-QA,We report th
       26465    208 w  -            5.2 Experimental Setup                   | 5.2 Experimental Setup Boundary task. All methods are evalua
       27929    413 w  -            5.3 Main Results                         | 5.3 Main Results Knowledge-boundary fidelity. Table 1 report
       30361    148 w  -            5.4 Ablation Study                       | 5.4 Ablation Study Boundary ablation. Table 2 reports bounda
       31323    224 w  -            5.5 Discussion                           | 5.5 Discussion The two tasks share a single architectural ex
       32792     99 w  -            6 Conclusion                             | 6 Conclusion We propose REVERIEMEM, a three-layer memory arc
       33534    163 w  -            Limitations                              | Limitations Perspective stress tests. REVERIEMEM and KBF-QA 
    6 piece(s) after the end matter dropped

rezazadeh2025-collaborative-memory.pdf  FLAGGED  pieces 16  dropped 27  tries 2  toc 24  chunks 9  $0.015
    class published | title 'Collaborative Memory: Multi-User Memory Sharing\nin LLM Agents with Dynamic Access Control' | author 'Alireza Rezazadeh\nZichao Li\nAnge Lou\nYuying Zhao\nWei Wei\nYujia Bao' | date 2025-05-23 from 'arXiv:2505.18279v1  [cs.MA]  23 May 2025'
    body 324-33457 of 107266 (69% outside) | body_start 'Abstract' | end matter 'Disclaimer'
    contents 'Appendix Arrangement' .. '– Section § E.4: Raw performance data and complete access matrix under different access graph' at 39115-40759
         324    189 w  -            Abstract                                 | Abstract Complex tasks are increasingly delegated to ensembl
        1873    861 w  -            Introduction                             | 1 Introduction The theory of Distributed Cognition [8] posit
        8273    587 w  -            Related Work                             | 2 Related Work Long-term memory for single LLM agents. Early
       12630    131 w  -            Collaborative Memory                     | 3 Collaborative Memory Large-scale, multi-user applications 
       13566    175 w  -            Setup and Dynamic Access Graphs          | 3.1 Setup and Dynamic Access Graphs Let U, A, and R denote t
       14493    256 w  -            Memory Tiers and Provenance              | 3.2 Memory Tiers and Provenance We let M denote the set of a
       16031    149 w  -            Read from the Collaborative Memory       | 3.3 Read from the Collaborative Memory At each timestep t, u
       16875    131 w  -            Write to the Collaborative Memory        | 3.4 Write to the Collaborative Memory Upon producing an outp
       17785     79 w  -            Granularity and Dynamics                 | Granularity and Dynamics Both the read policy πread u,a,t an
       18279    361 w  -            Implementation Details                   | 4 Implementation Details Models All LLM-based components—the
       20956    284 w  -            Experimental Evaluation                  | 5 Experimental Evaluation We evaluate our framework under th
       22977    227 w  -            Scenario 1: Fully Collaborative Memory   | 5.1 Scenario 1: Fully Collaborative Memory Cross-user collab
       24680    340 w  -            Scenario 2: Asymmetric Collaborative Mem | 5.2 Scenario 2: Asymmetric Collaborative Memory Partial coll
       26931    310 w  -            Scenario 3: Dynamically Evolving Collabo | 5.3 Scenario 3: Dynamically Evolving Collaborative Memory Ad
       28980    948 w  -            Limitations                              | 6 Limitations Collaborative Memory offers a powerful and fle
       32822     77 w  -            Conclusions                              | 7 Conclusions In this paper, we drew on Distributed Cognitio
    MISSING 'A'
    27 piece(s) after the end matter dropped

rezazadeh2025-memtree.pdf  ok  pieces 13  dropped 39  tries 1  toc None  chunks 9  $0.014
    class published | title 'FROM ISOLATED CONVERSATIONS TO HIERARCHICAL\nSCHEMAS: DYNAMIC TREE MEMORY REPRESENTA-\nTION FOR LLMS' | author 'Alireza Rezazadeh, Zichao Li, Wei Wei, Yujia Bao' | date 2025 from 'Published as a conference paper at ICLR 2025'
    body 291-38866 of 104042 (63% outside) | body_start 'ABSTRACT' | end matter 'Ethical Statement'
    contents None .. None at None-None
         291    173 w  -            Abstract                                 | ABSTRACT Recent advancements in large language models have s
        1637    923 w  -            Chapter 1: Introduction                  | 1 INTRODUCTION Despite recent advances in large language mod
        7811    512 w  -            Chapter 2: Related Work                  | 2 Published as a conference paper at ICLR 2025 2 RELATED WOR
       11517    277 w  -            Chapter 3: Method                        | 3 METHOD MemTree represents memory as a tree T = (V, E), whe
       13199    725 w  -            3.1 MEMORY UPDATE                        | 3.1 MEMORY UPDATE The memory update procedure in MemTree is 
       17942    159 w  -            3.2 MEMORY RETRIEVAL                     | 3.2 MEMORY RETRIEVAL Efficient and effective retrieval of re
       19059    398 w  -            4 EXPERIMENTS / 4.1 DATASETS             | 4 EXPERIMENTS 4.1 DATASETS We evaluate the effectiveness of 
       21903    540 w  -            4.2 BASELINES                            | 4.2 BASELINES We compare MemTree with various baseline metho
       25658    146 w  -            4.3 IMPLEMENTATION DETAILS AND EVALUATIO | 4.3 IMPLEMENTATION DETAILS AND EVALUATION METRICS Following 
       26606    369 w  -            5 RESULTS / 5.1 MULTI-SESSION CHAT       | 5 RESULTS 5.1 MULTI-SESSION CHAT 15-round dialogue We presen
       28993    159 w  -            5.2 SINGLE-DOCUMENT QUESTION ANSWERING   | 5.2 SINGLE-DOCUMENT QUESTION ANSWERING Table 3 presents the 
       30098   1217 w  -            5.3 MULTI-DOCUMENT QUESTION ANSWERING    | 5.3 MULTI-DOCUMENT QUESTION ANSWERING Table 4 summarizes the
       38091    104 w  -            Conclusion                               | 6 CONCLUSION MemTree effectively addresses the long-term mem
    39 piece(s) after the end matter dropped

rossi2021-kg-embedding.pdf  ok  pieces 42  dropped 1  tries 2  toc None  chunks 12  $0.020
    class published | title 'Knowledge Graph Embedding for Link Prediction: A Comparative Analysis' | author 'ANDREA ROSSI, Roma Tre University\nDONATELLA FIRMANI, Roma Tre University\nANTONIO MATINATA, Roma Tre University\nPAOLO MERIALDO, Roma Tre University\nDENILSON BARBOSA, University of Alberta' | date 2021-01-21 from 'arXiv:2002.00819v4  [cs.LG]  21 Jan 2021'
    body 257-115516 of 139941 (18% outside) | body_start 'Knowledge Graphs (KGs) have found many applications in industry and academic settings, which in turn, have motivated considerable' | end matter 'ACKNOWLEDGMENTS'
    contents None .. None at None-None
         257    221 w  -            opening                                  | Knowledge Graphs (KGs) have found many applications in indus
        1760    815 w  -            Introduction                             | 1 INTRODUCTION Knowledge Graphs (KGs) are structured represe
        7056   1447 w  -            The Link Prediction Problem              | 2 THE LINK PREDICTION PROBLEM This section provides a detail
       15676    277 w  -            Overview of Link Prediction Techniques   | 3 OVERVIEW OF LINK PREDICTION TECHNIQUES In this section we 
       17429    235 w  -            Tensor Decomposition Models              | 3.1 Tensor Decomposition Models Models in this family interp
       18876    392 w  -            Bilinear Models                          | 3.1.1 Bilinear Models. Given the head embedding 𝒉∈R𝑑and the 
       21431    231 w  -            Non-bilinear Models                      | 3.1.2 Non-bilinear Models. These models combine the head, re
       22905    181 w  -            Geometric Models                         | 3.2 Geometric Models Geometric Models interpret relations as
       24092    141 w  -            Pure Translational Models                | 3.2.1 Pure Translational Models. These models interpret each
       24998    223 w  -            Translational models with Additional Emb | 3.2.2 Translational models with Additional Embeddings. These
       26517    215 w  -            Roto-Translational Models                | 3.2.3 Roto-Translational Models. These models include operat
       27924    206 w  -            Deep Learning Models                     | 3.3 Deep Learning Models Deep Learning Models use deep neura
       29259    374 w  -            Convolutional Neural Networks            | 3.3.1 Convolutional Neural Networks. These models use one or
       31487    205 w  -            Capsule Neural Networks                  | 3.3.2 Capsule Neural Networks. Capsule networks (CapsNets) a
       32739    203 w  -            Recurrent Neural Networks (RNNs)         | 3.3.3 Recurrent Neural Networks (RNNs). These models employ 
       33948     32 w  -            METHODOLOGY                              | 4 METHODOLOGY In this section we describe the implementation
       34156    692 w  -            Datasets                                 | 4.1 Datasets Datasets for benchmarking LP are usually obtain
       38603    191 w  -            Section 4.2: Efficiency Analysis         | 4.2 Efficiency Analysis For each model, we consider two main
       39809    168 w  -            Section 4.3: Effectiveness Analysis      | 4.3 Effectiveness Analysis We analyze the effectiveness of L
       40874    408 w  -            Section 4.3.1: Number of Peers           | 4.3.1 Number of Peers. • head peers: the set of entities {ℎ′
       43296   1348 w  -            Section 4.3.2: Relational Path Support   | 4.3.2 Relational Path Support. In any KG a path is a sequenc
       51568    592 w  -            Relation Properties                      | 4.3.3 Relation Properties. Depending on their semantics, rel
       55392    653 w  -            Reified Relations                        | 4.3.4 Reified Relations. Some KGs support relations with car
       59304     21 w  -            Experimental Results                     | 5 EXPERIMENTAL RESULTS In this section we provide a detailed
       59433     51 w  -            Experimental set-up                      | 5.1 Experimental set-up In this section we provide a brief o
       59717     62 w  -            Environment                              | 5.1.1 Environment. All of our experiments, as well as the tr
       60142    626 w  -            Training procedures                      | 5.1.2 Training procedures. We have trained and evaluated fro
       63990    711 w  -            Evaluation Metrics                       | 5.1.3 Evaluation Metrics. When it comes to evaluate the pred
       68147    323 w  -            Baseline                                 | 5.1.4 Baseline. As a baseline we use AnyBURL [37], a popular
       70010    431 w  -            Efficiency                               | 5.2 Efficiency In this section we report our results regardi
       72667     21 w  -            5.3 Effectiveness                        | 5.3 Effectiveness In this section we report our results rega
       72805    457 w  -            5.3.1 Peer Analysis                      | 5.3.1 Peer Analysis. Our goal in this experiment is to analy
       75623    771 w  -            5.3.2 Relational Path Support            | 5.3.2 Relational Path Support. Our goal in this experiment i
       80074   1323 w  -            5.3.3 Relation Properties                | 5.3.3 Relation Properties. Our goal in this experiment is to
       87427    671 w  -            Section 5.4: Reified Relation Degree     | 5.4 Reified Relation Degree Our goal in this experiment is t
       91460   1691 w  -            Section 5.4.1: Sensitivity to tie policy | 5.4.1 Sensitivity to tie policy. We have observed that a few
      101336     45 w  -            6 KEY TAKEAWAYS AND RESEARCH DIRECTIONS  | 6 KEY TAKEAWAYS AND RESEARCH DIRECTIONS In this section we s
      101629    400 w  -            6.1 Effect of the design choices         | 6.1 Effect of the design choices We discuss here comprehensi
      104309    598 w  -            6.2 The importance of the graph structur | 6.2 The importance of the graph structure We have shown cons
      108029    164 w  -            The importance of tie policies           | 6.3 The importance of tie policies We report that difference
      109082    831 w  -            RELATED WORKS                            | 7 RELATED WORKS Works related to ours can be roughly divided
      114518    144 w  -            CONCLUSIONS                              | 8 CONCLUSIONS In this work we have presented the first exten
    1 piece(s) after the end matter dropped

rost2021-bitemporal-property-graphs.pdf  ok  pieces 19  dropped 0  tries 2  toc None  chunks 5  $0.009
    class published | title 'Bitemporal Property Graphs to Organize\nEvolving Systems' | author 'Christopher Rost1,2[0000−0003−4217−9312], Philip Fritzsche1,4, Lucas Schons1,2,\nMaximilian Zimmer1, Dieter Gawlick3[0000−0002−7882−0565], and\nErhard Rahm1,2[0000−0002−2665−1114]' | date 2021-11-26 from 'arXiv:2111.13499v1  [cs.DB]  26 Nov 2021'
    body 711-47968 of 53574 (12% outside) | body_start 'Abstract. This work is a summarized view on the results of a one-' | end matter 'References'
    contents None .. None at None-None
         711    135 w  -            opening                                  | Abstract. This work is a summarized view on the results of a
        1572    522 w  -            Chapter 1: Introduction                  | 1 Introduction The main goal of the project was to research 
        4831    356 w  -            Chapter 2: Related work                  | 2 Related work A prominent graph model is the Property Graph
        7106    652 w  -            Chapter 3: TPGM+: A bitemporal property  | 3 TPGM+: A bitemporal property graph model A property graph 
       10981     34 w  -            Chapter 4: T-PGQL: A temporal graph quer | 4 T-PGQL: A temporal graph query language We will now have a
       11180    364 w  -            Section 4.1: Preliminary: PGQL - A (Non- | 4.1 Preliminary: PGQL - A (Non-temporal) Graph Query Languag
       13470     90 w  -            4.2 Extensions of PGQL to Query TPGM+ Gr | 4.2 Extensions of PGQL to Query TPGM+ Graphs In current grap
       14012    446 w  -            Access of Temporal Attributes            | Access of Temporal Attributes Our data model tracks changes 
       16907    741 w  -            Temporal Filtering and Chronological Pat | Temporal Filtering and Chronological Pattern Matching Graphs
       21791    722 w  -            Graph Snapshot Retrieval and Historical  | Graph Snapshot Retrieval and Historical Pattern Matching T-P
       26143    229 w  -            Bitemporal Queries                       | Bitemporal Queries A TPGM graph has both a managed transacti
       27588    364 w  -            Query the Evolution of a Property        | Query the Evolution of a Property Every vertex and edge can 
       30327    212 w  -            Section 4.3: Aggregations                | 4.3 Aggregations An aggregate function allows performing a c
       31983    836 w  -            Chapter 5: CGN: Event detection through  | 5 CGN: Event detection through Continuous Graph Notiﬁcations
       36807    180 w  -            Chapter 6: BiTeGra: A bitemporal graph m | 6 BiTeGra: A bitemporal graph management system With the dev
       38044    110 w  -            6.1 Graph Modiﬁcations                   | 6.1 Graph Modiﬁcations A graph modiﬁcation API provides an i
       38764   1161 w  -            6.2 Schema mapping: Graph to Table and v | 6.2 Schema mapping: Graph to Table and vice versa One import
       45547    299 w  -            6.3 Graph Querying                       | 6.3 Graph Querying To query a TPGM+ graph that is stored in 
       47367     95 w  -            7 Summary                                | 7 Summary We presented a summary of our cooperation outcomes

salemi2026-blackboard-llm.pdf  ok  pieces 21  dropped 16  tries 1  toc 7  chunks 14  $0.018
    class published | title 'LLM-based Multi-Agent Blackboard System for\nInformation Discovery in Data Science' | author 'Alireza Salemi†1, Mihir Parmar2, Palash Goyal2, Yiwen Song2, Jinsung Yoon2, Hamed Zamani1, Tomas\nPfister∗2 and Hamid Palangi∗2' | date 2026-01-31 from 'arXiv:2510.01285v2  [cs.MA]  31 Jan 2026'
    body 282-44154 of 159689 (73% outside) | body_start 'Advances in large language models (LLMs) have created new opportunities in data science, but their' | end matter 'References'
    contents 'Table of Contents' .. 'G Example IDs for Filtered Datasets' at 60732-60919
         282    206 w  -            opening                                  | Advances in large language models (LLMs) have created new op
        1721   1251 w  -            Chapter 1: Introduction                  | 1. Introduction The recent developments in LLMs have introdu
       10267    179 w  -            Chapter 2: Problem Formulation           | 2. Problem Formulation Let 𝔻= {𝑑𝑖}𝑁 𝑖=1 denote a data lake c
       11413    187 w  -            Chapter 3: LLM-based Multi-Agent Blackbo | 3. LLM-based Multi-Agent Blackboard System This section intr
       12680    227 w  -            Overview                                 | Overview: An overview of our method is presented in Figure 1
       14100    214 w  -            Clustering Data Lake                     | Clustering Data Lake: There are different methods for partit
       15530    434 w  -            Section 3.1: Main Agent                  | 3.1. Main Agent The primary role of the main agent is to sol
       18208    575 w  -            Section 3.2: Helper Agents               | 3.2. Helper Agents In a data science, information discovery 
       21766    345 w  -            Section 4: Experiments / Section 4.1: Ex | 4. Experiments 4.1. Experimental Setup Benchmarks: To the be
       24003    103 w  -            Inference Setup                          | Inference Setup: We set the maximum actions of the main agen
       24658    287 w  -            Baselines                                | Baselines: To evaluate our method against alternative approa
       26387    491 w  -            4.2. Empirical Findings / Main Results   | 4.2. Empirical Findings Main Results: We conduct experiments
       29846    139 w  -            File Discovery Performance               | File Discovery Performance: To analyze the effectiveness of 
       30740    298 w  -            Effect of Number of Main Agent’s Actions | Effect of Number of Main Agent’s Actions on Performance: To 
       32705    126 w  -            Effect of Search Agent on Performance    | Effect of Search Agent on Performance: We observed the LLM s
       33570    221 w  -            Scalability Comparison between Blackboar | Scalability Comparison between Blackboard and Master–Slave S
       35086    177 w  -            Runtime and Cost Analysis                | Runtime and Cost Analysis: To characterize the efficiency–co
       36317    170 w  -            Effect of Clustering Strategy and Number | Effect of Clustering Strategy and Number of Clusters on Perf
       37437    229 w  -            Case Studies                             | Case Studies: To qualitatively analyze the blackboard system
       39069    497 w  -            5. Related Work                          | 5. Related Work Detailed related work is discussed in Append
       42577    216 w  -            6. Conclusions & Future Work             | 6. Conclusions & Future Work We addressed the critical chall
    16 piece(s) after the end matter dropped

sarthi2024-raptor.pdf  ok  pieces 12  dropped 17  tries 1  toc None  chunks 7  $0.009
    class published | title 'RAPTOR: RECURSIVE ABSTRACTIVE PROCESSING\nFOR TREE-ORGANIZED RETRIEVAL' | author 'Parth Sarthi, Salman Abdullah, Aditi Tuli, Shubh Khanna, Anna Goldie, Christopher D. Manning' | date 2024-01-31 from 'arXiv:2401.18059v1  [cs.CL]  31 Jan 2024'
    body 252-34324 of 77200 (56% outside) | body_start 'ABSTRACT' | end matter 'REFERENCES'
    contents None .. None at None-None
         252    141 w  -            Abstract                                 | ABSTRACT Retrieval-augmented language models can better adap
        1288    669 w  -            Chapter 1: INTRODUCTION                  | 1 INTRODUCTION Large Language Models (LLMs) have emerged as 
        5481    608 w  -            Chapter 2: RELATED WORK                  | 2 RELATED WORK Why Retrieval? Recent advances in hardware an
        9681    825 w  -            Chapter 3: METHODS                       | 3 METHODS Overview of RAPTOR Building on the idea that long 
       15120    138 w  -            Model-Based Summarization                | Model-Based Summarization After clustering the nodes using G
       16046    903 w  -            Querying                                 | Querying In this section, we elaborate on the two querying m
       21547     95 w  -            Qualitative Study                        | Qualitative Study We conduct a qualitative analysis to under
       22200    239 w  -            4 EXPERIMENTS / Datasets                 | 4 EXPERIMENTS Datasets We measure RAPTOR’s performance acros
       23834   1000 w  -            Controlled Baseline Comparisons          | Controlled Baseline Comparisons We first present controlled 
       30176    439 w  -            4.1 CONTRIBUTION OF THE TREE STRUCTURE   | 4.1 CONTRIBUTION OF THE TREE STRUCTURE We examine the contri
       32922    101 w  -            5 CONCLUSION                             | 5 CONCLUSION In this paper, we have presented RAPTOR, a nove
       33661     99 w  -            6 REPRODUCIBILITY STATEMENT              | 6 REPRODUCIBILITY STATEMENT Language Models for QA and Summa
    17 piece(s) after the end matter dropped

shu2026-tracemem.pdf  ok  pieces 22  dropped 0  tries 1  toc None  chunks 4  $0.006
    class published | title 'TraceMem: Weaving Narrative Memory Schemata from User\nConversational Traces' | author 'Yiming Shu' | date 2026-02-10 from 'arXiv:2602.09712v1  [cs.CL]  10 Feb 2026'
    body 603-38920 of 49034 (22% outside) | body_start 'Abstract' | end matter 'References'
    contents None .. None at None-None
         603    230 w  -            Abstract                                 | Abstract Sustaining long-term interactions remains a bottlen
        2404   1005 w  -            Introduction                             | 1 Introduction Despite broad competencies, Large Language Mo
        9732    243 w  -            Related Works / From Long Context to Mem | 2 Related Works 2.1 From Long Context to Memory Systems Whil
       11520    187 w  -            Cognitive-Inspired Memory Architectures  | 2.2 Cognitive-Inspired Memory Architectures Current research
       12917     31 w  -            TraceMem                                 | 3 TraceMem This section outlines the architectural workflow,
       13139     54 w  -            Section 3.1: Short-Term Memory Processin | 3.1 Short-Term Memory Processing Short-term memory is the ca
       13506    192 w  -            Section 3.1.1: Deductive Episodic Segmen | 3.1.1 Deductive Episodic Segmentation. Our system employs a 
       14837    467 w  -            Section 3.1.2: Semantic Memory Extractio | 3.1.2 Semantic Memory Extraction. During short-term mem- ory
       18485    183 w  -            Section 3.2: Synaptic Memory Consolidati | 3.2 Synaptic Memory Consolidation Our system formally models
       19667     66 w  -            Section 3.3: Systems Memory Consolidatio | 3.3 Systems Memory Consolidation In our framework, systems m
       20165    343 w  -            Section 3.3.1: Traces Clustering and Nar | 3.3.1 Traces Clustering and Narrative Thread Formation. We e
       22565    112 w  -            Section 3.3.2: Constructing the User Nar | 3.3.2 Constructing the User Narrative Schemata. The con- str
       23369    154 w  -            Section 3.4: Agentic Search              | 3.4 Agentic Search Upon receiving a query, the Agentic Searc
       24411     27 w  -            Section 4: Experiement                   | 4 Experiement This section details the experimental evaluati
       24599    137 w  -            Section 4.1: Experiement Setup / Benchma | 4.1 Experiement Setup 4.1.1 Benchmark Dataset. We validate o
       25561    288 w  -            Baselines                                | 4.1.2 Baselines. To assess the performance of our proposed m
       27613     64 w  -            Evaluation Scheme                        | 4.1.3 Evaluation Scheme. We use accuracy as the evaluation m
       28029    100 w  -            Implemetation Details                    | 4.1.4 Implemetation Details. We use GPT-4o-mini and GPT- 4.1
       28711    658 w  -            Primary Results                          | 4.2 Primary Results The proposed framework was evaluated acr
       33422    383 w  -            Ablation Study                           | 4.3 Ablation Study To evaluate the effectiveness of the indi
       36072    347 w  -            Open Discussion                          | 5 Open Discussion Delving into the mechanics of human memory
       38404     66 w  -            Conclusion                               | 6 Conclusion In this paper, we introduced a cognitive-inspir

slide-2025.pdf  ok  pieces 17  dropped 0  tries 1  toc None  chunks 2  $0.003
    class published | title 'SLIDE: Sliding Localized Information for Document Extraction' | author 'Divyansh Singh' | date 2025-03-23 from 'arXiv:2503.17952v1  [cs.CL]  23 Mar 2025'
    body 312-18434 of 22927 (21% outside) | body_start 'Abstract' | end matter 'References'
    contents None .. None at None-None
         312    185 w  -            Abstract                                 | Abstract Constructing accurate knowledge graphs from long te
        1733    551 w  -            Introduction                             | 1 Introduction In the past year, integrating knowledge graph
        5594     53 w  -            Related Work                             | 2 Related Work Since SLIDE enhances knowledge graph con- str
        5955    143 w  -            GraphRAG and Knowledge Graphs            | 2.1 GraphRAG and Knowledge Graphs GraphRAG (Edge et al., 202
        6954    232 w  -            Contextual Chunking                      | 2.2 Contextual Chunking Recent work in RAG systems has explo
        8594    158 w  -            SLIDE: Sliding Localized Information for | 3 SLIDE: Sliding Localized Information for Document Extracti
        9501     72 w  -            Knowledge Graph Construction             | 3.1 Knowledge Graph Construction Once each chunk is appended
        9995    157 w  -            Enhancing Knowledge Graphs in Afrikaans: | 3.2 Enhancing Knowledge Graphs in Afrikaans: A low resource 
       11002     49 w  -            Experimental Setup                       | 4 Experimental Setup This section outlines the experimental 
       11300    160 w  -            Datasets                                 | 4.1 Datasets • Pride and Prejudice by Jane Austen (En- glish
       12380     96 w  -            4.2 Contextual Chunks and Knowledge Grap | 4.2 Contextual Chunks and Knowledge Graph Extraction We eval
       12971    238 w  -            4.3 Evaluation Metrics                   | 4.3 Evaluation Metrics LLMs have been shown to achieve state
       14498    120 w  -            5 Results                                | 5 Results Our evaluation (See Table 3) for English and Afrik
       15358     57 w  -            6 Conclusion                             | 6 Conclusion Overall, SLIDE achieves improved performance ac
       15782    306 w  -            Limitations                              | Limitations Despite its strengths, SLIDE has few limitations
       17920     41 w  -            Ethics Statement                         | Ethics Statement Our work complies with the policies of the 
       18200     37 w  -            Acknowledgement                          | Acknowledgement This work is supported, in part, by DARPA. A

snodgrass1999-time-oriented-db.pdf  FLAGGED  pieces 352  dropped 0  tries 2  toc 13  chunks 88  $0.220
    class published | title 'Developing\nTime-Oriented\nDatabase\nApplications\nin\nSQL' | author 'R\nI\nC\nH\nA\nR\nD\n\nT\n.\n\nS\nN\nO\nD\nG\nR\nA\nS\nS' | date 2000 from '2000'
    body 5690-957034 of 1051212 (10% outside) | body_start 'Foreword' | end matter 'Glossary'
    contents 'Contents' .. 'About\nthe\nCD-ROM\n503' at 10591-13905
        5690    343 w  -            Foreword by Jim Gray                     | Foreword by Jim Gray Micr osoft Resear ch Precise clocks wer
        7820   1052 w  -            Foreword by Jim Melton                   | Foreword by Jim Melton Oracle Corporation It' s about timet
       13949     78 w  -            Preface                                  | Preface This is how it goes. W e develop a database applicat
       14412     91 w  -            A PARADIGM SHIFT                         | all, we added a birth date column a few weeks ago, with no s
       14892     19 w  -            PREREQUISITES                            | properly . In the back of our mind is the lingering doubt th
       15001     15 w  -            WHAT TO READ                             | working quite right either . W e soon realize that we need a
       15074    640 w  -            CASE STUDIES                             | column to record when the row was no longer valid. In doing 
       18732     61 w  -            CD-ROM                                   | ch literature into terms usable by those brave SQL applicati
       19078    837 w  -            ERRORS                                   | E A D x i x we think about time-var ying data. This shift im
       23893   2829 w  -            ACKNOWLEDGMENTS                          | are versions of some of the systems discussed in Chapter 12.
       39914     39 w  -            1 . 2 THE SQL STANDARD                   | 1 . 2 T H E S Q L S T A N D A R D SQL is actually a series o
       40084    953 w  -            1 . 3 CONVENTIONS                        | 1980s did support such data types. SQL-89 added support for 
       45402    618 w  -            1 . 4 IMPLEMENTATION CONSIDERATIONS      | 134] 1 . 4 I M P L E M E N T A T I O N C O N S I D E R A T I
       48563    696 w  -            1.5 READINGS                             | 1 . 5 R E A D I N G S The ofcial designation of SQL-86 is A
       52917     85 w  -            Chapter 2 Overview                       | cs [80 ]. Along the way , 51 photographs and over 100 gures
       53370    320 w  -            Fundamental Concepts                     | Fundamental Concepts T hey started getting sick in early Jun
       55302    821 w  -            2.1 VALID-TIME STATE TABLES              | 2 C H A P T E R T W O : F U N D A M E N T A L C O N C E P T 
       59365    557 w  -            2.1.1 Queries                            | 2.1.1 Queries Queries over conventional tables ask, What is
       62306    802 w  -            Modications                             | 2.1.2 Modications Modications (that is, insertions, deleti
       66541   1361 w  -            T R A N S A C T I O N - T I M E S T A T  | 26 to April 14 is a sequenced insertion. Lot 234 will be a
       73653    657 w  -            2.3 BITEMPORAL TABLES                    | 2 . 3 B I T E M P O R A L T A B L E S V alid time, capturing
       77047    514 w  -            2.4 SUMMARY                              | 2 2 C H A P T E R T W O : F U N D A M E N T A L C O N C E P 
       79962    520 w  -            2.5 READINGS                             | 2 . 5 R E A D I N G S 2 3 on the left shows the time 10:25 A
       82802     80 w  -            Chapter 3 Overview                       | cover illustration was inspired in part by the cover of Hofs
       83180    503 w  -            Instants and Intervals                   | Instants and intervals are covered in this chap- ter; period
       86065    420 w  -            Chapter Three: Instants and Intervals    | 2 6 C H A P T E R T H R E E : I N S T A N T S A N D I N T E 
       88359    160 w  1997-01-14   3.1 Instants                             | 3 . 1 I N S T A N T S An instant is an anchored location on 
       89134    553 w  ~1997-01-14  3.1.1 The DATE Type                      | 3.1.1 The DATE Type An SQL-92 DA TE stores the year , month,
       91765    257 w  ~1997-01-14  3.1.2 The TIMESTAMP Type                 | 3.1.2 The TIMESTAMP Type Should the user desire a ner preci
       93238    255 w  ~1997-01-14  3.1.3 The TIME Type                      | 3.1.3 The TIME Type W ill there really be a morning? Is ther
       94582    433 w  ~1997-01-14  3.1.4 Time Zone Variants                 | 3.1.4 Time Zone Variants Greenwich Mean T ime ensures that t
       97116    378 w  ~1997-01-14  3.2 Intervals                            | 32 positions. 3 0 C H A P T E R T H R E E : I N S T A N T S 
       98985    371 w  ~1997-01-14  The INTERVAL Type                        | 3.2.1 The INTERVAL Type Solid stone is just sand and water ,
      101034    463 w  ~1997-01-14  Year-Month Intervals                     | 3.2.2 Year-Month Intervals For year-month inter vals, the on
      103482    265 w  ~1997-01-14  Day-Time Intervals                       | 3.2.3 Day-Time Intervals The gods confound the man who rst 
      105022    748 w  ~1997-01-14  P R E D I C A T E S                      | 3 . 3 P R E D I C A T E S 3 3 an accuracy of greater than 1 
      109151    621 w  ~1997-01-14  3.3 PREDICATES                           | 3 . 3 P R E D I C A T E S 3 5 The BETWEEN construct is a use
      112343    439 w  ~1997-01-14  3.4 CONSTRUCTORS                         | 3 . 4 C O N S T R U C T O R S A temporal constr uctor is an 
      114501    849 w  ~1997-01-14  3.4.1 Datetime Constructors              | 3.4.1 Datetime Constructors SQL provides seven constructors 
      119175    900 w  ~1997-01-14  3.4.2 Interval Constructors              | 3.4.2 Interval Constructors SQL provides a variety of constr
      123997    500 w  ~1997-01-14  3.4.3 Other Constructors                 | 3.4.3 Other Constructors T emporal values can also participa
      126566    281 w  ~1997-01-14  3.5 IMPLEMENTATION CONSIDERATIONS        | 3 . 5 I M P L E M E N T A T I O N C O N S I D E R A T I O N 
      128069    540 w  ~1997-01-14  3.5.1 IBM DB2 Universal Database         | 3.5.1 IBM DB2 Universal Database W e start with IBM DB2 Univ
      131030   1606 w  ~1997-01-14  3.5.2 InformixUniversal Server          | 3.5.2 InformixUniversal Server InformixUniversal Ser ver s
      138526   1042 w  ~1997-01-14  Microsoft Access                         | 3.5.3 Microsoft Access While SQL-92 supplies six temporal ty
      144145   1536 w  ~1997-01-14  3.5.4 Microsoft SQL Server               | 3.5.4 Microsoft SQL Server Microsoft SQL Ser ver supplies tw
      151509    109 w  ~1997-01-14  3.5.5 Sybase SQLServer Support           | 3.5.5 Sybase SQLServer Support for time in Sybase SQLSer ver
      152117    994 w  ~1997-01-14  3.5.6 Oracle8 Server                     | 3.5.6 Oracle8 Server As with Access, Oracle8 Ser ver provide
      157234   1628 w  ~1997-01-14  3 . 5 I M P L E M E N T A T I O N C O N  | 3 . 5 I M P L E M E N T A T I O N C O N S I D E R A T I O N 
      165031    101 w  ~1997-01-14  UniSQL                                   | 3.5.7 UniSQL UniSQL supports the DA TE, TIME, and TIMEST AMP
      165589    919 w  ~1997-01-14  3 . 6 T H E Y E A R 2 0 0 0 P R O B L E  | 3 . 6 T H E Y E A R 2 0 0 0 P R O B L E M * 6 3 T h e S t a 
      169894    575 w  ~1997-01-14  3.6 The Year 2000 Problem                | 3 . 6 T H E Y E A R 2 0 0 0 P R O B L E M * 6 5 T able 3.8 (
      172999    556 w  ~1997-01-14  3.6.1 Year 2000 Compliance and Certicat | 3.6.1 Year 2000 Compliance and Certication Each organizatio
      176246    770 w  ~1997-01-14  3.6.2 SQL-92                             | 3.6.2 SQL-92 SQL-92 DA TEs and TIMEST AMPs both use four dig
      180460    139 w  ~1997-01-14  3.6.3 IBM DB2 Universal Database         | 3.6.3 IBM DB2 Universal Database IBM DB2 UDB DA TEs and TIME
      181073   1091 w  ~1997-01-14  3.6.4 Informix                           | 3.6.4 Informix Informix denes year 2000 compliant as . . 
      186974    578 w  ~1997-01-14  3.6.5 Microsoft Access                   | 3.6.5 Microsoft Access Microsoft' s denition of year 2000 c
      190142    245 w  ~1997-01-14  3.6.6 Microsoft SQL Server               | 3.6.6 Microsoft SQL Server Microsoft considers SQL Ser ver 6
      191521    345 w  ~1997-01-14  3.6.7 Sybase SQLServer                   | 3.6.7 Sybase SQLServer Sybase' s denition of centur y comp
      193627    450 w  ~1997-01-14  3.6.8 Oracle8 Server                     | 3.6.8 Oracle8 Server The Oracle8 Ser ver supports the DA TE 
      195934     57 w  ~1997-01-14  3.7 Subtleties                           | 3 . 7 S U B T L E T I E S * It is critical that the limitati
      196219   2467 w  ~1997-01-14  3.7.1 Datetimes                          | 3.7.1 Datetimes While an instant is, well, instantaneous, SQ
      209500    674 w  ~1997-01-14  More on the Start of the Millennium      | 3 . 7 S U B T L E T I E S * 7 9 M o r e o n t h e S t a r t 
      213075    332 w  ~1997-01-14  Time Zones                               | 3.7.2 Time Zones As we saw above, TIME WITH TIME ZONE values
      214908    782 w  ~1997-01-14  Intervals                                | 3.7.3 Intervals The reason given for the distinction between
      219001    239 w  ~1997-01-14  3.7.4 Predicates                         | 3.7.4 Predicates The OVERLAPS predicate could have been easi
      220488     34 w  ~1997-01-14  3.8 Implementation Considerations        | 3 . 8 I M P L E M E N T A T I O N C O N S I D E R A T I O N 
      220556     90 w  ~1997-01-14  3.7.5 Constructors                       | 3.7.5 Constructors The CAST function is not symmetric, in th
      221077     44 w  ~1997-01-14  3.8 Implementation Considerations        | 3 . 8 I M P L E M E N T A T I O N C O N S I D E R A T I O N 
      221214     40 w  ~1997-01-14  3.8.1 IBM DB2 Universal Database         | 3.8.1 IBM DB2 Universal Database IBM DB2 UDB will generate a
      221437     65 w  ~1997-01-14  3.8.2 Microsoft Access                   | 3.8.2 Microsoft Access Access interprets the fractional port
      221803    405 w  ~1997-01-14  3.8.3 Oracle8 Server                     | 3.8.3 Oracle8 Server Oracle8 Ser ver date arithmetic takes i
      223877     92 w  ~1997-01-14  3.8.4 CD-ROM Materials                   | 3.8.4 CD-ROM Materials Detailed explanations of the temporal
      224412    145 w  ~1997-01-14  3.9 Summary                              | 3 . 9 S U M M A R Y T emporal values are the stuff of which 
      225168   1409 w  ~1997-01-14  3.10 Readings                            | 3 . 1 0 R E A D I N G S 8 5 A rich set of operators and pred
      233281    718 w  ~1997-01-14  O V E R V I E W                          | complexities of the subject. C H A P T E R 4 O V E R V I E W
      237484     41 w  ~1997-01-14  L I T E R A L S                          | 4 . 1 L I T E R A L S As SQL-92 does not provide a period da
      237687   1568 w  ~1997-01-14  P R E D I C A T E S                      | 4 . 2 P R E D I C A T E S As we saw in the previous chapter 
      243915    618 w  ~1997-01-14  4.3.1 Datetime Constructors              | 4.3.1 Datetime Constructors The datetime constructors that i
      246171    314 w  ~1997-01-14  4.3.2 Interval Constructors              | 4.3.2 Interval Constructors There are two useful inter val c
      247705    743 w  ~1997-01-14  4.3.3 Period Constructors                | 4.3.3 Period Constructors There are several constructors tha
      250693    107 w  ~1997-01-14  4.3.4 Character Constructors             | 4.3.4 Character Constructors A period can be cast into a cha
      251164    117 w  ~1997-01-14  4.4.1 IBM DB2 Universal Database         | 4.4.1 IBM DB2 Universal Database W e use the closed-open rep
      251774   1282 w  ~1997-01-14  4.4.2 InformixUniversal Server          | Server W e use the closed-open representation of a pair of D
      256104     91 w  ~1997-01-14  4.4.3 Microsoft Access                   | 4.4.3 Microsoft Access W e use the closed-open representatio
      256599    103 w  ~1997-01-14  4.4.4 Microsoft SQL Server               | 4.4.4 Microsoft SQL Server W e use the closed-open represent
      257141     91 w  ~1997-01-14  4.4.5 Sybase SQLServer                   | 4.4.5 Sybase SQLServer W e use the closed-open representatio
      257636     89 w  ~1997-01-14  4.4.6 Oracle8 Server                     | 4.4.6 Oracle8 Server W e use the closed-open representation 
      258099   2750 w  ~1997-01-14  4.4.7 UniSQL                             | 4.4.7 UniSQL W e use the closed-open representation of a pai
      268272    672 w  ~1997-01-14  Chapter 5 Overview                       | C H A P T E R 5 O V E R V I E W A valid-time state table rec
      272106    300 w  ~1997-01-14  Section 5.1: Initial Schema              | 5 . 1 I N I T I A L S C H E M A Merging the data from each s
      273882    959 w  ~1997-01-14  Section 5.2: Adding History              | 5 . 2 A D D I N G H I S T O R Y 1 1 3 C o d e F r a g m e n 
      278886    957 w  ~1997-01-14  A D D I N G H I S T O R Y                | 5 . 2 A D D I N G H I S T O R Y 1 1 5 T able 5.1 An excerpt 
      284277    885 w  ~1997-01-14  T E M P O R A L K E Y S                  | 5 . 3 T E M P O R A L K E Y S 1 1 7 5 . 3 T E M P O R A L K 
      288829    887 w  ~1997-01-14  5 . 4 H A N D L I N G N O W              | 5 . 4 H A N D L I N G N O W 1 1 9 AND (I1.START_DATE, I1.END
      293685   1603 w  ~1997-01-14  5 . 5 U N I Q U E N E S S R E E X A M I  | 5 . 5 U N I Q U E N E S S R E E X A M I N E D 1 2 1 5 . 5 U 
      302485    378 w  ~1997-01-14  5 . 5 U N I Q U E N E S S R E E X A M I  | 5 . 1 5 Prevent sequenced duplicates in INCUMBENTS, assuming
      304424   1729 w  ~1997-01-14  5 . 6 R E F E R E N T I A L I N T E G R  | 5 . 6 R E F E R E N T I A L I N T E G R I T Y A referential 
      313696    603 w  ~1997-01-14  5.7 CONSTRAINT ATTRIBUTES                | 5 . 7 C O N S T R A I N T A T T R I B U T E S * 1 3 1 M o r 
      316905     44 w  ~1997-01-14  5.8 IMPLEMENTATION CONSIDERATIONS        | 5 . 8 I M P L E M E N T A T I O N C O N S I D E R A T I O N 
      317042    335 w  ~1997-01-14  5.8.1 IBM DB2 Universal Database         | 5.8.1 IBM DB2 Universal Database IBM DB2 supports a UNIQUE c
      318793    683 w  ~1997-01-14  5.8.2 Microsoft Access                   | 5.8.2 Microsoft Access Forever in Microsoft Access 97 and 
      322115    182 w  ~1997-01-14  5.8.3 Microsoft SQL Server               | 5.8.3 Microsoft SQL Server Microsoft SQL Ser ver does not su
      323006    226 w  ~1997-01-14  5.8.4 Sybase SQLServer                   | 5.8.4 Sybase SQLServer Sybase SQLSer ver does not support AS
      324170    323 w  ~1997-01-14  5.8.5 Oracle8 Server                     | 5.8.5 Oracle8 Server Forever in Oracle8 Ser ver is 23:59:5
      325853    112 w  ~1997-01-14  5.8.6 UniSQL                             | 5.8.6 UniSQL UniSQL does not support ASSERTIONs; these must 
      326460     35 w  ~1997-01-14  5.8.7 CD-ROM Materials                   | 5.8.7 CD-ROM Materials The CD-ROM contains all the code frag
      326656    500 w  ~1997-01-14  5.9 SUMMARY                              | 5 . 9 S U M M A R Y 1 3 9 5 . 9 S U M M A R Y A valid-time s
      329360    452 w  ~1997-01-14  5.10 READINGS                            | 5.19 5.24 5.19 5.20 or 5.19 T able T emporal 5.19 5.20 5.19 
      331856    121 w  ~1997-01-14  Chapter 6 Overview                       | clep- sydra [65 ]. C H A P T E R 6 O V E R V I E W With the 
      332481    105 w  ~1997-01-14  Querying State Tables                    | Querying State Tables I n the previous chapter , we saw that
      333159    578 w  ~1997-01-14  6.1 Extracting the Current State         | 6 . 1 E X T R A C T I N G T H E C U R R E N T S T A T E Exec
      336208    242 w  ~1997-01-14  6.2 Extracting Prior States              | 6 . 2 E X T R A C T I N G P R I O R S T A T E S The queries 
      337553    969 w  ~1997-01-14  6.3 Sequenced Queries                    | 6 . 3 S E Q U E N C E D Q U E R I E S The above queries take
      342790   1814 w  ~1997-01-14  6.3.1 Sequenced Joins                    | 6.3.1 Sequenced Joins In Section 6.1, we showed how you can 
      352845    988 w  ~1997-01-14  6.3.2 Sequenced EXCEPT                   | 6.3.2 Sequenced EXCEPT A join of two tables repeatedly takes
      358136    540 w  ~1997-01-14  6.4 NONSEQUENCED VARIANTS                | 6 . 4 N O N S E Q U E N C E D V A R I A N T S W e have seen 
      361047    212 w  ~1997-01-14  6.5 ELIMINATING DUPLICATES               | 6 . 5 E L I M I N A T I N G D U P L I C A T E S Duplicates m
      362031    173 w  ~1997-01-14  6.5.1 Easy Duplicate Elimination         | 6.5.1 Easy Duplicate Elimination SQL is perfectly adequate t
      362959   1008 w  ~1997-01-14  6.5.2 Coalescing                         | 6.5.2 Coalescing Consider again T able 5.2, copied here as T
      368796   1723 w  ~1997-01-14  6.5.3 Coalescing While Removing Duplicat | 6.5.3 Coalescing While Removing Duplicates One intuition beh
      378128    224 w  ~1997-01-14  Coalescing While Retaining Duplicates    | 6.5.4 Coalescing While Retaining Duplicates To coalesce whil
      379387    361 w  ~1997-01-14  IBM DB2 Universal Database               | 6.6.1 IBM DB2 Universal Database UDB' s recursive queries pr
      381399    168 w  ~1997-01-14  InformixUniversal Server                | 6.6.2 InformixUniversal Server While InformixUniversal Ser
      382255    282 w  ~1997-01-14  Microsoft SQL Server                     | 6.6.3 Microsoft SQL Server Microsoft SQL Ser ver does not su
      384050     21 w  ~1997-01-14  Sybase SQLServer                         | 6.6.4 Sybase SQLServer Sybase SQLSer ver does not support us
      384194    108 w  ~1997-01-14  Oracle8 Server                           | 6.6.5 Oracle8 Server While Oracle8 Ser ver does not support 
      384862     26 w  ~1997-01-14  UniSQL                                   | 6.6.6 UniSQL UniSQL does not provide CURRENT DA TE, so the a
      384997     38 w  ~1997-01-14  CD-ROM Materials                         | 6.6.7 CD-ROM Materials The CD-ROM contains the code fragment
      385204    383 w  ~1997-01-14  S U M M A R Y                            | 6 . 7 S U M M A R Y This chapter examined a wide variety of 
      387384    334 w  ~1997-01-14  R E A D I N G S                          | 6 . 8 R E A D I N G S SQL-92 includes an unrelated COALESCE 
      389141    205 w  ~1997-01-14  O V E R V I E W                          | CF-6.26 uses an idea proposed by Romley [21]. The recursive 
      390359    205 w  ~1997-01-14  Modifying State Tables                   | Modifying State Tables W e now turn to implementing modicat
      391713    218 w  ~1997-01-14  C U R R E N T M O D I F I C A T I O N S  | 7.1. 7 . 1 C U R R E N T M O D I F I C A T I O N S A current
      392924   1067 w  ~1997-01-14  Current Insertions                       | 7.1.1 Current Insertions A current insertion requires only t
      398696    988 w  ~1997-01-14  The F u n d a m e n t a l I n s i g h t  | 7 . 1 C U R R E N T M O D I F I C A T I O N S 1 8 1 T h e F 
      403825    487 w  ~1997-01-14  Current Deletions                        | 7.1.2 Current Deletions Current deletions apply from now t
      406480    818 w  ~1997-01-14  Current Updates                          | 7.1.3 Current Updates A current update in the restricted cas
      410875    235 w  ~1997-01-14  7.1 CURRENT MODIFICATIONS                | 7 . 1 C U R R E N T M O D I F I C A T I O N S 1 8 7 AND END_
      411979    150 w  ~1997-01-14  7.2 SEQUENCED MODIFICATIONS              | 7 . 2 S E Q U E N C E D M O D I F I C A T I O N S A current 
      412795    674 w  ~1997-01-14  7.2.1 Sequenced Insertions               | 7.2.1 Sequenced Insertions In a sequenced insertion, the app
      416358   1075 w  ~1997-01-14  7.2.2 Sequenced Deletions                | 7.2.2 Sequenced Deletions W e start with the following nonte
      422166    736 w  ~1997-01-14  Sequenced Updates                        | 7.2.3 Sequenced Updates A sequenced update is the temporal a
      426178    843 w  ~1997-01-14  NONSEQUENCED MODIFICATIONS               | 7 . 3 N O N S E Q U E N C E D M O D I F I C A T I O N S 1 9 
      430784    144 w  ~1997-01-14  MODIFICATIONS THAT MENTION OTHER TABLES  | 7 . 4 M O D I F I C A T I O N S T H A T M E N T I O N O T H 
      431343    449 w  ~1997-01-14  Complex Current Modications             | 7.4.1 Complex Current Modications Recall from Chapter 6 tha
      434040   1892 w  ~1997-01-14  Complex Sequenced Modications           | 7.4.2 Complex Sequenced Modications Sections 6.3 and 6.3.1 
      444687    481 w  ~1997-01-14  Section 7.5: Temporal Partitioning       | 7 . 5 T E M P O R A L P A R T I T I O N I N G * Sequenced up
      447256    537 w  ~1997-01-14  Section 7.5.1: Queries                   | 7.5.1 Queries If temporal partitioning is used, current quer
      450131   1319 w  ~1997-01-14  Section 7.5.2: Modications              | 7.5.2 Modications Current inserts into partitioned tables a
      457864     75 w  ~1997-01-14  7.6 Implementation Considerations        | 7 . 6 I M P L E M E N T A T I O N C O N S I D E R A T I O N 
      458061    111 w  ~1997-01-14  7.6.1 IBM DB2 Universal Database         | 7.6.1 IBM DB2 Universal Database All of the code fragments c
      458648     30 w  ~1997-01-14  7.6.2 Microsoft Access                   | 7.6.2 Microsoft Access CF-7.6 (ll gaps in the POSITIONS tab
      458824     18 w  ~1997-01-14  7.6.3 Microsoft SQL Server               | 7.6.3 Microsoft SQL Server All of the code fragments compile
      458926    289 w  ~1997-01-14  7.6.4 Oracle8 Server                     | 7.6.4 Oracle8 Server CF-7.6 causes difculties with Oracle8 
      460450    138 w  ~1997-01-14  7.6.5 UniSQL                             | 7.6.5 UniSQL CF-7.6 causes slight difculties with UniSQL, b
      461245     34 w  ~1997-01-14  7.6.6 CD-ROM Materials                   | 7.6.6 CD-ROM Materials The CD-ROM contains the code fragment
      461434    540 w  ~1997-01-14  7.7 Summary                              | 7 . 7 S U M M A R Y W e have examined how to convert various
      464619    273 w  ~1997-01-14  7.8 Readings                             | 7 . 8 R E A D I N G S Most temporal database resear ch has f
      466190    244 w  ~1997-01-14  Chapter 8 Overview                       | creativity and an agent and catalyst in the use of knowledge
      467681    377 w  1996-04      Retaining a Tracking Log                 | Retaining a Tracking Log N igel Corbin, a W elshman who spea
      469908    228 w  ~1996-04     Chapter Eight: Retaining a Tracking Log  | 20), SPHEROID CODE (the U.S. Geologic Sur vey (USGS) spheroi
      471091   1042 w  ~1996-04     Section 8.1: Defining the Tracking Log   | 8 . 1 D E F I N I N G T H E T R A C K I N G L O G A tracking
      476906    335 w  ~1996-04     Section 8.2: Queries                     | 8 . 2 Q U E R I E S Assume that the following transactions h
      478548    976 w  ~1996-04     Section 8.2.1: Extracting a Prior State  | 8.2.1 Extracting a Prior State Extracting a prior state invo
      483527    254 w  ~1996-04     8.2.2 Other Queries                      | 8.2.2 Other Queries W e now turn to other kinds of queries. 
      484850    622 w  ~1996-04     8.2.3 Converting to a State Table*       | 8.2.3 Converting to a State Table* One way to perform sequen
      488660    362 w  ~1996-04     8.3 MODIFICATIONS                        | 8 . 3 M O D I F I C A T I O N S 2 2 9 Sequenced and nonseque
      490434    353 w  ~1996-04     8.4 PERMITTING INSERTIONS                | 8 . 1 1 Change the type of projection 1 to 43. UPDATE PROJEC
      492427    864 w  ~1996-04     PERMITTING INSERTIONS                    | 8 . 4 P E R M I T T I N G I N S E R T I O N S 2 3 1 T h e S 
      496916    634 w  ~1996-04     BACKLOGS                                 | 8 . 5 B A C K L O G S 2 3 3 FROM P_Log AS A3 WHERE A.PROJECT
      500337   1228 w  ~1996-04     USING AFTER-IMAGES CONSISTENTLY          | 8 . 6 U S I N G A F T E R - I M A G E S C O N S I S T E N T 
      507388    378 w  ~1996-04     8.6 USING AFTER-IMAGES CONSISTENTLY      | 8 . 6 U S I N G A F T E R - I M A G E S C O N S I S T E N T 
      509445   1278 w  ~1996-04     8.7 TRANSACTION SEMANTICS                | 8 . 7 T R A N S A C T I O N S E M A N T I C S * All of the a
      515774    433 w  ~1996-04     8.8 REFINEMENTS                          | 8 . 8 R E F I N E M E N T S * 2 4 3 T h e V e r t i c a l B 
      518184    404 w  ~1996-04     R E F I N E M E N T S                    | 8 . 8 R E F I N E M E N T S * If we wish the reconstruction 
      520359     42 w  ~1996-04     I M P L E M E N T A T I O N C O N S I D  | 8 . 9 I M P L E M E N T A T I O N C O N S I D E R A T I O N 
      520494    263 w  ~1996-04     IBM DB2 Universal Database               | 8.9.1 IBM DB2 Universal Database IBM DB2 UDB triggers differ
      521983    197 w  ~1996-04     Microsoft SQL Server                     | 8.9.2 Microsoft SQL Server The syntax of the CREA TE TRIGGER
      523006    176 w  ~1996-04     Sybase SQLServer                         | 8.9.3 Sybase SQLServer Sybase SQLSer ver was one of the rst
      524041     48 w  ~1996-04     Oracle8 Server / I M P L E M E N T A T I | 8.9.4 Oracle8 Server All the code fragments work ne under O
      524187    220 w  ~1996-04     UniSQL                                   | 8.9.5 UniSQL UniSQL supports triggers, but does not allow ex
      525453    122 w  ~1996-04     CD-ROM Materials                         | 8.9.6 CD-ROM Materials All of the code discussed in this cha
      526026   1338 w  ~1996-04     S U M M A R Y                            | 8 . 1 0 S U M M A R Y A tracking log contains the histor y o
      533640    297 w  ~1996-04     8.11 READINGS                            | 8 . 1 1 R E A D I N G S Serialization order of concurrent tr
      535225     17 w  ~1996-04     Chapter 9 Overview                       | C H A P T E R 9 O V E R V I E W A transaction-time state tab
      535259    414 w  ~1996-04     Transaction-Time State Tables            | transaction-time state table associates with each row the pe
      537748    350 w  ~1996-04     9.1 Definition                           | 9 . 1 D E F I N I T I O N Conceptually , a transaction-time 
      539772     95 w  ~1996-04     9.2 Maintenance                          | 9 . 2 M A I N T E N A N C E 2 5 5 9 . 2 M A I N T E N A N C 
      540215    620 w  ~1996-04     Indirectly via Triggers                  | 9.2.1 Indirectly via Triggers In this rst approach, the app
      543971    708 w  ~1996-04     Directly via Rewritten Modications      | 9.2.2 Directly via Rewritten Modications A transaction-time
      547980    714 w  ~1996-04     Queries                                  | 9999-12-31 9 . 3 Q U E R I E S 2 5 9 Maintaining the state t
      551924     94 w  ~1996-04     Code Fragment 9.9                        | clause) are unchanged in sequenced queries; projections (the
      552477     70 w  ~1996-04     Code Fragment 9.10                       | changed to or from 12 or 18. Joins are more challenging. Her
      552870     77 w  ~1996-04     9.3 QUERIES                              | 9 . 3 Q U E R I E S 2 6 1 first_instant(P1.Sto p_D ate , P2.
      553354    162 w  ~1996-04     Code Fragment 9.11                       | Changes appear in the state table as two periods that meet. 
      554374     57 w  ~1996-04     Code Fragment 9.12                       | conversion to a tracking log. Before- images and after-image
      554742     77 w  ~1996-04     Code Fragment 9.13                       | C o d e F r a g m e n t 9 . 1 3 Extract after-images from a 
      555052    229 w  ~1996-04     Code Fragment 9.14                       | Converting a state table to a backlog is a little more ambit
      556660    120 w  ~1996-04     9.4 TEMPORAL PARTITIONING *              | 9 . 4 T E M P O R A L P A R T I T I O N I N G * As we mentio
      557183     26 w  ~1996-04     9.4.1 Current and Archival Stores        | 9.4.1 Current and Archival Stores T o illustrate, we use two
      557321    260 w  ~1996-04     Code Fragment 9.15                       | CURRENT, consisting of the rows that haven' t been corrected
      558802    161 w  ~1996-04     Code Fragment 9.16                       | CURRENT having the same primar y key . 2 6 4 C H A P T E R N
      559634    406 w  ~1996-04     Code Fragment 9.17                       | current store. C o d e F r a g m e n t 9 . 1 7 Triggers for 
      562194     30 w  ~1996-04     9.4.2 Queries                            | 9.4.2 Queries W e now turn to queries. Queries on the curren
      562359    201 w  ~1996-04     Code Fragment 9.18                       | chival store. 2 6 6 C H A P T E R N I N E : T R A N S A C T 
      563442     82 w  ~1996-04     Code Fragment 9.19                       | C o d e F r a g m e n t 9 . 1 9 Dene the state table as a v
      563986    169 w  ~1996-04     Utilizing the Primary Key                | 9.4.3 Utilizing the Primary Key In a tripartitioned table, t
      564894     37 w  ~1996-04     Code Fragment 9.20                       | chival store can be maintained via triggers on the monitored
      565058    381 w  ~1996-04     Code Fragment 9.21                       | current store. CREATE TABLE P_TT_CURRENT ( PROJECTION_ID INT
      567711   1718 w  ~1996-04     Vacuuming                                | 9 . 5 V A C U U M I N G * The current store consists of the 
      577217     42 w  ~1996-04     Implementation Considerations            | 9 . 6 I M P L E M E N T A T I O N C O N S I D E R A T I O N 
      577342     42 w  ~1996-04     Microsoft SQL Server                     | 9.6.1 Microsoft SQL Server Other than the proviso mentioned 
      577593     25 w  ~1996-04     CD-ROM Materials                         | 9.6.2 CD-ROM Materials All of the code discussed in this cha
      577736    708 w  ~1996-04     S U M M A R Y                            | 9 . 7 S U M M A R Y 2 7 3 9 . 7 S U M M A R Y A transaction-
      581583    153 w  ~1996-04     R E A D I N G S                          | 9 . 8 R E A D I N G S 2 7 5 9 . 8 R E A D I N G S Jacob Ben-
      582411    115 w  ~1996-04     O V E R V I E W                          | C H A P T E R 10 O V E R V I E W A bitemporal table is a glo
      583029    755 w  ~1996-04     Bitemporal Tables                        | bitemporal tables so versatile and useful. Bitemporal tables
      587629     64 w  ~1996-04     D E F I N I T I O N                      | 1997 and is currently Europe' s fth largest provider of rea
      587959   1669 w  ~1996-04     Section 10.2: Modifications              | 10.1 as an entity-relationship diagram. 1 0 . 1 D E F I N I 
      597482     17 w  ~1996-04     Section 10.2.1: Current Modifications    | 10.2.1 Current Modications W e rst consider current insert
      597601    375 w  ~1996-04     Insertions                               | Insertions On the 10th of Januar y , this at was pur chased
      599686     41 w  ~1996-04     Updates                                  | Updates On the 15th Peter Olsen buys this at; this legal tr
      599885    967 w  ~1996-04     M O D I F I C A T I O N S                | 1 0 . 5 Peter Olsen buys the at on January 15, 1998. UPDATE
      605223   2361 w  ~1996-04     Deletions                                | deletions into stylized INSERT and UPDA TE statements. A WHE
      618261    158 w  ~1996-04     10.2.2 Sequenced Modications            | 10.2.2 Sequenced Modications As we saw in Chapter 7, sequen
      619118   1184 w  ~1996-04     Insertions                               | Insertions Continuing with the Prop Owner table as depicted 
      625525    402 w  ~1996-04     Deletions                                | Deletions W e learn on Januar y 26 that Eva bought the at n
      627613   1186 w  ~1996-04     Updates                                  | updates turn into a combination of termi- nating the row wit
      635031    279 w  ~1996-04     10.2.3 Nonsequenced Modications         | 10.2.3 Nonsequenced Modications W e saw before that no mapp
      636595    128 w  ~1996-04     10.3 Queries                             | 10.7. Now that we have a populated bitemporal table, we can 
      637401   1432 w  ~1996-04     10.3.1 Time-Slice Queries                | 10.3.1 Time-Slice Queries A transaction time-slice query cor
      644705    498 w  ~1996-04     10.3.2 The Spectrum of Bitemporal Querie | 10.3.2 The Spectrum of Bitemporal Queries Chapter 6 discusse
      647550    174 w  ~1996-04     Case 1                                   | C a s e 1 Valid-time current and transaction-time current C 
      648521    137 w  ~1996-04     Valid-time sequenced and transaction-tim | C a s e 2 Valid-time sequenced and transaction-time current 
      649358    214 w  ~1996-04     Valid-time nonsequenced and transaction- | CF-6.12 on page 152). The result, a valid-time state table, 
      650493    210 w  ~1996-04     Valid-time current and transaction-time  | C a s e 4 Valid-time current and transaction-time sequenced 
      651812    379 w  ~1996-04     Valid-time sequenced and transaction-tim | columns, is the empty table because there was no time in whi
      653898    127 w  ~1996-04     Valid-time nonsequenced and transaction- | changed). C a s e 6 Valid-time nonsequenced and transaction
      654703    161 w  ~1996-04     Valid-time current and transaction-time  | columns, is the following: property number Recorded Start Re
      655686    198 w  ~1996-04     Valid-time sequenced and transaction-tim | changed (current). The result, a snapshot table, is empty b
      656949   1271 w  ~1996-04     Valid-time nonsequenced and transaction- | C a s e 9 Valid-time nonsequenced and transaction-time nonse
      664048    419 w  ~1996-04     10.4 INTEGRITY CONSTRAINTS               | 1 0 . 4 I N T E G R I T Y C O N S T R A I N T S 3 2 3 C o d 
      666402    953 w  ~1996-04     Implementing an integrity constraint     | Implementing an integrity constraint State the constraint as
      672079    560 w  ~1996-04     Section 10.4 Integrity Constraints       | 155, the NOT IN is actually relational difference and can be
      675420    600 w  ~1996-04     Section 10.5 Temporal Partitioning       | 1 0 . 5 T E M P O R A L P A R T I T I O N I N G * 3 2 9 C o 
      678905    683 w  ~1996-04     Section 10.5.1 VT Current/TT Current + B | 10.5.1 VT Current/TT Current + Bitemporal State If current/c
      682702    773 w  ~1996-04     Section 10.5.2 VT State/TT Current + Sta | 10.5.2 VT State/TT Current + State/State Archive T o avoid t
      687378    864 w  ~1996-04     10.5.3 VT State/TT Current + State/Event | 10.5.3 VT State/TT Current + State/Event Archive This organi
      692890    866 w  ~1996-04     10.6 VACUUMING                           | 1 0 . 6 V A C U U M I N G * 3 3 7 AND P1.property_number = P
      697956     56 w  ~1996-04     I M P L E M E N T A T I O N C O N S I D  | 1 0 . 7 I M P L E M E N T A T I O N C O N S I D E R A T I O 
      698168    648 w  ~1996-04     S U M M A R Y                            | 1 0 . 8 S U M M A R Y A bitemporal table combines both valid
      702108    554 w  ~1996-04     R E A D I N G S                          | 1 0 . 9 R E A D I N G S The bitemporal time diagram was intr
      705315    343 w  ~1996-04     O V E R V I E W                          | C H A P T E R 11 O V E R V I E W The case studies in the pre
      707345    579 w  ~1996-04     P R O P E R L Y S E Q U E N C I N G T H  | 1 1 . 1 P R O P E R L Y S E Q U E N C I N G T H E D E S I G 
      710694    130 w  ~1996-04     11.2 Conceptual Design                   | 1 1 . 2 C O N C E P T U A L D E S I G N 3 4 5 1 1 . 2 C O N 
      711430   1278 w  ~1996-04     11.2.1 Nontemporal ER Schema             | 11.2.1 Nontemporal ER Schema Figure 11.1 shows a fairly smal
      718562    392 w  ~1996-04     11.2.2 Adding Temporal Annotations       | 11.2.2 Adding Temporal Annotations Once the nontemporal conc
      720670    488 w  ~1996-04     Relationship Valid Time                  | Relationship Valid Time A relationship type can either model
      723394    749 w  ~1996-04     Valid Time of Attributes                 | Valid Time of Attributes For each attribute, determine if th
      727449   1524 w  ~1996-04     Transaction Time                         | transaction time (when the data was cleansed and stored in B
      735811    587 w  ~1996-04     11.3.1 Mapping to Relational Schema      | 11.3.1 Mapping to Relational Schema In this rst stage, the 
      739361   1023 w  ~1996-04     11.3.2 Applying Temporal Annotations     | 11.3.2 Applying Temporal Annotations In this second stage, w
      745173    307 w  ~1996-04     Valid Time of Attributes                 | valid-time event table. ALTER TABLE MASS_TRTMNT ADD COLUMN A
      746929    724 w  ~1996-04     Transaction Time                         | Transaction Time For each table associated with an entity or
      751157   1534 w  ~1996-04     Primary Keys                             | Primary Keys Primar y keys are handled differently for valid
      759551   1938 w  ~1996-04     11.3 LOGICAL DESIGN                      | 1 1 . 3 L O G I C A L D E S I G N 3 6 7 For transaction-time
      770180    552 w  ~1996-04     L O G I C A L D E S I G N                | 1 1 . 3 L O G I C A L D E S I G N 3 7 3 FROM LOT_CONTAINS AS
      773157    896 w  ~1996-04     P H Y S I C A L D E S I G N              | 1 1 . 4 P H Y S I C A L D E S I G N 3 7 5 Uniqueness Constra
      778269    264 w  ~1996-04     A D V A N C E D D E S I G N A S P E C T  | 1 1 . 5 A D V A N C E D D E S I G N A S P E C T S * 3 7 7 C 
      779680     21 w  ~1996-04     Additional Temporal Annotations          | 11.5.1 Additional Temporal Annotations W e rst list additio
      779819    516 w  ~1996-04     Chapter Eleven: Temporal Database Design | 3 7 8 C H A P T E R E L E V E N : T E M P O R A L D A T A B 
      782745    564 w  ~1996-04     Section 11.5: Advanced Design Aspects    | 1 1 . 5 A D V A N C E D D E S I G N A S P E C T S * 3 7 9 DE
      786021    778 w  ~1996-04     Section 11.5.2: Applying Temporal Annota | 11.5.2 Applying Temporal Annotations W e map these annotatio
      790105    291 w  ~1996-04     Section 11.6: Benefits                   | 1 1 . 6 B E N E F I T S This case study provides empirical e
      791742    109 w  ~1996-04     Section 11.7: Application Development    | 1 1 . 7 A P P L I C A T I O N D E V E L O P M E N T 3 8 3  
      792301     53 w  ~1996-04     Section 11.7: Application Development    | 1 1 . 7 A P P L I C A T I O N D E V E L O P M E N T W e now 
      792506   1175 w  ~1996-04     11.7.1 Queries                           | 11.7.1 Queries W e can express any nontemporal quer y in the
      798745   1220 w  ~1996-04     11.7.2 Modications                      | 11.7.2 Modications When one or more of the tables managed b
      805578   1322 w  ~1996-04     APPLICATION DEVELOPMENT                  | 1998-10-01 AND TO_DATE >= DATE 1998-10-01 1 1 . 7 A P P L I 
      813517    313 w  ~1996-04     IMPLEMENTATION CONSIDERATIONS            | 1998-10-01 AND TO_DATE <= DATE 1998-10-22 AND STOP_DATE = DA
      814962    162 w  ~1996-04     SUMMARY                                  | 1 1 . 9 S U M M A R Y W e followed a ve-step methodology in
      815995    448 w  ~1996-04     READINGS                                 | 1 1 . 1 0 R E A D I N G S This case study was discussed in t
      818453    244 w  ~1996-04     Chapter 12: Overview                     | coffee- table edition [96], with illustrations located and s
      819921    159 w  ~1996-04     12.1 SQL-92                              | 1 2 . 1 S Q L - 9 2 Many knotty problems arise when we have 
      820843    423 w  ~1996-04     12.2 SQL-92 Limitations                  | 1 2 . 2 S Q L - 9 2 L I M I T A T I O N S What is the sour c
      823031    113 w  ~1996-04     12.3 SQL3                                | 1 2 . 3 S Q L 3 All the time in the world Climbs the walls, 
      823601    466 w  ~1996-04     12.4 Periods                             | 1 2 . 4 P E R I O D S 4 0 3 for temporal support in SQL3 tha
      826178    248 w  ~1996-04     12.4.1 Period Literals                   | 12.4.1 Period Literals SQL3 period literals support all comb
      827789    311 w  ~1996-04     12.4.2 Predicates / 12.4.2 Predicates    | 1997-12-31 23:59:59-07:00]  PERIOD (1996-12-31 23:59:59 - 1
      829267    264 w  ~1996-04     12.4.3 Constructors                      | 12.4.3 Constructors SQL3 adds several datetime constructors:
      830592    764 w  ~1996-04     1 2 . 5 D E F I N I N G V A L I D - T I  | 1 2 . 5 D E F I N I N G V A L I D - T I M E S T A T E T A B 
      834094    692 w  ~1996-04     1 2 . 5 . 1 T e m p o r a l K e y s a n  | 12.5.1 Temporal Keys and Uniqueness The primar y key was spe
      837860    502 w  ~1996-04     1 2 . 5 . 2 R e f e r e n t i a l I n t  | 12.5.2 Referential Integrity W e now revisit the various kin
      840706    511 w  ~1996-04     1 2 . 6 Q U E R Y I N G S T A T E T A B  | 1 2 . 6 Q U E R Y I N G S T A T E T A B L E S 4 1 1 C o d e 
      843308    174 w  ~1996-04     12.6.1 Extracting States                 | 12.6.1 Extracting States A valid time-slice query is nonsequ
      844321    812 w  ~1996-04     12.6.2 Sequenced Queries                 | 12.6.2 Sequenced Queries In all cases, a nontemporal quer y 
      848095    266 w  ~1996-04     12.6.3 Nonsequenced Queries              | 12.6.3 Nonsequenced Queries Nonsequenced queries require (na
      849586    173 w  ~1996-04     12.6.4 Eliminating Duplicates            | 12.6.4 Eliminating Duplicates Duplicate removal of any varia
      850385     43 w  ~1996-04     12.7 MODIFYING STATE TABLES              | 1930 lines for sequenced. 1 2 . 7 M O D I F Y I N G S T A T
      850580    281 w  ~1996-04     12.7.1 Current Modications              | 12.7.1 Current Modications Modications that don' t involve
      851995    441 w  ~1996-04     Section 12.7.2: Sequenced Modications   | 12.7.2 Sequenced Modications The period of applicability of
      854196    203 w  ~1996-04     Section 12.7.3: Nonsequenced Modication | 12.7.3 Nonsequenced Modications As with constraints and que
      855344    252 w  ~1996-04     Section 12.7.4: Modications That Mentio | 12.7.4 Modications That Mention Other Tables When one or mo
      856645    511 w  ~1996-04     Section 12.7.5: Temporal Partitioning*   | 12.7.5 Temporal Partitioning* Temporal partitioning is an as
      859439    204 w  ~1996-04     Section 12.8: RETAINING A TRACKING LOG   | 1 2 . 8 R E T A I N I N G A T R A C K I N G L O G 4 2 1 C o 
      860408    299 w  ~1996-04     Section 12.8.1: Dening Transaction-Time | 12.8.1 Dening Transaction-Time Tables The simplest way to i
      862095   1168 w  ~1996-04     Section 12.8.2: Queries                  | 12.8.2 Queries A quer y on the current state of a table with
      868447    215 w  ~1996-04     12.8.3 Modications                      | 12.8.3 Modications Sequenced and nonsequenced modications 
      869471     88 w  ~1996-04     12.9 TRANSACTION-TIME STATE TABLES       | 1 2 . 9 T R A N S A C T I O N - T I M E S T A T E T A B L E 
      869920    244 w  ~1996-04     12.9.1 Queries                           | 12.9.1 Queries As with valid time, a sequenced transaction-t
      871268    112 w  ~1996-04     12.9.2 Temporal Partitioning and Vacuumi | 1 0 B I T E M P O R A L T A B L E S 4 2 7 The MEETS predicat
      871883    439 w  ~1996-04     12.10 BITEMPORAL TABLES                  | 1 2 . 1 0 B I T E M P O R A L T A B L E S Valid-time support
      874429    669 w  ~1996-04     12.10.1 Queries                          | 12.10.1 Queries W e start with time-slice queries, which are
      878018     88 w  ~1996-04     Case 1                                   | can differ , sometimes dramatically , in SQL3 all the varian
      878488     79 w  ~1996-04     Case 2                                   | CF-10.26 .) C a s e 2 Valid-time sequenced and transaction-t
      878896     99 w  ~1996-04     Case 3                                   | C a s e 3 Valid-time nonsequenced and transaction-time curre
      879345     71 w  ~1996-04     Case 4                                   | C a s e 4 Valid-time current and transaction-time sequenced 
      879719     82 w  ~1996-04     Case 5                                   | C a s e 5 Valid-time sequenced and transaction-time sequence
      880150     82 w  ~1996-04     Case 6                                   | C a s e 6 Valid-time nonsequenced and transaction-time seque
      880592     80 w  ~1996-04     Case 7                                   | C a s e 7 Valid-time current and transaction-time nonsequenc
      881011    114 w  ~1996-04     Case 8                                   | C H A P T E R T W E L V E : L A N G U A G E D I R E C T I O 
      881513    652 w  ~1996-04     Case 9                                   | C a s e 9 Valid-time nonsequenced and transaction-time nonse
      884954    387 w  ~1996-04     Integrity Constraints                    | 12.10.2 Integrity Constraints The following assertion is non
      887156    602 w  ~1996-04     Modications                             | 12.10.3 Modications Current modications in SQL3 on bitempo
      890317     45 w  ~1996-04     Temporal Partitioning and Vacuuming      | 12.10.4 Temporal Partitioning and Vacuuming As has been emph
      890604    344 w  ~1996-04     CAPSTONE CASE                            | 1 2 . 1 1 C A P S T O N E C A S E 4 3 7 I n t e r n e t T i 
      892302    163 w  ~1996-04     Temporal Relational Schema               | 12.11.1 Temporal Relational Schema Section 11.1 emphasized a
      893204     24 w  ~1996-04     User-Dened Time Attributes              | User-Dened Time Attributes Attributes whose type is period 
      893359     69 w  ~1996-04     Entity Lifespans                         | Entity Lifespans T o each table corresponding to an entity t
      893689    215 w  ~1996-04     Relationship Valid Time                  | Relationship Valid Time For tables corresponding to entity a
      894869     56 w  ~1996-04     Valid Time of Attributes                 | VALIDTIME PERIOD(TIMESTAMP MINUTE) ALTER TABLE MASS TRTMNT A
      895162    361 w  ~1996-04     Transaction Time                         | Transaction Time TRANSACTIONTIME without a stated granularit
      897093    107 w  ~1996-04     Primary Keys                             | Primary Keys In SQL3, the primary key should reect the temp
      897783    177 w  ~1996-04     Referential Integrity                    | Referential Integrity Referential integrity constraints are 
      898901    641 w  ~1996-04     Uniqueness Constraints                   | Uniqueness Constraints As with all integrity constraints, th
      902531    650 w  ~1996-04     12.11.2 Queries                          | 12.11.2 Queries As we've seen from the previous case studies
      905339    155 w  ~1996-04     12.11.3 Modications                     | 12.11.3 Modications W e start with current modications, wh
      905890    493 w  ~1996-04     12.12 MIGRATION                          | 1 2 . 1 1 1 Lot 426, a collection of heifers, was on the fee
      908316    319 w  ~1996-04     12.12.1 Upward Compatibility             | 12.12.1 Upward Compatibility Perhaps the most important aspe
      910238   1155 w  ~1996-04     12.12.2 Temporal Upward Compatibility    | 12.12.2 Temporal Upward Compatibility If an existing or new 
      916861    928 w  ~1996-04     Sequenced Extensions                     | 12.12.3 Sequenced Extensions The requirements covered so far
      921876    544 w  ~1996-04     Nonsequenced Queries and Modiﬁcations    | 12.12.4 Nonsequenced Queries and Modications In a sequenced
      925094    769 w  ~1996-04     12.13 Additional Constructs              | 1997. 1 2 . 1 3 A D D I T I O N A L C O N S T R U C T S O F 
      929033    457 w  ~1996-04     12.14 Implementation Considerations      | 1 2 . 1 4 I M P L E M E N T A T I O N C O N S I D E R A T I 
      931244    304 w  ~1996-04     12.14.1 TIMEDB                           | 12.14.1 T I M E D B T I M E D B is middleware that supports 
      932883    255 w  ~1996-04     12.14.2 TIGER                            | 12.14.2 T I G E R T I G E R is another front end to Oracle s
      934142    338 w  ~1996-04     12.14.3 Synchrony                        | 12.14.3 Synchrony Synchrony is a data warehouse quer y tool 
      936174    218 w  ~1996-04     CD-ROM Materials                         | 12.14.4 CD-ROM Materials A wealth of material is available o
      937299    543 w  ~1996-04     SUMMARY                                  | 1 2 . 1 5 S U M M A R Y In SQL-92, users must roll their ow
      940466   2209 w  ~1996-04     READINGS                                 | 12.32 3 sequenced updates 7.18, 7.24 2777 12.33, 12.37 36 
      953145    645 w  ~1996-04     Chapter 13: Prospects                    | contact if. . . at 510-864-3480 or www .iftime.com. The Swat
    MISSING 'I'
    MISSING 'C'
    MISSING '1'

stage-2026.pdf  ok  pieces 21  dropped 28  tries 1  toc None  chunks 13  $0.017
    class published | title 'STAGE: A Full-Screenplay Benchmark for Reasoning over Evolving Stories' | author 'Qiuyu Tian1,2' | date 2026-08 from 'arXiv:2601.08510v9  [cs.CL]  4 Aug 2026'
    body 412-35986 of 156643 (77% outside) | body_start 'Abstract' | end matter 'References'
    contents None .. None at None-None
         412    223 w  -            Abstract                                 | Abstract Movie screenplays are a demanding testbed for long-
        2032    755 w  -            Introduction                             | 1 Introduction A screenplay presents an ordered sequence of 
        7376    473 w  -            Related Work                             | 2 Related Work Narrative structure and evolving state. Com- 
       10631    110 w  -            The STAGE Framework / Dataset / Data col | 3 The STAGE Framework 3.1 Dataset 3.1.1 Data collection and 
       11460    424 w  -            Narrative backbone construction          | 3.1.2 Narrative backbone construction The STAGE narrative ba
       14481     98 w  -            Paired work-identity controls            | 3.1.3 Paired work-identity controls Widely known films may a
       15200    250 w  -            Tasks                                    | 3.2 Tasks STAGE operationalizes evolving-story understand- i
       16961     95 w  -            Task I: Character Development Tracking   | 3.2.1 Task I: Character Development Tracking Given a focal c
       17674     76 w  -            Task II: Cross-Scene Narrative Evolution | 3.2.2 Task II: Cross-Scene Narrative Evolution Reasoning Tas
       18218     80 w  -            Task III: In-Script Character Role-Playi | 3.2.3 Task III: In-Script Character Role-Playing Task III an
       18811    206 w  -            Evaluation                               | 3.3 Evaluation STAGE separates local semantic judgments from
       20362    139 w  -            Experimental Setup / Research Questions  | 4 Experimental Setup 4.1 Research Questions RQ1: How accurat
       21404    215 w  -            Models and Baselines                     | 4.2 Models and Baselines We evaluate Qwen3 (8B, 30B-A3B, and
       22793    234 w  -            Evaluation Protocol                      | 4.3 Evaluation Protocol DeepSeek-V4-Pro (DeepSeek-AI, 2026) 
       24361     25 w  -            Results and Analysis                     | 5 Results and Analysis Results address tracking, reasoning, 
       24541    306 w  -            RQ1: Character Development Tracking      | 5.1 RQ1: Character Development Tracking GPT-5.5 leads both c
       26593    222 w  -            RQ2: Cross-Scene Narrative Evolution Rea | 5.2 RQ2: Cross-Scene Narrative Evolution Reasoning Hybrid RA
       28232    627 w  -            RQ3: Grounded Persona Consistency in In- | 5.3 RQ3: Grounded Persona Consistency in In-Script Character
       32203    107 w  -            Conclusion                               | 6 Conclusion STAGE evaluates full-screenplay understanding t
       33060    206 w  -            Limitations                              | 7 Limitations STAGE has three main limitations. Construction
       34578    184 w  -            Ethical Considerations                   | 8 Ethical Considerations STAGE follows the linked-source rel
    28 piece(s) after the end matter dropped

statefuse-2026.pdf  ok  pieces 29  dropped 0  tries 1  toc None  chunks 4  $0.006
    class published | title 'StateFuse: Deterministic Conflict-Preserving Memory for\nMulti-Agent Systems' | author 'Sergey Volkov' | date 2026-07-07 from 'arXiv:2607.05844v1  [cs.AI]  7 Jul 2026'
    body 235-37763 of 43404 (14% outside) | body_start 'Abstract' | end matter 'References'
    contents None .. None at None-None
         235    201 w  -            Abstract                                 | Abstract Agent systems accumulate conflicting observations a
        1821    637 w  -            Chapter 1: Introduction                  | 1 Introduction Agent systems increasingly operate as branchi
        6444    137 w  -            Chapter 2: Related Work / Section 2.1: C | 2 2 Related Work 2.1 CRDT Joins, OpSets, and Structured Loca
        7399    109 w  -            Section 2.2: Truth Maintenance, Belief R | 2.2 Truth Maintenance, Belief Revision, and Provenance-Aware
        8198    112 w  -            Section 2.3: Event-Sourced and Policy-at | 2.3 Event-Sourced and Policy-at-Read-Time Systems Classical 
        9096    267 w  -            Section 2.4: Agent Memory Systems and Ev | 2.4 Agent Memory Systems and Evaluation Gaps RAG and agent f
       11035     54 w  -            Section 2.5: Comparative Matrix          | 2.5 Comparative Matrix Table 1 positions StateFuse across me
       11454     72 w  -            Chapter 3: Method / Section 3.1: Design  | 3 Method 3.1 Design Goals StateFuse is designed for agent wo
       12043    249 w  -            Section 3.2: Operations, Claim Handles,  | 3.2 Operations, Claim Handles, and Predicate Contracts State
       13868    191 w  -            Section 3.3: Merge and Materialization   | 3.3 Merge and Materialization Let O denote a finite set of i
       15174    235 w  -            Section 3.4: Projection and Bounded Reso | 3.4 Projection and Bounded Resolver Authority build view(sta
       16842     98 w  -            Section 3.5: Bounded Operational Extensi | 3.5 Bounded Operational Extensions Two implementation extens
       17603    209 w  -            Section 3.6: Metrics                     | 3.6 Metrics Let T be the set of tasks evaluated for a given 
       19046     75 w  -            Section 3.7: Complexity                  | 3.7 Complexity With |O| operations, materialization is linea
       19542    120 w  -            Section 3.8: Worked Example              | 3.8 Worked Example Consider two branches of the same agent t
       20415    115 w  -            Section 4: Experiments / Section 4.1: Ev | 4 Experiments 4.1 Evaluation Structure The evaluation separa
       21312    261 w  -            Section 4.2: Main Evidence: Official Ben | 4.2 Main Evidence: Official Benchmark and Uniform-Verificati
       23286    294 w  -            Section 4.3: Correction-Handle Support:  | 4.3 Correction-Handle Support: Exact vs. Semantic Correction
       25333    351 w  -            Discussion / What Is Actually New Here   | 5 Discussion 5.1 What Is Actually New Here The paper should 
       27611    198 w  -            What the Strong Flat Baselines Mean      | 5.2 What the Strong Flat Baselines Mean The strongest empiri
       29013     78 w  -            What the Current Results Do Not Justify  | 5.3 What the Current Results Do Not Justify The current evid
       29532     83 w  -            Trust Boundary and Operational Scope     | 5.4 Trust Boundary and Operational Scope StateFuse is still 
       30176    105 w  -            Threats to Validity                      | 5.5 Threats to Validity Several limits remain important: • T
       30865    161 w  -            Conclusion                               | 6 Conclusion StateFuse argues that agent-memory progress doe
       31951    228 w  -            Technical Appendix / Formal Objects      | additional in-repo stress tests. 13 A Technical Appendix A.1
       33464     80 w  -            Deterministic Interpretation Rules       | A.2 Deterministic Interpretation Rules The implementation en
       33993    341 w  -            Theorem Sketches                         | A.3 Theorem Sketches Proposition 1 (Convergence). If two ben
       36290    122 w  -            A.4 Semantics Notes                      | A.4 Semantics Notes • Retractions are targeted tombstones. T
       37126     97 w  -            A.5 Complexity Notes                     | A.5 Complexity Notes Let n = |O| be the number of operations

stonybook-2023.pdf  ok  pieces 22  dropped 0  tries 1  toc None  chunks 2  $0.003
    class published | title 'STONYBOOK: A System and Resource for Large-Scale Analysis of Novels' | author 'Charuta Pethe, Allen Kim, Rajesh Prabhakar, Tanzir Pial, Steven Skiena' | date 2023-11-06 from 'arXiv:2311.03614v1  [cs.CL]  6 Nov 2023'
    body 262-18549 of 24595 (26% outside) | body_start 'Abstract' | end matter 'References'
    contents None .. None at None-None
         262    141 w  -            Abstract                                 | Abstract Books have historically been the primary mech- anis
        1206    488 w  -            Chapter 1: Introduction                  | 1 Introduction Books have historically been the primary mech
        4579    274 w  -            Chapter 2: Related Work                  | 2 Related Work GutenTag (Brooke et al., 2015) is a tool that
        6365     55 w  -            Chapter 3: System Components             | 3 System Components In this section, we describe the primary
        6693    146 w  -            Section 3.1: Datasets                    | 3.1 Datasets Our primary resources are two well-known collec
        7632    132 w  -            Section 3.2: Annotation Format           | 3.2 Annotation Format After each of the phases described in 
        8414     46 w  -            Section 3.3: Preprocessing               | 3.3 Preprocessing To annotate Gutenberg headers and footers,
        8704     45 w  -            Section 3.4: Section Header Identificati | 3.4 Section Header Identification We use an exhaustive rule-
        8992     77 w  -            Section 3.5: Syntax Parsing              | 3.5 Syntax Parsing We obtain the following annotations, as d
        9589    175 w  -            Section 3.6: Character Identification    | 3.6 Character Identification We perform the following steps 
       10726     80 w  -            Chapter 4: Web Interface                 | 4 Web Interface The results and metadata of analysis of each
       11215    271 w  -            Section 4.1: Characters                  | 4.1 Characters Unifying and aggregating character references
       13007    111 w  -            Most Similar Books                       | 4.2 Most Similar Books Book embeddings provide vector repres
       13656    104 w  -            Representative Vocabulary                | 4.3 Representative Vocabulary For each book, we compute the 
       14255     87 w  -            Part of Speech Statistics                | 4.4 Part of Speech Statistics For each of the following part
       14790     63 w  -            Readability Metrics                      | 4.5 Readability Metrics Figure 9: Readability metrics for ‘O
       15220     41 w  -            Exploring the Resource                   | 5 Exploring the Resource In this section, we present some of
       15482    123 w  -            Percentage frequency vs. character rank: | Percentage frequency vs. character rank: We consider all boo
       16251    100 w  -            Ratio of top 2 characters’ mentions:     | Ratio of top 2 characters’ mentions: For all the books in th
       16842     88 w  -            Protagonist’s gender over time:          | Protagonist’s gender over time: For books from the HathiTrus
       17378     89 w  -            POS Correlations:                        | POS Correlations: Figure 12 shows the pair- wise Pearson cor
       18002     77 w  -            Conclusion                               | 6 Conclusion We present an end-to-end system for NLP-driven 

story-ribbons-2025.pdf  ok  pieces 45  dropped 0  tries 1  toc None  chunks 7  $0.010
    class published | title 'Story Ribbons: Reimagining Storyline Visualizations with\nLarge Language Models' | author 'Catherine Yeh, Tara Menon, Robin Singh Arya, Helen He, Moira Weigel, Fernanda Viégas, and Martin Wattenberg' | date 2025-08 from 'arXiv:2508.06772v1  [cs.HC]  9 Aug 2025'
    body 818-63611 of 81001 (22% outside) | body_start 'Abstract—Analyzing literature involves tracking interactions between characters, locations, and themes. Visualization has the potential' | end matter 'ACKNOWLEDGMENTS'
    contents None .. None at None-None
         818    169 w  -            opening                                  | Abstract—Analyzing literature involves tracking interactions
        2103    819 w  -            Introduction                             | 1 INTRODUCTION Visualizing textual data is currently a major
        7719    114 w  -            Related Work                             | 2 RELATED WORK The history of finding a visual form for a st
        8506    179 w  -            Visualizing Narratives: Challenges & Opp | 2.1 Visualizing Narratives: Challenges & Opportunities Story
        9768    240 w  -            NLP-Enhanced Story Analysis              | 2.2 NLP-Enhanced Story Analysis Historically, computational 
       11468    124 w  -            Goals & Tasks                            | 3 GOALS & TASKS Literary analysis differs from conventional 
       12322    434 w  -            Design Goals                             | 3.1 Design Goals Overall, scholars wanted to see how LLMs co
       15150    149 w  -            Design Tasks                             | 3.2 Design Tasks We then translated these goals into the fol
       16112     23 w  -            Story Analysis Pipeline                  | 4 STORY ANALYSIS PIPELINE To explore RQ1, we created an LLM-
       16276     89 w  -            Pipeline Design                          | 4.1 Pipeline Design We followed an iterative process to buil
       16914     58 w  -            Overview                                 | 4.1.1 Overview Our pipeline contains four steps, comprising 
       17286    111 w  -            Split input text into chapters           | 1 - Split input text into chapters (D). We first split the s
       17986    357 w  -            Split chapters into scenes and fill in d | 2 - Split chapters into scenes and fill in details (D). Next
       20223    194 w  -            Generate chapter, character, and locatio | 3 - Generate chapter, character, and location summaries (A).
       21460     22 w  -            Output final story data                  | 4 - Output final story data (A). We output all structured ch
       21586    150 w  -            Pipeline Evaluation                      | 4.2 Pipeline Evaluation Data. We assessed our pipeline on 36
       22556    178 w  -            Overall Performance                      | 4.2.1 Overall Performance Tab. 2 provides output statistics 
       23739    666 w  -            Study Guide Analysis                     | 4.2.2 Study Guide Analysis As a baseline comparison, we exam
       27902    368 w  -            Scene Boundary Analysis                  | 4.2.3 Scene Boundary Analysis While discrepancies in scene l
       30188     98 w  -            STORY RIBBONS DESIGN                     | 5 STORY RIBBONS DESIGN Guided by our design tasks (Sec. 3) a
       30834    172 w  -            Technique                                | 5.1 Technique We adapt the original storyline visualization 
       31906    276 w  -            Key Interaction Motifs                   | 5.2 Key Interaction Motifs Our system includes three key LLM
       33684     20 w  -            Interface                                | 5.3 Interface STORY RIBBONS consists of three views for expl
       33834    297 w  -            Story Overview                           | 5.3.1 Story Overview The Story Overview contains our main ri
       35735    397 w  -            Detail Overlay                           | 5.3.2 Detail Overlay After gaining a high-level overview, us
       38101    322 w  -            Settings Sidebar                         | 5.3.3 Settings Sidebar To further customize the ribbon plot,
       40140    222 w  -            Implementation                           | 5.4 Implementation STORY RIBBONS is a full-stack web applica
       41575    242 w  -            Usage Example: Pride and Prejudice       | 5.5 Usage Example: Pride and Prejudice This design was heavi
       42997     24 w  -            STORY RIBBONS EVALUATION                 | 6 STORY RIBBONS EVALUATION We evaluated our tool through a u
       43161    238 w  -            User Study                               | 6.1 User Study Our user study involved asking participants t
       44759     62 w  -            Expert Interviews                        | 6.2 Expert Interviews We conducted semi-structured interview
       45189    106 w  -            RESULTS                                  | 7 RESULTS Overall, participants enjoyed using STORY RIBBONS 
       45835    387 w  -            Case Study: The Metamorphosis            | 7.1 Case Study: The Metamorphosis To illustrate STORY RIBBON
       48126    222 w  -            7.2 User Feedback                        | 7.2 User Feedback Users appreciated STORY RIBBONS’ high degr
       49448    346 w  -            7.2.1 Most & least useful features       | 7.2.1 Most & least useful features 14 participants enjoyed u
       51543     19 w  -            7.3 Limitations of LLMs                  | 7.3 Limitations of LLMs User also discovered several interes
       51680    223 w  -            7.3.1 Context and granularity challenges | 7.3.1 Context and granularity challenges We observed in Sec.
       53067    137 w  -            7.3.2 Lack of advanced analytical capabi | 7.3.2 Lack of advanced analytical capabilities 8 participant
       53932    183 w  -            7.3.3 Impact on trust                    | 7.3.3 Impact on trust 14 participants said unexpected LLM be
       55011    353 w  -            7.4 Use Cases & Applications             | 7.4 Use Cases & Applications Pedagogy. Both participants and
       57234     18 w  -            8 DISCUSSION & FUTURE WORK               | 8 DISCUSSION & FUTURE WORK Our results offer insight into cu
       57367    181 w  -            8.1 Sparking and Drawing From Literary C | 8.1 Sparking and Drawing From Literary Conversation Multiple
       58478    310 w  -            8.2 Toward More Integrated LLM-Visualiza | 8.2 Toward More Integrated LLM-Visualization Interactions Us
       60581    261 w  -            8.3 Scaling Analytical Power and Trust:  | 8.3 Scaling Analytical Power and Trust: A Tradeoff Another e
       62310    186 w  -            Conclusion                               | 9 CONCLUSION STORY RIBBONS augments traditional storyline vi

storybench-2025.pdf  ok  pieces 20  dropped 0  tries 1  toc None  chunks 5  $0.006
    class published | title 'StoryBench: A Dynamic Benchmark for Evaluating\nLong-Term Memory with Multi Turns' | author 'Luanbo Wan1,2∗,\nWeizhi Ma1†' | date 2025-06-16 from 'arXiv:2506.13356v1  [cs.CL]  16 Jun 2025'
    body 324-41020 of 54573 (25% outside) | body_start 'Abstract' | end matter 'References'
    contents None .. None at None-None
         324    194 w  -            Abstract                                 | Abstract Long-term memory (LTM) is essential for large langu
        1793    897 w  -            Chapter 1: Introduction                  | 1 Introduction In the field of artificial intelligence, the 
        8145    361 w  -            Chapter 2: Related Work / Section 2.1: S | 2 Related Work 2.1 Strategies and Techniques for Enhancing L
       10764    288 w  -            Section 2.2: Benchmarks for Evaluating L | 2.2 Benchmarks for Evaluating Long-Term Memory Recent evalua
       12827    218 w  -            StoryBench / Motivation and Overview     | 3 StoryBench 3.1 Motivation and Overview Existing benchmarks
       14481    214 w  -            Dynamic Narrative and Multi-Turn Decisio | 3.2 Dynamic Narrative and Multi-Turn Decision-Making StoryBe
       16058    250 w  -            Two Task Modes for Evaluating LTM        | 3.3 Two Task Modes for Evaluating LTM To explore different a
       17790     64 w  -            Tailored Metrics for Assessing LTM Model | 3.4 Tailored Metrics for Assessing LTM Models To comprehensi
       18209    137 w  -            Metrics for Knowledge Retention          | 3.4.1 Metrics for Knowledge Retention • Overall Accuracy (Ov
       19034    291 w  -            Metrics for Sequential Reasoning         | 3.4.2 Metrics for Sequential Reasoning • Accuracy by Difficu
       20953    357 w  -            Dataset Construction / Overview          | 4 Dataset Construction 4.1 Overview To evaluate long-term me
       23510    199 w  -            Structural Organization                  | 4.2 Structural Organization The dataset is organized as a di
       24895    332 w  -            Data Source and Annotation Process       | 4.3 Data Source and Annotation Process We construct our data
       27191    402 w  -            Experiments & Results / Experimental Set | 5 Experiments & Results 5.1 Experimental Setup We conduct ex
       30120    145 w  -            Main Results of Long-Term Memory Perform | 5.2 Main Results of Long-Term Memory Performance Table 2: Pe
       30854    556 w  -            Model Analysis                           | 5.2.1 Model Analysis To better understand the performance di
       34465    328 w  -            Insights of Distinctions Between Two Mod | 5.2.2 Insights of Distinctions Between Two Modes To investig
       36791    295 w  -            Failure Case Study                       | 5.3 Failure Case Study In evaluating long-term memory capabi
       38942    171 w  -            Limitations                              | 6 Limitations While our benchmark provides a comprehensive e
       40158    102 w  -            Conclusions                              | 7 Conclusions We introduce StoryBench, a novel benchmark des

streaming-knowledge-compilation-2026.pdf  ok  pieces 34  dropped 7  tries 2  toc None  chunks 9  $0.014
    class published | title 'Streaming Knowledge Compilation: Proactive\nMateriality-Scored Pinning for Time-Evolving LLM\nWikis' | author 'Juan M. Huerta' | date 2026-06-03 from 'arXiv:2606.09877v1  [cs.LG]  3 Jun 2026'
    body 202-86124 of 101297 (15% outside) | body_start 'Abstract' | end matter 'References'
    contents None .. None at None-None
         202    292 w  -            Abstract                                 | Abstract LLM wiki systems compile knowledge into pre-filled 
        2263    697 w  -            Chapter 1: Introduction                  | 1 Introduction The emergence of LLM wiki systems [Huerta, 20
        7090   1232 w  -            Chapter 2: Related Work                  | 2 2 Related Work Knowledge compilation and LLM wikis. RAG [L
       15973   1048 w  -            Problem Formulation                      | 3 Problem Formulation We consider a discrete-time setting t 
       22160     64 w  -            Algorithm: Online WiCER / Main Loop      | 4 Algorithm: Online WiCER 4.1 Main Loop Algorithm 1 presents
       22568    323 w  -            Materiality Scoring                      | 4.2 Materiality Scoring The algorithm requires a predicted m
       24693    102 w  -            Hybrid fusion                            | Hybrid fusion. The final volatility score combines both infe
       25325    558 w  -            4.3 State-Aware Marginal Regret Scorer   | 4.3 State-Aware Marginal Regret Scorer The stateless volatil
       28783    171 w  -            4.4 Pin Eviction                         | 4.4 Pin Eviction Active pins compete for the limited budget 
       29787    225 w  -            4.5 Incremental vs. Full Recompilation   | 4.5 Incremental vs. Full Recompilation Incremental compile. 
       31231    558 w  -            4.6 Volatility-Driven Query Generation   | 4.6 Volatility-Driven Query Generation Motivation. The formu
       34883     85 w  -            4.7 Predictive CEGAR Formalization       | 4.7 Predictive CEGAR Formalization Table 1 formalizes the co
       35499     30 w  -            5 Theoretical Analysis                   | 5 Theoretical Analysis We analyze Online WiCER’s regret in t
       35693    215 w  -            Theorem 5.1 (Regret decomposition)       | Theorem 5.1 (Regret decomposition). Let T be the time horizo
       36942     80 w  -            Theorem 5.2 (Periodic recompilation conv | Theorem 5.2 (Periodic recompilation convergence). If the ful
       37420     52 w  -            Proposition 5.3 (Vanishing quality gap)  | Proposition 5.3 (Vanishing quality gap). Under the Online Wi
       37725    330 w  -            Proposition 5.4 (Submodular greedy appro | Proposition 5.4 (Submodular greedy approximation). Suppose w
       39787     58 w  -            Section 6: Experiments                   | 6 Experiments We present two instantiations of the Streaming
       40213    673 w  -            Section 6.1: Finance Instantiation / Sec | 6.1 Finance Instantiation 6.1.1 Data and Setup News corpus. 
       44738     78 w  -            Section 6.1.2: Scorer Baselines          | 6.1.2 Scorer Baselines We compare three volatility scoring a
       45269     68 w  -            Section 6.1.3: Metrics                   | 6.1.3 Metrics • Materiality F1: Harmonic mean of precision a
       45705     88 w  -            Section 6.1.4: Ablations                 | 6.1.4 Ablations We ablate five dimensions: (a) hybrid mixing
       46273    444 w  -            Section 6.2: Wikipedia Instantiation     | 6.2 Wikipedia Instantiation The Wikipedia instantiation repl
       49192    402 w  -            Results / Finance Results / Materiality  | 7 Results 7.1 Finance Results 7.1.1 Materiality Prediction T
       51834     76 w  -            Score Distribution Analysis              | 7.1.2 Score Distribution Analysis The classification head pr
       52356   1181 w  -            Ablation Results                         | 7.1.3 Ablation Results Table 3 presents ablation results acr
       60040    130 w  -            Error Analysis                           | 7.1.4 Error Analysis The classification head’s primary failu
       60970    348 w  -            Downstream Volatility Validation         | 7.1.5 Downstream Volatility Validation Beyond classification
       63466    711 w  -            Marginal Regret Scorer Evaluation        | 7.1.6 Marginal Regret Scorer Evaluation We evaluate the stat
       68069    304 w  -            Computational Efficiency and Stream Capa | 7.1.7 Computational Efficiency and Stream Capacity Throughpu
       70013    832 w  -            End-to-End Wiki QA Evaluation            | 7.1.8 End-to-End Wiki QA Evaluation The preceding sections e
       75523    475 w  -            7.2 Wikipedia Results                    | 7.2 Wikipedia Results Table 13 reports the same metrics as T
       78767    728 w  -            8 Discussion and Conclusion              | 8 Discussion and Conclusion Streaming Knowledge Compilation 
       84002    289 w  -            Conclusion                               | Conclusion. We have formalized Streaming Knowledge Compilati
    7 piece(s) after the end matter dropped

sumers2024-coala.pdf  ok  pieces 27  dropped 0  tries 1  toc None  chunks 11  $0.014
    class published | title 'Cognitive Architectures for Language Agents' | author 'Theodore R. Sumers∗\nShunyu Yao∗\nKarthik Narasimhan\nThomas L. Griffiths' | date 2024-02 from 'Published in Transactions on Machine Learning Research (02/2024)'
    body 322-77158 of 122433 (37% outside) | body_start 'Abstract' | end matter 'Acknowledgements'
    contents None .. None at None-None
         322    154 w  -            Abstract                                 | Abstract Recent efforts have augmented large language models
        1410    865 w  -            Chapter 1: Introduction                  | 1 Introduction Language agents (Weng, 2023; Wang et al., 202
        7273     80 w  -            Chapter 2: Background: From Strings to S | 2 Published in Transactions on Machine Learning Research (02
        7862    181 w  -            Section 2.1: Production systems for stri | 2.1 Production systems for string manipulation In the first 
        9003    214 w  -            Section 2.2: Control flow: From strings  | 2.2 Control flow: From strings to algorithms By itself, a pr
       10325    917 w  -            Section 2.3: Cognitive architectures: Fr | 2.3 Cognitive architectures: From algorithms to agents Produ
       16537    389 w  -            Language models and agents               | 2.4 Language models and agents Language modeling is a decade
       18999     69 w  -            Connections between Language Models and  | 3 Connections between Language Models and Production Systems
       19484    291 w  -            Language models as probabilistic product | 3.1 Language models as probabilistic production systems In t
       21355    668 w  -            Prompt engineering as control flow       | 3.2 Prompt engineering as control flow The weights of an LLM
       25520    363 w  -            3.3 Towards cognitive language agents    | 3.3 Towards cognitive language agents Language agents move b
       28043    420 w  -            4 Cognitive Architectures for Language A | 4 Cognitive Architectures for Language Agents (CoALA): A Con
       30934    628 w  -            4.1 Memory                               | 4.1 Memory Language models are stateless: they do not persis
       35125    535 w  -            4.2 Grounding actions                    | 4.2 Grounding actions Grounding procedures execute external 
       38434    167 w  -            Retrieval actions                        | 4.3 Retrieval actions In CoALA, a retrieval procedure (Li et
       39592    103 w  -            Reasoning actions                        | 4.4 Reasoning actions Reasoning allows language agents to pr
       40269    765 w  -            Learning actions                         | 4.5 Learning actions Learning occurs by writing information 
       45247    736 w  -            Decision making                          | 4.6 Decision making With various actions (grounding, learnin
       50015    754 w  -            Case Studies                             | 5 Case Studies With variations and ablations of the memory m
       54986    777 w  -            Actionable Insights                      | 6 Actionable Insights Compared to some recent empirical surv
       60245    223 w  -            Structured reasoning: thinking beyond pr | Structured reasoning: thinking beyond prompt engineering. Ea
       61807    171 w  -            Long-term memory: thinking beyond retrie | Long-term memory: thinking beyond retrieval augmentation. Wh
       63019    184 w  -            Learning: thinking beyond in-context lea | Learning: thinking beyond in-context learning or finetuning.
       64243    262 w  -            Action space: thinking beyond external t | Action space: thinking beyond external tools or actions. Alt
       66014    441 w  -            Decision making: thinking beyond action  | Decision making: thinking beyond action generation. We belie
       68887   1194 w  -            Section 7: Discussion                    | 7 Discussion In addition to the practical insights presented
       76708     60 w  -            Conclusion                               | 8 Conclusion We proposed Cognitive Architectures for Languag

sun2026-ocr-robustness-rag.pdf  ok  pieces 20  dropped 13  tries 1  toc None  chunks 4  $0.006
    class published | title 'When Good OCR Is Not Enough: Benchmarking OCR Robustness for\nRetrieval-Augmented Generation' | author 'Lin Sun, wangdexian, Jingang Huang, Linglin Zhang, Change Jia, Zhengwei Cheng,\nXiangzheng Zhang' | date 2026-04-29 from 'arXiv:2605.00911v1  [cs.CV]  29 Apr 2026'
    body 0-25253 of 41582 (39% outside) | body_start 'When Good OCR Is Not Enough: Benchmarking OCR Robustness for' | end matter 'References'
    contents None .. None at None-None
           0     32 w  -            opening                                  | When Good OCR Is Not Enough: Benchmarking OCR Robustness for
         253    169 w  -            Abstract                                 | Abstract Industrial Retrieval-Augmented Generation (RAG) sys
        1579    513 w  -            Introduction                             | 1 Introduction Retrieval-Augmented Generation (RAG) (Lewis e
        5395     49 w  -            The InduOCRBench                         | 2 The InduOCRBench We introduce InduOCRBench to bridge the g
        5750    248 w  -            Construction and Annotation / Stratified | 2.1 Construction and Annotation Stratified Sampling from Ind
        7797     80 w  -            Three Layer RAG Oriented Annotation      | Three Layer RAG Oriented Annotation Our annotation schema ca
        8351     54 w  -            Quality Control                          | Quality Control A three stage Human in the loop pipeline ens
        8742     66 w  -            The InduOCRBench Taxonomy                | 2.2 The InduOCRBench Taxonomy We classify the 570 documents 
        9224     25 w  -            Experiments                              | 3 Experiments We evaluate SOTA OCR engines on RAG to inves- 
        9383    358 w  -            Experimental Setup / Baselines and Imple | 3.1 Experimental Setup Baselines and Implementation We bench
       11771     89 w  -            Robustness Gap in Industrial Scenarios / | 3.2 Robustness Gap in Industrial Scenarios Distribution Shif
       12424     66 w  -            Structural Elements Drive Disproportiona | Structural Elements Drive Disproportionate Error Rates Text 
       12913     79 w  -            Extreme Layouts Expose Architecture Depe | Extreme Layouts Expose Architecture Depen- dent Vulnerabilit
       13518    146 w  -            3.3 The OCR-RAG Disconnect               | 3.3 The OCR-RAG Disconnect As shown in Figure 1, although OC
       14553    595 w  -            3.4 Error-Type Analysis                  | 3.4 Error-Type Analysis Figure 3 partitions document types b
       18722    287 w  -            3.5 OCR Fidelity Strongly Affects RAG Pe | 3.5 OCR Fidelity Strongly Affects RAG Performance Figure 4 c
       20742    220 w  -            3.6 Additional Analysis                  | 3.6 Additional Analysis To localize failure sources, we comp
       22331    238 w  -            4 Conclusion and Limitations             | 4 Conclusion and Limitations InduOCRBench shows that high OC
       24158    105 w  -            Ethical Considerations                   | Ethical Considerations InduOCRBench comprises real-world ind
       24994     38 w  -            Acknowledgements                         | Acknowledgements We thank the anonymous reviewers and the ar
    13 piece(s) after the end matter dropped

superlocalmemory-2026.pdf  ok  pieces 44  dropped 0  tries 2  toc None  chunks 15  $0.021
    class published | title 'SuperLocalMemory 4.0:\nThe Governed Memory Operating System for AI\nAgents\nUnifying Information-Geometric Retrieval, Bi-Temporal Recall,\nVerifiable Transactions, and Multi-Tenant Governance in One Local-First Control Plane\n—and Two Invariants That Ask Whether a Wired Mechanism Takes Effect' | author 'Varun Pratap Bhardwaj1' | date 2026-08-25 from 'arXiv:2608.08253v2  [cs.AI]  25 Aug 2026'
    body 556-170380 of 180570 (6% outside) | body_start 'Abstract' | end matter 'Availability and Full Report'
    contents None .. None at None-None
         556   1339 w  -            Abstract                                 | Abstract In plain terms. SuperLocalMemory is an open, local-
        9817    538 w  -            Chapter 1: Introduction                  | 1 Introduction The last two years produced a rich literature
       13626   1624 w  -            Related Work                             | 2 Related Work We organize related work by the capability ea
       24623     42 w  -            Platform at a Glance                     | 3 Platform at a Glance SLM 4.0 is one control plane organize
       24886    161 w  -            Seven Operating Layers                   | 3.1 Seven Operating Layers L1. Admission. Identity resolutio
       26214    754 w  -            Capability Inventory                     | 3.2 Capability Inventory Multi-channel retrieval. Five paral
       32109    204 w  2026-08-03   Capability Coverage Matrix               | 3.3 Capability Coverage Matrix Table 1 maps fifteen capabili
       33568   1998 w  ~2026-08-03  Platform Architecture                    | 4 Platform Architecture SLM 4.0 is one control plane over ma
       47586    173 w  ~2026-08-03  Governance Control Plane                 | 5 Governance Control Plane The strategic premise of SLM 4.0 
       48719    111 w  ~2026-08-03  Server-Derived Actor Identity            | 5.1 Server-Derived Actor Identity ActorContext (core/actor_c
       49479    231 w  ~2026-08-03  Operation Policy Registry                | 5.2 Operation Policy Registry OperationPolicyRegistry (core/
       51257    129 w  ~2026-08-03  Multi-Scope Isolation and Profile Genera | 5.3 Multi-Scope Isolation and Profile Generation Fence SLM 4
       52151    437 w  ~2026-08-03  GDPR Export and Erasure                  | 5.4 GDPR Export and Erasure GDPRCompliance (compliance/gdpr.
       55114    267 w  ~2026-08-03  Hash-Chained Audit Trail and EU AI Act D | 5.5 Hash-Chained Audit Trail and EU AI Act Deployment Checkl
       57053     59 w  ~2026-08-03  Reliability Spine                        | 6 Reliability Spine The governance layer answers who may act
       57481    410 w  ~2026-08-03  Generation-Fenced Admission              | 6.1 Generation-Fenced Admission A profile deleted and recrea
       60627    259 w  ~2026-08-03  6.2 Verifiable Memory Transactions       | 6.2 Verifiable Memory Transactions Every canonical remembere
       62694    432 w  ~2026-08-03  6.3 Cross-Store Verified Erasure         | 6.3 Cross-Store Verified Erasure ErasureService (core/transa
       65865    281 w  ~2026-08-03  6.4 SLM-Mesh: Coordination Across All Th | 6.4 SLM-Mesh: Coordination Across All Three Modes SLM-Mesh p
       68032    587 w  ~2026-08-03  6.5 Operational Recovery and Admin Remed | 6.5 Operational Recovery and Admin Remediation A shared depl
       72204    161 w  ~2026-08-03  The Learning Layer: Measuring Whether a  | 7 The Learning Layer: Measuring Whether a Learner Learns 7.1
       73217   1276 w  ~2026-08-03  Three Bayesian learners, none of which h | 7.2 Three Bayesian learners, none of which has learned anyth
       80868    175 w  ~2026-08-03  Why the learners’ own metrics cannot see | 7.3 Why the learners’ own metrics cannot see this All three 
       81957    691 w  ~2026-08-03  Two invariants that answer the third que | 7.4 Two invariants that answer the third question Both are r
       86118    113 w  ~2026-08-03  7.5 What they found                      | 7.5 What they found Pointed at the authors’ own store, with 
       86812   1732 w  2026-08-25   7.6 From verdict to named cause to repai | 7.6 From verdict to named cause to repair, and a test of the
       97370    259 w  ~2026-08-25  7.7 What does hold                       | 7.7 What does hold Two admission boundaries on this path are
       99001    270 w  ~2026-08-25  7.8 What is not governed                 | 7.8 What is not governed • The three mechanisms in Section 7
      100648   1145 w  ~2026-08-25  8 System Model and Verified Design Invar | 8 System Model and Verified Design Invariants The governing 
      108318    750 w  ~2026-08-25  Threat Model and Capability Coverage     | 9 Threat Model and Capability Coverage SLM 4.0’s threat mode
      113895    335 w  ~2026-08-25  Implementation                           | 10 Implementation SLM 4.0 spans more than 25 subsystems (acc
      116154    220 w  ~2026-08-25  Reliability Evaluation                   | 11 Reliability Evaluation We evaluate SLM 4.0’s durability, 
      117791    828 w  ~2026-08-25  Results                                  | 11.1 Results Ten of the eleven scoped component properties h
      123717    952 w  ~2026-08-25  Real-Scale Performance                   | 11.2 Real-Scale Performance Version of record for this subse
      129878    824 w  ~2026-08-25  Measuring the envelope instead of subtra | 11.2.1 Measuring the envelope instead of subtracting pipelin
      135041    486 w  ~2026-08-25  Retrieval Quality: Carried-Forward V3 Lo | 11.3 Retrieval Quality: Carried-Forward V3 LoCoMo Evidence T
      138321    109 w  ~2026-08-25  A Failure Class Found by Operating the S | 11.4 A Failure Class Found by Operating the System The harne
      138988    128 w  ~2026-08-25  Ten instances of one shape               | 11.4.1 Ten instances of one shape Two of the ten were introd
      139763    741 w  ~2026-08-25  What they share                          | 11.4.2 What they share What the ten share is not silence. We
      144245    215 w  ~2026-08-25  Threats to validity                      | 11.4.3 Threats to validity This is not a controlled experime
      145524    909 w  ~2026-08-25  Limitations and Threats to Validity      | 12 Limitations and Threats to Validity Authorization-layer i
      151488    968 w  ~2026-08-25  Novelty and Contributions                | 13 Novelty and Contributions We state novelty with corpus-bo
      158584   1191 w  ~2026-08-25  Future Work                              | 14 Future Work Memory scaling via quantization. SLM 4.0’s co
      166707    531 w  ~2026-08-25  Conclusion                               | 15 Conclusion Agent memory is becoming shared infrastructure

talebirad2026-hierarchical-theory.pdf  ok  pieces 8  dropped 9  tries 1  toc None  chunks 3  $0.005
    class published | title 'TOWARD A THEORY OF HIERARCHICAL MEMORY FOR\nLANGUAGE AGENTS' | author 'Yashar Talebirad' | date 2026-03-23 from 'arXiv:2603.21564v1  [cs.IR]  23 Mar 2026'
    body 388-15248 of 32320 (54% outside) | body_start 'ABSTRACT' | end matter 'REFERENCES'
    contents None .. None at None-None
         388    145 w  -            Abstract                                 | ABSTRACT Many recent long-context and agentic systems addres
        1413    429 w  -            Chapter 1: Introduction                  | 1 INTRODUCTION Language agents increasingly rely on large ex
        4368    448 w  -            Chapter 2: The Framework / Section 2.1:  | 2 THE FRAMEWORK 2.1 CORE DEFINITIONS Natural language exhibi
        6903    169 w  -            Section 2.2: Multi-Resolution Representa | 2.2 MULTI-RESOLUTION REPRESENTATION Assume the input data D 
        7965    258 w  -            Section 2.3: Self-Sufficiency and the C– | 2.3 SELF-SUFFICIENCY AND THE C–T COUPLING The representative
        9716    347 w  -            Section 2.4: Traversal                   | 2.4 TRAVERSAL A traversal τ : (H, q, B) →S ⊆V0 takes a hiera
       12043    126 w  -            Instantiation / Data and Trace Systems   | 3 INSTANTIATION 3.1 DATA AND TRACE SYSTEMS To showcase gener
       13007    321 w  -            Discussion and Future Work               | 4 DISCUSSION AND FUTURE WORK The (α, C, τ) decomposition pro
    9 piece(s) after the end matter dropped

tam2024-format-restrictions.pdf  ok  pieces 16  dropped 21  tries 1  toc None  chunks 5  $0.008
    class published | title 'Let Me Speak Freely? A Study on the Impact of\nFormat Restrictions on Performance of Large Language Models' | author 'Zhi Rui Tam1* , Cheng-Kuang Wu1*, Yi-Lin Tsai1, Chieh-Yen Lin1,\nHung-yi Lee2, Yun-Nung Chen2' | date 2024-10-14 from 'arXiv:2408.02442v3  [cs.CL]  14 Oct 2024'
    body 248-25995 of 56590 (55% outside) | body_start 'Abstract' | end matter 'References'
    contents None .. None at None-None
         248    113 w  -            Abstract                                 | Abstract Structured generation, the process of producing con
        1066    687 w  -            Chapter 1: Introduction                  | 1 Introduction The few-shot in-context learning (Brown et al
        5617    243 w  -            Chapter 2: Methodology for Structured Ge | 2 Methodology for Structured Generation To study different l
        7268     18 w  -            Chapter 3: Experiments / Section 3.1: Da | 3 Experiments 3.1 Datasets We adopt datasets from various do
        7384    106 w  -            Section 3.1.1: Reasoning Tasks           | 3.1.1 Reasoning Tasks GSM8K (Cobbe et al., 2021): A collecti
        8060    235 w  -            Section 3.1.2: Classification Tasks      | 3.1.2 Classification Tasks DDXPlus (Tchango et al., 2022): A
        9527    228 w  -            Section 3.2: Output Format               | 3.2 Output Format When designing the output format for each 
       10962     46 w  -            Section 3.3: Model                       | 3.3 Model For all experiments, we compare gpt-3.5-turbo- 012
       11298    413 w  -            Section 3.4: Evaluation method           | 3.4 Evaluation method Metrics. To assess the performance of 
       13824    318 w  -            Chapter 4: Main Results / Impact of Form | 4 Main Results 4.1 Impact of Format Restriction on Final Res
       16132    306 w  -            Impact on looser format restriction      | 5.1 Impact on looser format restriction To further investiga
       18139    143 w  -            Comparison Across Different Formats      | 5.2 Comparison Across Different Formats In this section we a
       19017    222 w  -            Structure Format and Parsing Error Rates | 5.3 Structure Format and Parsing Error Rates We initially hy
       20396    421 w  -            Study on Structure Generation with Conte | 5.4 Study on Structure Generation with Context-free Grammars
       22924    327 w  -            Related Work                             | 6 Related Work Our study can be summarized into two genres :
       24945    142 w  -            Conclusion                               | 7 Conclusion Our study reveals that structured generation co
    21 piece(s) after the end matter dropped

vrandecic2014-wikidata.pdf  ok  pieces 16  dropped 0  tries 1  toc None  chunks 3  $0.004
    class published | title 'Wikidata:  \nA Free  \nCollaborative  \nKnowledgebase' | author 'BY DENNY VRANDECˇIC´ AND MARKUS KRÖTZSCH' | date 2014-10 from '78    COMMUNICATIONS OF THE ACM   |  OCTOBER 2014  |  VOL. 57  |  NO. 10'
    body 1920-31142 of 35838 (18% outside) | body_start 'UNNOTICED BY MOST of its readers, Wikipedia' | end matter 'References'
    contents None .. None at None-None
        1920    697 w  -            opening                                  | UNNOTICED BY MOST of its readers, Wikipedia continues to und
        6488    161 w  -            A Short History of Wikidata              | A Short History of Wikidata Wikimedia launched Wikidata in O
        7523    396 w  -            Data in Wikipedia                        | Data in Wikipedia The value of Wikipedia’s data has long bee
        9987    806 w  -            Out of Many, One                         | Out of Many, One The first challenge for the Wikidata commun
       14976    169 w  -            Simple Data (Properties and Values)      | Simple Data (Properties and Values) To store structured data
       16076    238 w  -            Not-So-Simple Data                       | Not-So-Simple Data Property-value pairs are too simple in ma
       17623    274 w  -            Citation Needed                          | Citation Needed Property assertions, possibly with qualifier
       19460    277 w  -            Wikidata by the Numbers                  | Wikidata by the Numbers Wikidata has grown significantly sin
       21136    233 w  -            The Web of Data                          | The Web of Data One promising development in Wiki- data is t
       22713    132 w  -            Accessing Wikidata.                      | Accessing Wikidata. The informa- tion collected by Wikidata 
       23544    134 w  -            Enriching applications.                  | Enriching applications. Many appli- cations can be enriched 
       24400    159 w  -            Advanced analytics.                      | Advanced analytics. Information in Wikidata can be further a
       25455     18 w  -            Wikidata Applications                    | Wikidata Applications The data in Wikidata lends itself to m
       25586    365 w  -            Language labels and descriptions.        | Language labels and descriptions. Wikidata provides labels a
       28111    409 w  -            Prospects                                | Prospects Features still missing include support for complex
       30726     60 w  -            Acknowledgments                          | Acknowledgments The development team’s work on Wikidata is f

vstash-2026.pdf  ok  pieces 48  dropped 0  tries 1  toc None  chunks 4  $0.009
    class published | title 'vstash: Local-First Hybrid Retrieval with Adaptive Fusion for\nLLM Agents' | author 'Jayson Steffens' | date 2026-04-16 from 'arXiv:2604.15484v1  [cs.IR]  16 Apr 2026'
    body 116-44467 of 47739 (7% outside) | body_start '1.1' | end matter '1.16\nReferences'
    contents None .. None at None-None
         116    265 w  -            Abstract                                 | 1.1 Abstract We present vstash, a local-first document memor
        2020    198 w  -            Chapter 1: Introduction                  | 1.2 1 Introduction Large language model agents increasingly 
        3478    150 w  -            Contributions                            | 1.2.1 Contributions Our primary contributions are: (1) a sel
        4614    410 w  -            Chapter 2: Related Work                  | 1.3 2 Related Work Memory for LLM agents. MemGPT (Packer et 
        7419    150 w  -            Chapter 3: System Architecture           | 1.4 3 System Architecture vstash stores all data in a single
        8414     60 w  -            Section 3.1: Ingestion                   | 1.4.1 3.1 Ingestion Documents are parsed via MarkItDown (PDF
        8850     88 w  -            Section 3.2: Hybrid Search with RRF      | 1.4.2 3.2 Hybrid Search with RRF Given a query q, we retriev
        9345     95 w  -            Section 3.3: Intra-Document MMR Deduplic | 1.4.3 3.3 Intra-Document MMR Deduplication After RRF ranking
        9950     49 w  -            Section 3.4: Context Expansion           | 1.4.4 3.4 Context Expansion A single chunk (approximately 25
       10262     40 w  -            Section 3.5: Interfaces                  | 1.4.5 3.5 Interfaces vstash integrates with LLM agents throu
       10524    253 w  -            Section 3.6: Relevance Signal via Vector | 1.4.6 3.6 Relevance Signal via Vector Distance A retrieval s
       12137     42 w  -            3.7 Production Substrate                 | 1.4.7 3.7 Production Substrate The system includes integrity
       12458     72 w  -            4 Adaptive RRF with IDF Weighting        | 1.5 4 Adaptive RRF with IDF Weighting Fixed RRF weights (0.6
       12907    135 w  -            4.1 Method                               | 1.5.1 4.1 Method Adaptive RRF computes per-query weights usi
       13844    117 w  -            4.2 Results                              | 1.5.2 4.2 Results Table 3: Adaptive vs fixed RRF weights on 
       14634     54 w  -            5 Self-Supervised Embedding Refinement v | 1.6 5 Self-Supervised Embedding Refinement via Hybrid Retrie
       15010    177 w  -            5.2 Signal Analysis                      | 1.6.2 5.2 Signal Analysis Across 753 queries on 3 BEIR datas
       16313    108 w  -            5.3 Training                             | 1.6.3 5.3 Training BGE-small-en-v1.5 (33M params, 384d) was 
       17095    353 w  -            5.4 Results                              | 1.6.4 5.4 Results Table 4: Embedding fine-tune evolution App
       19541    406 w  -            5.5 Key Findings                         | 1.6.5 5.5 Key Findings Loss function is the critical design 
       22394     40 w  -            6 Negative Result: Post-RRF Scoring Does | 1.7 6 Negative Result: Post-RRF Scoring Does Not Improve Ret
       22656    198 w  -            6.1 Frequency+Decay Reranking            | 1.7.1 6.1 Frequency+Decay Reranking After RRF retrieval, we 
       23973     40 w  -            6.2 Cross-Encoder Reranking / 6.2 Cross- | 1.7.2 6.2 Cross-Encoder Reranking Off-the-shelf cross-encode
       24277     67 w  -            6.3 Recency Boost (Alternative) / 6.3 Re | 1.7.3 6.3 Recency Boost (Alternative) Based on these negativ
       24733     46 w  -            6.4 Lesson / 6.4 Lesson                  | 1.7.4 6.4 Lesson The hybrid RRF pipeline with adaptive IDF w
       25023     80 w  -            7 Experiments / 7 Experiments / 7.1 Setu | 1.8 7 Experiments 1.8.1 7.1 Setup Corpora. We evaluate on fi
       25561    175 w  -            7.2 Ablation: RRF vs. Vector vs. FTS / 7 | 1.8.2 7.2 Ablation: RRF vs. Vector vs. FTS Table 5a: Ablatio
       26662    280 w  -            7.3 BEIR Baseline Comparison             | 7.3 BEIR Baseline Comparison Table 6: vstash vs published ba
       28583     83 w  -            7.4 At-Scale Validation: 1,000 ArXiv Pap | 7.4 At-Scale Validation: 1,000 ArXiv Papers Table 7: Hybrid 
       29098    205 w  -            7.5 Latency at Scale                     | 7.5 Latency at Scale Table 8: Search latency across corpus s
       30282    220 w  -            7.6 End-to-End Answer Relevance          | 7.6 End-to-End Answer Relevance Table 10: Answer relevance –
       31693    189 w  -            8 Limitations                            | 8 Limitations LLM judge for ablation labels. Tables 5a-5b us
       33038    314 w  -            9 Conclusion                             | 9 Conclusion We presented vstash, a local-first document mem
       35243    109 w  -            Appendix A: Production Substrate / A.1 I | Appendix A: Production Substrate 1.11.1 A.1 Integrity and Re
       36072     50 w  -            A.2 Schema Versioning / A.2 Schema Versi | 1.11.2 A.2 Schema Versioning A SCHEMA_VERSION constant is st
       36450     58 w  -            A.3 Operational Observability / A.3 Oper | 1.11.3 A.3 Operational Observability An in-process metrics r
       36894    130 w  -            Appendix B: Code-Aware Chunking / Append | 1.12 Appendix B: Code-Aware Chunking Standard fixed-window c
       37843    236 w  -            Appendix C: Scoring Grid Search and Cold | 1.13 Appendix C: Scoring Grid Search and Cold Start Analysis
       39607     70 w  -            C.2 Cold Start                           | 1.13.2 C.2 Cold Start On a corpus of 120 Wikipedia articles 
       40068     56 w  -            Appendix D: API and Interface Reference  | 1.14 Appendix D: API and Interface Reference 1.14.1 D.1 MCP 
       40456     51 w  -            D.2 Direct Chunk Access                  | 1.14.2 D.2 Direct Chunk Access Search results include a chun
       40793     51 w  -            D.3 Multi-Profile Support                | 1.14.3 D.3 Multi-Profile Support Multiple named profiles, ea
       41143     37 w  -            D.4 Cross-Session Journal                | 1.14.4 D.4 Cross-Session Journal Lightweight, append-only me
       41421    172 w  -            Appendix E: Additional Evaluation Data / | 1.15 Appendix E: Additional Evaluation Data 1.15.1 E.1 Embed
       42658     96 w  -            E.2 MMR Deduplication Effect             | 1.15.2 E.2 MMR Deduplication Effect Table E2: Effect of MMR 
       43311     42 w  -            E.3 Pipeline Latency Breakdown           | 1.15.3 E.3 Pipeline Latency Breakdown Table E3: Search laten
       43537     69 w  -            E.4 Relevance Signal Classification Stra | 1.15.4 E.4 Relevance Signal Classification Strategies Table 
       43991     70 w  -            E.5 Discard Telemetry                    | 1.15.5 E.5 Discard Telemetry Every search records an event w

wang2023-not-fair-evaluators.pdf  ok  pieces 19  dropped 0  tries 1  toc None  chunks 4  $0.006
    class published | title 'Large Language Models are not Fair Evaluators' | author 'Peiyi Wang1' | date 2024 from 'August 11-16, 2024 ©2024 Association for Computational Linguistics'
    body 694-33687 of 43292 (24% outside) | body_start 'Abstract' | end matter 'References'
    contents None .. None at None-None
         694    187 w  -            Abstract                                 | Abstract In this paper, we uncover a positional bias in the 
        1907    999 w  -            Chapter 1: Introduction                  | 1 Introduction The rapid advancement of Large Language Mod- 
        8291    291 w  -            Chapter 2: Positional Bias of the LLM Ev | 2 Positional Bias of the LLM Evaluator 2.1 LLMs as Evaluator
       10015    924 w  -            Section 2.2: Revealing the Positional Bi | 2.2 Revealing the Positional Bias In this section, we adopt 
       15597    185 w  -            Multiple Evidence Calibration            | 2.3.1 Multiple Evidence Calibration Previous studies (Zheng 
       16654    166 w  -            Balanced Position Calibration            | 2.3.2 Balanced Position Calibration We further employ a bala
       17439    275 w  -            Human-in-the-Loop Calibration            | 2.3.3 Human-in-the-Loop Calibration In addition to the autom
       18967    131 w  -            Experiments / Human Annotation           | 3 Experiments 3.1 Human Annotation To assess the effectivene
       19831    125 w  -            Experimental Setup and Metric            | 3.2 Experimental Setup and Metric We use the OpenAI API to c
       20597    585 w  -            Main Results                             | 3.3 Main Results Table 4 illustrates the performance of diff
       24089    237 w  -            Chapter 4: Analysis / Section 4.1: Ablat | 4 Analysis 4.1 Ablation on Evidence Number k and Temperature
       25540    147 w  -            Section 4.2: Effectiveness of the BPDE   | 4.2 Effectiveness of the BPDE Our HITLC strategy utilizes BP
       26475    297 w  -            Section 4.3: Generalization on the Pairw | 4.3 Generalization on the Pairwise Comparison Evaluation Tem
       28408    222 w  -            Section 4.4: Fine-Grained Analysis of Ev | 4.4 Fine-Grained Analysis of Evaluation Quality To further a
       29852    222 w  -            Chapter 5: Related Work / Large Language | 5 Related Work Large Language Models as Evaluators How to ac
       31350    186 w  -            Bias of Deep Neural Networks             | Bias of Deep Neural Networks Deep Neural Networks have been 
       32512    107 w  -            Chapter 6: Conclusion                    | 6 Conclusion In this paper, we reveal a positional bias of t
       33268     41 w  -            Limitation                               | Limitation In this paper, we identified the positional bias 
       33533     22 w  -            Acknowledgements                         | Acknowledgements This paper is supported by the National Key

wang2024-rag-best-practices.pdf  ok  pieces 29  dropped 7  tries 1  toc None  chunks 7  $0.010
    class published | title 'Searching for Best Practices in Retrieval-Augmented\nGeneration' | author 'Xiaohua Wang, Zhenghua Wang, Xuan Gao, Feiran Zhang,\nYixin Wu, Zhibo Xu, Tianyuan Shi, Zhengyuan Wang, Shizheng Li,\nQi Qian, Ruicheng Yin, Changze Lv, Xiaoqing Zheng∗, Xuanjing Huang' | date 2024-07-01 from 'arXiv:2407.01219v1  [cs.CL]  1 Jul 2024'
    body 447-48065 of 77892 (39% outside) | body_start 'Abstract' | end matter 'Acknowledgments'
    contents None .. None at None-None
         447    132 w  -            Abstract                                 | Abstract Retrieval-augmented generation (RAG) techniques hav
        1522    793 w  -            Chapter 1: Introduction                  | 1 Introduction Generative large language models are prone to
        7271    111 w  -            Chapter 2: Related Work                  | 2 Related Work Ensuring the accuracy of responses generated 
        8124    148 w  -            Section 2.1: Query and Retrieval Transfo | 2.1 Query and Retrieval Transformation Effective retrieval r
        9263    117 w  -            Section 2.2: Retriever Enhancement Strat | 2.2 Retriever Enhancement Strategy Document chunking and emb
       10102    505 w  -            Section 2.3: Retriever and Generator Fin | 2.3 Retriever and Generator Fine-tuning Fine-tuning within t
       13711     62 w  -            Section 3: RAG Workflow                  | 3 RAG Workflow In this section, we detail the components of 
       14118    355 w  -            Section 3.1: Query Classification        | 3.1 Query Classification Not all queries require retrieval-a
       16700     89 w  -            Section 3.2: Chunking                    | 3.2 Chunking Chunking documents into smaller segments is cru
       17371    190 w  -            Section 3.2.1: Chunk Size                | 3.2.1 Chunk Size Chunk size significantly impacts performanc
       18871    104 w  -            Section 3.2.2: Chunking Techniques       | 3.2.2 Chunking Techniques Advanced techniques such as small-
       19582    112 w  -            Section 3.2.3: Embedding Model Selection | 3.2.3 Embedding Model Selection Choosing the right embedding
       20363     43 w  -            Section 3.2.4: Metadata Addition         | 3.2.4 Metadata Addition Enhancing chunk blocks with metadata
       20676    420 w  -            Section 3.3: Vector Databases            | 3.3 Vector Databases Vector databases store embedding vector
       23517    229 w  -            Section 3.4: Retrieval Methods           | 3.44 Table 7: HyDE with different concatenation of hypotheti
       25103    103 w  -            Results for different retrieval methods  | 3.4.1 Results for different retrieval methods We evaluated t
       25870    278 w  -            HyDE with Different Concatenation of Doc | 3.4.2 HyDE with Different Concatenation of Documents and Que
       27638    129 w  -            Hybrid Search with Different Weight on S | 3.4.3 Hybrid Search with Different Weight on Sparse Retrieva
       28460    386 w  -            Reranking Methods                        | 3.5 Reranking Methods After the initial retrieval, a reranki
       31045    135 w  -            Document Repacking                       | 3.6 Document Repacking The performance of subsequent process
       31939    256 w  -            Summarization                            | 3.7 Summarization Retrieval results may contain redundant or
       33860    374 w  -            Generator Fine-tuning                    | 3.8 Generator Fine-tuning In this section, we focus on fine-
       36231    490 w  -            Section 4: Searching for Best RAG Practi | 4 Searching for Best RAG Practices In the following section,
       39325    159 w  -            Section 4.1: Comprehensive Evaluation    | 4.1 Comprehensive Evaluation We conducted extensive experime
       40426    291 w  -            Section 4.2: Results and Analysis        | 4.2 Results and Analysis Based on the experimental results p
       42492    174 w  -            Section 5: Discussion / Section 5.1: Bes | 5 Discussion 5.1 Best Practices for Implementing RAG Accordi
       43745    379 w  -            Section 5.2: Multimodal Extension        | 5.2 Multimodal Extension We have extended RAG to multimodal 
       46373     97 w  -            Section 6: Conclusion                    | 6 Conclusion In this study, we aim to identify optimal pract
       47070    147 w  -            Limitations                              | Limitations We have evaluated the impact of various methods 
    7 piece(s) after the end matter dropped

wang2026-cognifold.pdf  ok  pieces 16  dropped 28  tries 2  toc None  chunks 7  $0.012
    class published | title 'COGNIFOLD: Always-On Proactive\nMemory via Cognitive Folding' | author 'Suli Wang1,*' | date 2026-08-22 from 'arXiv:2605.13438v5  [cs.AI]  22 Aug 2026'
    body 290-44055 of 81864 (47% outside) | body_start 'Abstract' | end matter 'References'
    contents None .. None at None-None
         290    185 w  -            opening                                  | Abstract Existing agent memory remains predominantly reactiv
        1848    924 w  -            Introduction                             | 1 Introduction Memory-Augmented Agents [46, 58] have empower
        8781     72 w  -            CogniFold: From Neural Layers to Concept | 2 CogniFold: From Neural Layers to Conceptual Bootstrapping 
        9372    318 w  -            Tri-Layer Substrate                      | 2.1 Tri-Layer Substrate Human declarative memory is organize
       11696    195 w  -            Dynamics: Conceptual Bootstrapping       | 2.2 Dynamics: Conceptual Bootstrapping If the neuro perspect
       13175    159 w  -            Graph Formalization                      | 2.3 Graph Formalization Having grounded COGNIFOLD in neurobi
       14323    572 w  -            Continuous Cognitive Folding             | 3 Continuous Cognitive Folding Reactive memory architectures
       18410    376 w  -            Proactive Context Assembly               | 3.1 Proactive Context Assembly The working-memory constraint
       20935    542 w  -            Four Structural Debts                    | 3.2 Four Structural Debts Continuous event arrival is not a 
       24823    157 w  -            3.3 Intent Emergence                     | 3.3 Intent Emergence Intent nodes emerge when concept-cluste
       25929    506 w  -            4 Experiments and Results / 4.1 Datasets | 4 Experiments and Results 4.1 Datasets Proactive Evaluation.
       29597    152 w  -            4.2 Baselines                            | 4.2 Baselines Memory-Quality baselines. On LoCoMo, we compar
       30685    262 w  -            4.3 Implementation Details               | 4.3 Implementation Details The agent is gpt-4o-mini on every
       32455   1300 w  -            4.4 Results                              | 4.4 Results Proactive Results. Table 3 reports CogEval-Bench
       41417    214 w  -            Discussion                               | 5 Discussion In a strict sense, COGNIFOLD is beyond memory: 
       43035    140 w  -            Conclusion                               | 6 Conclusion We present COGNIFOLD, an always-on proactive ag
    28 piece(s) after the end matter dropped

wegmann2022-style-content.pdf  ok  pieces 16  dropped 9  tries 1  toc None  chunks 7  $0.010
    class published | title 'Same Author or Just Same Topic? Towards Content-Independent Style\nRepresentations' | author 'Anna Wegmann, Marijn Schraagen and Dong Nguyen' | date 2022-04-11 from 'arXiv:2204.04907v1  [cs.CL]  11 Apr 2022'
    body 267-42117 of 74359 (44% outside) | body_start 'Abstract' | end matter 'References'
    contents None .. None at None-None
         267    168 w  -            Abstract                                 | Abstract Linguistic style is an integral component of langua
        1412    901 w  -            Introduction                             | 1 Introduction Linguistic style (i.e., how something is said
        7174    412 w  -            Related Work                             | 2 Related Work Recently, deep learning approaches have been 
        9947     42 w  -            Style Representation Learning            | 3 Style Representation Learning We describe the new Contrast
       10227    458 w  -            Training Task                            | 3.1 Training Task The authorship veriﬁcation (AV) task is th
       12995    612 w  -            Task Generation                          | 3.2 Task Generation We use a 2018 Reddit sample with utter- 
       16537    459 w  -            Training                                 | 3.3 Training We use the Sentence-Transformers6 python librar
       19087     61 w  -            Evaluation                               | 4 Evaluation We evaluate the learned style representations o
       19502    695 w  -            Authorship Veriﬁcation                   | 4.1 Authorship Veriﬁcation We display the AV and CAV perform
       23704    897 w  -            STEL Task                                | 4.2 STEL Task We calculate the performance of the representa
       28730    799 w  -            Content-Independence of Style Representa | 4.3 Content-Independence of Style Representations We tested 
       33500    543 w  -            Style Representation Analysis            | 5 Style Representation Analysis We want to further understan
       36645    341 w  -            Limitations and Future Work              | 6 Limitations and Future Work We propose several directions 
       38778    199 w  -            Conclusion                               | 7 Conclusion Recent advances in the development of style rep
       40074    230 w  -            Ethical Considerations                   | Ethical Considerations We use utterances taken from 100 subc
       41688     65 w  -            Acknowledgements                         | Acknowledgements We thank the an anonymous ARR reviewers for
    9 piece(s) after the end matter dropped

weikum2021-machine-knowledge.pdf  ok  pieces 195  dropped 2  tries 1  toc 39  chunks 62  $0.081
    class published | title 'Machine Knowledge: Creation and Curation\nof Comprehensive Knowledge Bases' | author 'Gerhard Weikum\nMax Planck Institute for Informatics\nweikum@mpi-inf.mpg.de\nXin Luna Dong\nAmazon\nlunadong@amazon.com\nSimon Razniewski\nMax Planck Institute for Informatics\nsrazniew@mpi-inf.mpg.de\nFabian Suchanek\nTelecom Paris University\nsuchanek@telecom-paris.fr' | date 2021-08-23 from 'August 23, 2021'
    body 399-597038 of 732642 (19% outside) | body_start 'Abstract' | end matter 'Acknowledgements'
    contents 'Contents' .. '9.5.2.1' at 1677-13970
         399   4865 w  -            Abstract                                 | Abstract Equipping machines with comprehensive knowledge of 
       15181    410 w  -            Chapter 1: What Is This All About / Sect | 1 What Is This All About 1.1 Motivation Enhancing computers 
       17791    572 w  -            Section 1.2: History of Large-Scale Know | 1.2 History of Large-Scale Knowledge Bases The concept of a 
       21596   1193 w  -            Section 1.3: Application Use Cases       | 1.3 Application Use Cases Knowledge bases enable or enhance 
       28992    579 w  -            What is a Knowledge Base                 | 1.4.1 What is a Knowledge Base This article covers methods f
       32807    622 w  -            Tasks for KB Creation and Curation       | 1.4.2 Tasks for KB Creation and Curation Creating a KB invol
       36819    797 w  -            1.5 Audience                             | 1.5 Audience We hope that this article will be useful for do
       42063    365 w  -            1.6 Outline                              | 1.6 Outline Structure: The article is organized into ten cha
       44363    184 w  -            Chapter 2: Foundations and Architecture  | 2 Foundations and Architecture 2.1 Knowledge Representation 
       45603    848 w  -            2.1.1 Entities                           | 2.1.1 Entities The most basic element of a KB is an entity. 
       50794    363 w  -            Classes (aka Types)                      | 2.1.2 Classes (aka Types) Entities of interest often come in
       53014    374 w  -            Taxonomies (aka Class Hierarchies)       | Taxonomies (aka Class Hierarchies): By relating the instance
       55346    113 w  -            Subsumption vs. Part-Whole Relation      | Subsumption vs. Part-Whole Relation: Class subsumption shoul
       56031     64 w  -            Instance-of vs. Subclass-of              | Instance-of vs. Subclass-of: Some KBs do not make a clear di
       56428    355 w  -            Properties of Entities: Attributes and R | 2.1.3 Properties of Entities: Attributes and Relations Entit
       58558    234 w  -            Attributes of Entities                   | 2.1.3.1 Attributes of Entities In the above example about th
       60020    531 w  -            Relations between Entities               | 2.1.3.2 Relations between Entities In addition to their attr
       63160    861 w  -            Higher-Arity Relations                   | 2.1.3.3 Higher-Arity Relations Some KBs emphasize binary rel
       68599    454 w  -            Canonicalization                         | 2.1.4 Canonicalization An important objective for a clean kn
       71465    197 w  -            Logical Invariants                       | 2.1.5 Logical Invariants In addition to the grounded stateme
       72669    191 w  -            2.2 Design Space for Knowledge Base Cons | 2.2 Design Space for Knowledge Base Construction Machines ca
       73937   1179 w  -            2.2.1 Requirements                       | 2.2.1 Requirements An ideal KB would have no errors, compris
       81553    685 w  -            Coping with Trade-oﬀs                    | Coping with Trade-oﬀs: Often, the prioritization of requirem
       86021    367 w  -            Input Sources                            | 2.2.2 Input Sources There is a wide spectrum of input source
       88431    316 w  -            Output Scope and Quality                 | 2.2.3 Output Scope and Quality Depending on our goals on pre
       90418    497 w  -            Methodological Repertoire                | 2.2.4 Methodological Repertoire To go from input to output, 
       93750    108 w  -            Knowledge Integration from Premium Sourc | 36 Submitted to Foundations and Trends in Databases 3 Knowle
       94470    127 w  -            The Case for Premium Sources             | 3.1 The Case for Premium Sources We recommend to start every
       95300    227 w  -            Wikipedia                                | Wikipedia: For a general-purpose encyclopedic knowledge base
       96801    487 w  -            Geographic Knowledge                     | Geographic Knowledge: For building a KB about geographic and
      100217   1146 w  -            Category Cleaning                        | 3.2 Category Cleaning Many premium sources come with a rich 
      107696    224 w  -            Algorithm for Category Cleaning          | Algorithm for Category Cleaning Input: Wikipedia category na
      109062    205 w  -            Class Candidates from Wikipedia Articles | Class Candidates from Wikipedia Articles: We have so far foc
      110492    215 w  -            Section 3.3: Alignment between Knowledge | 3.3 Alignment between Knowledge Sources By applying the cate
      111907    466 w  -            Similarity between Categories and Classe | Similarity between Categories and Classes: The key idea is t
      114864     21 w  -            Putting Everything Together              | Putting Everything Together: Putting these considerations to
      115033    410 w  -            Algorithm for Alignment with WordNet     | Algorithm for Alignment with WordNet Input: Class name c der
      117527    421 w  -            Section 3.4: Graph-based Alignment       | 3.4 Graph-based Alignment A diﬀerent paradigm for aligning W
      120314    136 w  -            3.5 Discussion                           | 3.5 Discussion There are various extensions of the presented
      121178    386 w  -            Relationship with Ontology Alignment     | Relationship with Ontology Alignment: The alignment between 
      123798    141 w  -            3.6 Take-Home Lessons                    | 3.6 Take-Home Lessons We summarize this chapter by the follo
      124713    103 w  -            Chapter 4: KB Construction: Entity Disco | 48 Submitted to Foundations and Trends in Databases 4 KB Con
      125408    332 w  -            4.1 Problem and Design Space             | 4.1 Problem and Design Space Harvesting entities and their c
      127342    861 w  -            4.2 Dictionary-based Entity Spotting     | 4.2 Dictionary-based Entity Spotting An important building b
      132705    804 w  -            Pattern-based Methods / Patterns for Ent | 4.3 Pattern-based Methods 4.3.1 Patterns for Entity-Type Pai
      137567   2038 w  -            Pattern Learning                         | 4.3.2 Pattern Learning Pre-speciﬁed patterns are inherently 
      150124    227 w  -            Machine Learning for Sequence Labeling   | 4.4 Machine Learning for Sequence Labeling A major alternati
      151556    157 w  -            Probabilistic Graphical Models           | 4.4.1 Probabilistic Graphical Models This family of models c
      152519    313 w  -            Conditional Random Fields (CRF)          | Conditional Random Fields (CRF): The most successful method 
      154334    292 w  -            CRF Training                             | CRF Training: The training of a CRF from labeled sequences, 
      156086    138 w  -            CRF Inference                            | CRF Inference: When a trained CRF is presented with a previo
      156940    211 w  -            CRF for Part-of-Speech Tagging           | CRF for Part-of-Speech Tagging: A classical application of C
      158198    600 w  -            CRF for Named Entity Recognition (NER) a | CRF for Named Entity Recognition (NER) and Typing: For the t
      161890    293 w  -            Deep Neural Networks                     | 4.4.2 Deep Neural Networks In recent years, neural networks 
      163836    616 w  -            LSTM Models                              | LSTM Models: There are various families of neural networks, 
      167719     48 w  -            4.5 Word and Entity Embeddings           | 4.5 Word and Entity Embeddings Machine learning methods, and
      168018   1227 w  -            Word Embedding                           | Word Embedding: Embeddings of words (or multi-word phrases) 
      175844   1666 w  -            4.6 Ab-Initio Taxonomy Construction      | 4.6 Ab-Initio Taxonomy Construction Assuming that we can ext
      186635    271 w  -            Take-Home Lessons                        | 4.7 Take-Home Lessons The following are key points to rememb
      188358    249 w  -            Entity Canonicalization / Problem and De | 5 Entity Canonicalization 5.1 Problem and Design Space The e
      189889    725 w  -            Entity Linking (EL)                      | 5.1.1 Entity Linking (EL) The most widely studied case is ca
      194522    215 w  -            Section 5.1.2: EL with Out-of-KB Entitie | 5.1.2 EL with Out-of-KB Entities The EL task has many variat
      195790    744 w  -            Section 5.1.3: Coreference Resolution (C | 5.1.3 Coreference Resolution (CR) The initial KB against whi
      200447    638 w  -            Section 5.1.4: Entity Matching (EM)      | 5.1.4 Entity Matching (EM) Computing equivalence classes ove
      204341    101 w  -            5.2 Popularity, Similarity and Coherence | 5.2 Popularity, Similarity and Coherence Measures All EL met
      204985    471 w  -            5.2.1 Mention-Entity Popularity          | 5.2.1 Mention-Entity Popularity As most texts, like news, bo
      207982   1057 w  -            5.2.2 Mention-Entity Context Similarity  | 5.2.2 Mention-Entity Context Similarity The most obvious cue
      214707    924 w  -            5.2.3 Entity-Entity Coherence            | 5.2.3 Entity-Entity Coherence Whenever an input text contain
      220708    545 w  -            Optimization and Learning-to-Rank Method | 5.3 Optimization and Learning-to-Rank Methods All EL methods
      224137    162 w  -            Collective Methods based on Graphs       | 5.4 Collective Methods based on Graphs By factoring entity-e
      225126    151 w  -            Edge-based EL Methods                    | 5.4.1 Edge-based EL Methods Ferragina and Scaiella [172] pro
      226029    719 w  -            Subgraph-based EL Methods                | 5.4.2 Subgraph-based EL Methods Motivated by these considera
      230301    307 w  -            5.4.3 EL Methods based on Random Walks   | 5.4.3 EL Methods based on Random Walks Using the same EL can
      232288    948 w  -            5.4.4 EL Methods based on Probabilistic  | 5.4.4 EL Methods based on Probabilistic Graphical Models The
      237873    123 w  -            5.5 Methods based on Supervised Learning | 5.5 Methods based on Supervised Learning Early work on EL (e
      238729    746 w  -            5.5.1 Neural EL                          | 5.5.1 Neural EL Recall from Section 4.4 that neural networks
      243607    767 w  -            Methods for Semi-Structured Data         | 5.6 Methods for Semi-Structured Data In addition to text doc
      248345    490 w  -            EL Variations and Extensions             | 5.7 EL Variations and Extensions Iterative Linking: A simple
      251603    557 w  -            Entity Matching (EM)                     | 5.8 Entity Matching (EM) When the input to entity canonicali
      255071    542 w  -            Blocking                                 | 5.8.1 Blocking The key idea to address this scalability issu
      258475    447 w  -            Matching Rules                           | 5.8.2 Matching Rules The second major ingredient of modern E
      261251    533 w  -            EM Workﬂow                               | 5.8.3 EM Workﬂow Centered on these two building blocks – blo
      264640    386 w  -            5.9 Take-Home Lessons                    | 5.9 Take-Home Lessons Key points to remember from this chapt
      267106    800 w  -            Chapter 6: KB Construction: Attributes a | 6 KB Construction: Attributes and Relationships 6.1 Problem 
      272158    161 w  -            6.2 Pattern-based and Rule-based Extract | 6.2 Pattern-based and Rule-based Extraction 6.2.1 Speciﬁed P
      273226    457 w  -            6.2.1.1 Regex Patterns                   | 6.2.1.1 Regex Patterns Within Wikipedia, semi-structured ele
      276092    134 w  -            Inducing Regex Patterns from Examples    | 6.2.1.2 Inducing Regex Patterns from Examples To ease the sp
      276996    151 w  -            Type Checking                            | 6.2.1.3 Type Checking Neither manually speciﬁed nor learned 
      277981    701 w  -            Operator-based Extraction Plans          | 6.2.1.4 Operator-based Extraction Plans Often, a number of p
      282419   1105 w  -            Patterns for Text, Lists and Trees       | 6.2.1.5 Patterns for Text, Lists and Trees Extraction patter
      289279    601 w  -            Distantly Supervised Pattern Learning /  | 6.2.2 Distantly Supervised Pattern Learning 6.2.2.1 Statemen
      293020    272 w  -            Quality Measures                         | 6.2.2.2 Quality Measures The measures of support, conﬁdence 
      294719    257 w  -            Scale and Scope / Distant Supervision by | 6.2.2.3 Scale and Scope Distant Supervision by Seeds from Pr
      296406    193 w  -            Correlated Properties with Identical Typ | Correlated Properties with Identical Type Signatures: When a
      297636    490 w  -            Feature-based Classiﬁers                 | 6.2.2.4 Feature-based Classiﬁers Instead of learning pattern
      300644    254 w  -            Further Techniques from NLP              | Further Techniques from NLP: When features are derived from 
      302208    701 w  -            6.2.2.5 Source Discovery                 | 6.2.2.5 Source Discovery Information extraction (IE) as a me
      306804    459 w  -            6.3 Extraction from Semi-Structured Cont | 6.3 Extraction from Semi-Structured Contents We outlined the
      309696   1188 w  -            6.3.1 Distantly Supervised Extraction fr | 6.3.1 Distantly Supervised Extraction from DOM Trees Like wi
      316466    438 w  -            Web Tables and Microformats              | 6.3.2 Web Tables and Microformats Web tables can be viewed a
      319222    629 w  -            Neural Extraction / Classiﬁers and Tagge | 6.4 Neural Extraction 6.4.1 Classiﬁers and Taggers The most 
      323129    645 w  -            6.4.2 Training by Distant Supervision    | 6.4.2 Training by Distant Supervision Since labeled training
      327298    346 w  -            6.4.3 Transformer Networks               | 6.4.3 Transformer Networks Instead of viewing property extra
      329525    184 w  -            6.5 Take-Home Lessons                    | 6.5 Take-Home Lessons Major observations and recommendations
      330824    608 w  -            Chapter 7: Open Schema Construction / 7. | 7 Open Schema Construction 7.1 Problems and Design Space In 
      334918    667 w  -            Open Information Extraction for Predicat | 7.2 Open Information Extraction for Predicate Discovery To d
      339232    394 w  -            Pattern-based Open IE                    | 7.2.1 Pattern-based Open IE Until recently, most methods for
      341758    827 w  -            Extensions of Pattern-based Open IE      | 7.2.2 Extensions of Pattern-based Open IE The basic principl
      347186    491 w  -            7.2.3 Neural Learning for Open IE        | 7.2.3 Neural Learning for Open IE Distilling propositional s
      350353    208 w  -            7.3 Seed-based Discovery of Properties   | 7.3 Seed-based Discovery of Properties In the previous secti
      351687    672 w  -            7.3.1 Distant Supervision for Open IE fr | 7.3.1 Distant Supervision for Open IE from Text The Biperped
      355896   1049 w  -            7.3.2 Open IE from Semi-Structured Web S | 7.3.2 Open IE from Semi-Structured Web Sites Semi-structured
      362174    145 w  -            View Discovery in the KB                 | 7.3.3 View Discovery in the KB There are cases where the KB 
      363093    179 w  -            Property Canonicalization                | 7.4 Property Canonicalization OpenIE-style methods, as discu
      364342    248 w  -            Paraphrase Dictionaries                  | 7.4.1 Paraphrase Dictionaries Recall that for constructing r
      365949   1073 w  -            Property Synonymy                        | 7.4.1.1 Property Synonymy To infer the synonymy of two prope
      372926    306 w  -            Property Subsumption                     | 7.4.1.2 Property Subsumption For semantically organizing lar
      374949   1105 w  -            Clustering of Property Names             | 7.4.2 Clustering of Property Names Suppose we have run an Op
      381583   1091 w  -            Latent Organization of Properties        | 7.4.3 Latent Organization of Properties An alternative to ex
      388104    173 w  -            Take-Home Lessons                        | 7.5 Take-Home Lessons Major conclusions from this line of re
      389271    182 w  -            Knowledge Base Curation                  | 8 Knowledge Base Curation Although the KB construction metho
      390474    535 w  -            KB Quality Assessment / Quality Metrics  | 8.1 KB Quality Assessment 8.1.1 Quality Metrics The degrees 
      393840    265 w  -            Quality Evaluation                       | 8.1.2 Quality Evaluation The deﬁnitions of precision and rec
      395605    141 w  -            Evaluating Recall                        | Evaluating Recall: For recall, evaluation based on sampling 
      396448    291 w  -            8.1.3 Quality Prediction                 | 8.1.3 Quality Prediction Often, the sources from which a KB 
      398230    190 w  -            Knowledge Fusion                         | Knowledge Fusion: For the case of using automatic extractors
      399431    128 w  -            Evidence Collection                      | Evidence Collection: The knowledge fusion techniques can als
      400299    196 w  -            Predicting Recall                        | Predicting Recall: Again, recall is more tricky and tedious 
      401543    333 w  -            Textual Cues for Cardinalities and Recal | Textual Cues for Cardinalities and Recall: Sometimes, there 
      403663    214 w  -            8.2 Knowledge Base Completeness          | 8.2 Knowledge Base Completeness No knowledge base can ever b
      404896    604 w  -            8.2.1 Local Completeness                 | 8.2.1 Local Completeness Notwithstanding the general OWA, we
      408394    266 w  -            Completeness Assertions                  | Completeness Assertions: Starting from seminal database work
      410181    530 w  -            Negative Statements                      | 8.2.2 Negative Statements The design philosphy of KBs is to 
      413405    361 w  -            Rules and Constraints                    | 8.3 Rules and Constraints So far, we have considered only at
      415628    560 w  -            Constraints                              | 8.3.1 Constraints Consistency constraints prescribe invarian
      419141    406 w  -            Deductive Rules                          | 8.3.2 Deductive Rules A deductive rule can infer statements 
      421821   1921 w  -            Rule Mining                              | 8.3.3 Rule Mining Rule mining is the task of identifying log
      433889    880 w  -            Knowledge Graph Embeddings               | 8.4 Knowledge Graph Embeddings So far, we have looked at sym
      439337    193 w  -            Consistency Reasoning for Knowledge Clea | 8.5 Consistency Reasoning for Knowledge Cleaning Constraints
      440608   1069 w  -            Data Cleaning and Knowledge Fusion       | 8.5.1 Data Cleaning and Knowledge Fusion Data Cleaning with 
      447298   1073 w  -            8.5.2 Constraint Reasoning and MaxSat    | 8.5.2 Constraint Reasoning and MaxSat Knowledge fusion and o
      454664    500 w  -            Weighted MaxSat Solvers                  | Weighted MaxSat Solvers: Relating this approach to MaxSat re
      457852    183 w  -            Extensions                               | Extensions: The Weighted MaxSat method has been used in the 
      459085    256 w  -            8.5.3 Integer Linear Programming         | 8.5.3 Integer Linear Programming Another way of operationali
      460694    615 w  -            ILP for Constraint Reasoning             | ILP for Constraint Reasoning: Input: • Uncertain candidate s
      464287    147 w  -            8.5.4 Probabilistic Graphical Models     | 8.5.4 Probabilistic Graphical Models The prior uncertainty i
      465309     35 w  -            Markov Logic Networks                    | Markov Logic Networks: In the following, we focus on one pro
      465530    349 w  -            Markov Logic Network (MLN)               | Markov Logic Network (MLN): Input: • a set of grounded claus
      467631    674 w  -            Factorized Distribution of MLN           | Factorized Distribution of MLN: The MLN graph induces a join
      472002    344 w  -            Probabilistic Soft Logic (PSL)           | Probabilistic Soft Logic (PSL): MLNs relax the Weighted MaxS
      474152     85 w  -            Further Works on Probabilistic Factor Gr | Further Works on Probabilistic Factor Graphs: Numerous other
      474704     69 w  -            Section 8.6: KB Life-Cycle               | 8.6 KB Life-Cycle Construction and curation of a knowledge b
      475171    392 w  -            Section 8.6.1: Provenance Tracking       | 8.6.1 Provenance Tracking While provenance of data is a well
      477788    104 w  -            Section 8.6.2: Versioning and Temporal S | 8.6.2 Versioning and Temporal Scoping Nothing lasts forever:
      478491    105 w  -            Versioning                               | Versioning: Keeping all versions of statements, as relations
      479253    112 w  -            Temporal Scopes                          | Temporal Scopes: We aim for temporally scoped statements, by
      480018    260 w  -            Discovering and Inferring Temporal Scope | Discovering and Inferring Temporal Scopes: Given a statement
      481831    338 w  -            ILP for Temporal Scoping                 | ILP for Temporal Scoping: Input: Candidates of the form ⟨S, 
      483791    767 w  -            8.6.3 Emerging Entities                  | 8.6.3 Emerging Entities An important aspect of evolving know
      488591    172 w  -            8.7 Take-Home Lessons                    | 8.7 Take-Home Lessons We highlighted that knowledge bases re
      489727     94 w  -            9 Case Studies / 9.1 YAGO                | 9 Case Studies 9.1 YAGO The YAGO project (https://yago-knowl
      490310   1767 w  -            Design Principles and History / Initial  | 9.1.1 Design Principles and History Initial YAGO: Core Knowl
      501972    417 w  -            Lessons Learned                          | 9.1.2 Lessons Learned YAGO was one of the ﬁrst large KBs aut
      504737    636 w  -            DBpedia                                  | 9.2 DBpedia DBpedia (https://dbpedia.org, starting in 2007),
      508961   1099 w  -            Open-Web-based KB: NELL / Design Princip | 9.3 Open-Web-based KB: NELL 9.3.1 Design Principles and Meth
      516089    354 w  -            9.3.2 Lessons and Challenges             | 9.3.2 Lessons and Challenges The overview article [428] prov
      518389    125 w  -            9.4 Knowledge Sharing Community: Wikidat | 9.4 Knowledge Sharing Community: Wikidata Wikidata (https://
      519249    265 w  -            9.4.1 Principles and History             | 9.4.1 Principles and History Wikidata was launched in 2012, 
      521077    218 w  -            9.4.2 Data Model and KB Life-Cycle / Ent | 9.4.2 Data Model and KB Life-Cycle Entities (aka. Items) and
      522543    338 w  -            Taxonomy and Consistency                 | Taxonomy and Consistency: Wikidata items are organized into 
      524885    303 w  -            KB Life-Cycle                            | KB Life-Cycle: Like Wikipedia, Wikidata follows a collaborat
      527018    133 w  -            Applications / Galleries, Libraries, Arc | 9.4.3 Applications Beyond Wikipedia, Wikidata is utilized in
      527954    236 w  -            Scholarly Knowledge                      | Scholarly Knowledge: Knowledge about scientiﬁc publications,
      529547    385 w  -            Challenges                               | 9.4.4 Challenges Wikidata is today’s most prominent endeavor
      532200    259 w  -            Industrial Knowledge Graphs              | 9.5 Industrial Knowledge Graphs Knowledge graphs, or KGs for
      533853    367 w  -            Curating Knowledge for Popular Domains   | 9.5.1 Curating Knowledge for Popular Domains The ﬁrst pot of
      536295    252 w  -            Collecting Long-Tail Knowledge           | 9.5.2 Collecting Long-Tail Knowledge Long-tail domains are t
      537910    538 w  -            Tools for Long-tail Knowledge Curation   | 9.5.2.1 Tools for Long-tail Knowledge Curation One eﬀective 
      541426    350 w  -            Knowledge Vault                          | 9.5.2.2 Knowledge Vault Tooling can speed up the collection 
      543634    304 w  -            Experimental Findings                    | Experimental Findings: The above methods extracted 2.8 billi
      545586    331 w  -            Lessons Learned                          | Lessons Learned: Despite the promising results, KV did not s
      547720    289 w  -            Amazon Ceres                             | 9.5.2.3 Amazon Ceres Amazon Ceres (Lockard et al. [384] [385
      549615    211 w  -            Ceres for Schema-based “Closed IE”       | Ceres for Schema-based “Closed IE”: Ceres extracts knowledge
      551008    211 w  -            Open-IE-based Ceres                      | Open-IE-based Ceres: OpenCeres [385] and ZeroShotCeres [386]
      552451    491 w  -            Collection of Retail Product Knowledge   | 9.5.3 Collection of Retail Product Knowledge Recent years ha
      555790    339 w  -            Amazon Product Graph                     | 9.5.3.1 Amazon Product Graph Amazon is building a Product Gr
      558013    218 w  -            Computational Knowledge: Wolfram Alpha   | 9.5.4 Computational Knowledge: Wolfram Alpha Wolfram Alpha i
      559453    230 w  -            Search and Question Answering with Machi | 9.5.5 Search and Question Answering with Machine Knowledge I
      560964    950 w  -            Knowledge-Facilitated Web Search         | 9.5.5.1 Knowledge-Facilitated Web Search The use case that p
      567002    296 w  -            Search by Entity Description             | 9.5.5.2 Search by Entity Description A very large fraction o
      568958    574 w  -            QA Assistants                            | 9.5.5.3 QA Assistants Question answering plays an important 
      572441    118 w  -            Outlook                                  | 9.5.6 Outlook KB technology has been highly impactful in Int
      573206    715 w  -            Ecosystem of Interlinked Data and Knowle | 9.6 Ecosystem of Interlinked Data and Knowledge The Semantic
      577758    610 w  -            Wrap-Up / Take-Home Lessons              | 10 Wrap-Up 10.1 Take-Home Lessons This article discussed con
      581825   2334 w  -            Challenges and Opportunities             | 10.2 Challenges and Opportunities In this ﬁnal section, we s
    2 piece(s) after the end matter dropped

wicer-2026.pdf  ok  pieces 23  dropped 26  tries 2  toc None  chunks 7  $0.013
    class published | title 'WiCER: Wiki-memory Compile, Evaluate, Refine\nIterative Knowledge Compilation for LLM Wiki\nSystems' | author 'Juan M. Huerta' | date 2026-05-08 from 'arXiv:2605.07068v1  [cs.CL]  8 May 2026'
    body 202-32091 of 79942 (60% outside) | body_start 'Abstract' | end matter 'References'
    contents None .. None at None-None
         202    201 w  -            Abstract                                 | Abstract The LLM Wiki pattern—to compile and provide domain 
        1630    632 w  -            Chapter 1: Introduction                  | 1 Introduction A growing class of user-facing AI application
        6119    640 w  -            Chapter 2: Related Work                  | 2 Related Work Retrieval-Augmented Generation. RAG was intro
       10647    213 w  -            Chapter 3: Experimental Setup / Section  | 3 Experimental Setup 3.1 Document Corpora Policygenius (cura
       12135     86 w  -            Question-Answer Generation               | 3.2 Question-Answer Generation For Policygenius, we generate
       12745     81 w  -            System Configuration                     | 3.3 System Configuration All experiments run on an Apple M4 
       13286     76 w  -            Inference Configurations                 | 3.4 Inference Configurations Full-context. All 30 articles a
       13827     87 w  -            Evaluation Methodology                   | 3.5 Evaluation Methodology For each question we measure time
       14404    147 w  -            Full-Context KV Cache on Compiled Knowle | 4 Full-Context KV Cache on Compiled Knowledge 4.1 Answer Qua
       15317    100 w  -            Timing: Full-Context vs. RAG             | 4.2 Timing: Full-Context vs. RAG Table 2 compares latency an
       15976     71 w  -            The Scalability Gap                      | 5 The Scalability Gap Section 4 showed that full-context KV 
       16404    571 w  -            Results                                  | 5.1 Results TTFT and quantization. Warm-cache TTFT is consis
       20094     50 w  -            The Compilation Gap                      | 6 The Compilation Gap The scalability gap (Section 5) shows 
       20440     91 w  -            Motivation and Pipeline                  | 6.1 Motivation and Pipeline Two forces act in opposition: to
       21056     85 w  -            Results                                  | 6.2 Results The compiler consistently over-compresses: light
       21629    229 w  -            Analysis                                 | 6.3 Analysis Quality degrades monotonically with compression
       22998     55 w  -            WiCER: Wiki-memory Compile, Evaluate, Re | 7 WiCER: Wiki-memory Compile, Evaluate, Refine Blind compila
       23380     78 w  -            Algorithm                                | 7.1 Algorithm WiCER starts with a blind compilation of the s
       23909    488 w  -            Design Rationale                         | 7.2 Design Rationale WiCER instantiates the Counterexample-G
       26788    114 w  -            7.3 Results                              | 7.3 Results Table 4 shows WiCER results across all seventeen
       27515    283 w  -            7.4 Analysis and Limitations             | 7.4 Analysis and Limitations Ten of seventeen topics peak at
       29505    121 w  -            7.5 Ablation: Diagnosed vs. Random Pinni | 7.5 Ablation: Diagnosed vs. Random Pinning To isolate the co
       30335    262 w  -            8 Discussion and Conclusion              | 8 Discussion and Conclusion Full-context KV cache inference 
    26 piece(s) after the end matter dropped

wiki-vs-rag-cochran-2026.pdf  ok  pieces 14  dropped 0  tries 1  toc None  chunks 5  $0.006
    class published | title 'Single-Round Vector RAG vs an LLM-Compiled Wiki:\nA Preregistered Comparison on a Small Multi-Domain Research\nCorpus' | author 'Theodore O. Cochran' | date 2026-08-16 from 'arXiv:2605.18490v2  [cs.CL]  16 Aug 2026'
    body 179-55774 of 61363 (9% outside) | body_start 'Abstract' | end matter 'References'
    contents None .. None at None-None
         179    397 w  -            Abstract                                 | Abstract We preregistered a comparison of two ways to help a
        2775    614 w  -            Chapter 1: Introduction                  | 1 Introduction An “LLM Wiki” turns a research corpus into a 
        6914    587 w  -            Chapter 2: Related Work                  | 2 2 Related Work RAG and multi-hop retrieval. Retrieval-augm
       10958    880 w  -            Chapter 3: Methods                       | 3 Methods Corpus and questions. 24 peer-reviewed papers acro
       17201    498 w  -            Experimental setup                       | 4 Experimental setup Artifacts. Five preregistered run artif
       20565     50 w  -            Results                                  | 5 Results We report each hypothesis under the primary-only r
       20893   1003 w  -            Confirmatory analyses                    | 5.1 Confirmatory analyses H1: Synthesis advantage (n = 4). P
       27573    167 w  -            5.2 Robustness checks (preregistered)    | 5.2 Robustness checks (preregistered) Only H1 inter_paper_ma
       28679    668 w  -            5.3 Inter-rater reliability: a ceiling-j | 5.3 Inter-rater reliability: a ceiling-judge finding The pre
       33023   1034 w  -            5.4 Post-hoc claim-level grounding       | 5.4 Post-hoc claim-level grounding We ran a post-hoc claim-l
       39856    149 w  -            5.5 Other preregistered exploratory anal | 5.5 Other preregistered exploratory analyses The preregistra
       40893   1199 w  -            6 Exploratory decomp-RAG ablation        | 6 Exploratory decomp-RAG ablation A natural alternative hypo
       48959    845 w  -            Discussion and limitations               | 7 Discussion and limitations What the findings mean. The wik
       54869    124 w  -            Conclusion                               | 8 Conclusion The most defensible conclusion of this preregis

willard2023-guided-generation.pdf  ok  pieces 11  dropped 2  tries 1  toc None  chunks 3  $0.004
    class published | title 'Efficient Guided Generation for Large Language\nModels' | author 'Brandon T. Willard1 and R´emi Louf2' | date 2023-07-14 from '2023-07-14'
    body 137-25195 of 28502 (12% outside) | body_start 'Abstract' | end matter 'References'
    contents None .. None at None-None
         137    118 w  -            Abstract                                 | Abstract In this article we show how the problem of neural t
         936    406 w  -            Chapter 1: Introduction                  | 1 Introduction We are concerned with the problem of generati
        3585    127 w  -            Chapter 2: LLM Sampling and Guided Gener | 2 LLM Sampling and Guided Generation Let St = (s1 . . . st) 
        4271    181 w  -            Section 2.1: Sampling sequences          | 2.1 Sampling sequences Let F ⊂P (V), where P is the powerset
        5322    370 w  -            Section 2.2: Guiding generation          | 2.2 Guiding generation We can derive other random variables 
        7459    865 w  -            Chapter 3: Iterative FSM Processing and  | 3 Iterative FSM Processing and Indexing We frame the case of
       12157    257 w  -            3.1 Examples                             | 3.1 Examples In this section we use GPT2-medium (355M parame
       13916    280 w  -            3.2 Comparison with current methods      | 3.2 Comparison with current methods To illustrate the effici
       15935    710 w  -            4 Extensions to Iterative Parsing        | 40 60 80 100 Generated tokens 0 20 40 60 80 100 120 runtime 
       20012    542 w  -            4.1 Pushdown Automata Formulation        | 4.1 Pushdown Automata Formulation We define pushdown automat
       23107    328 w  -            5 Discussion                             | 5 Discussion The vocabulary indexing introduced in this pape
    2 piece(s) after the end matter dropped

wu2021-recursive-books.pdf  FLAGGED  pieces 23  dropped 47  tries 2  toc 37  chunks 11  $0.018
    class published | title 'Recursively Summarizing Books with Human Feedback' | author 'Jeff Wu∗\nLong Ouyang∗\nDaniel M. Ziegler∗\nNisan Stiennon∗\nRyan Lowe∗\nJan Leike∗\nPaul Christiano∗' | date 2021-09-27 from 'arXiv:2109.10862v2  [cs.CL]  27 Sep 2021'
    body 153-49326 of 125769 (61% outside) | body_start 'Abstract' | end matter 'Acknowledgements'
    contents 'Table of Contents' .. None at 63283-None
         153    208 w  -            Abstract                                 | Abstract A major challenge for scaling machine learning is t
        1549   1539 w  -            Introduction                             | 1 Introduction To train an ML model on a new task, we need a
       11278    350 w  -            Approach / Task decomposition            | 2 Approach 2.1 Task decomposition Consider a task for which 
       13385    449 w  -            Decomposition for book summarization     | 2.2 Decomposition for book summarization We use a simple pro
       15932    351 w  -            Training                                 | 2.3 Training For training the model, we most closely follow 
       18079    232 w  -            Auto-induced distributional shift        | 2.3.1 Auto-induced distributional shift Since each model is 
       19483    222 w  -            Training curriculum                      | 2.3.2 Training curriculum Because of the ADS mentioned in Se
       20739     59 w  -            Fine-tuning details                      | 2.3.3 Fine-tuning details We use pretrained transformer lang
       21117    119 w  -            Behavioral cloning and reward modeling   | Behavioral cloning and reward modeling In the ﬁrst leaves ph
       21834    198 w  -            Reinforcement learning                   | Reinforcement learning We ran three variants of sampling tas
       23000    138 w  -            Advantages of decomposition              | 2.4 Advantages of decomposition Compared to end-to-end train
       23799    115 w  -            Task details / Training dataset          | 3 Task details 3.1 Training dataset For training, we use a s
       24518    213 w  -            Summarization task                       | 3.2 Summarization task We aim to summarize abstractively, tr
       25815    381 w  -            Results / Full book human evaluations /  | 4 Results 4.1 Full book human evaluations 4.1.1 Methodology 
       28055    320 w  -            Findings                                 | 4.1.2 Findings Our best models can generate realistic summar
       30064    499 w  -            BookSum results                          | 4.2 BookSum results We also evaluate our models on the recen
       33181    466 w  -            Human label efﬁciency of RL vs. BC       | 4.3 Human label efﬁciency of RL vs. BC In Section 4.1.2 we f
       35977    243 w  -            4.4 NarrativeQA: using book summaries fo | 4.4 NarrativeQA: using book summaries for question answering
       37456    677 w  -            5 Related work                           | 5 Related work Our work is directly inspired by previous pap
       41753    282 w  -            6 Discussion                             | 6 Discussion Our main interest in this work is scaling human
       43466    440 w  -            6.1 Limitations                          | 6.1 Limitations Our model’s book summaries lack coherence. W
       46101    228 w  -            6.2 Open questions                       | 6.2 Open questions Though our approach produced plausible bo
       47527    290 w  -            6.3 Broader impacts                      | 6.3 Broader impacts This work expands on the reward modeling
    MISSING '31'
    MISSING 'A'
    47 piece(s) after the end matter dropped

wu2025-memoryagentbench.pdf  ok  pieces 15  dropped 50  tries 1  toc None  chunks 10  $0.015
    class published | title 'Evaluating Memory in LLM Agents via Incre-\nmental Multi-Turn Interactions' | author 'Yuanzhe Hu∗†*†, Yu Wang*†, Julian McAuley' | date 2026-06-28 from 'arXiv:2507.05257v4  [cs.CL]  28 Jun 2026'
    body 254-39892 of 117912 (66% outside) | body_start 'Abstract' | end matter 'Ethics Statement'
    contents None .. None at None-None
         254    247 w  -            Abstract                                 | Abstract Recent benchmarks for Large Language Model (LLM) ag
        2111   1058 w  -            Chapter 1: Introduction                  | 1 Introduction Large Language Model (LLM) agents have rapidl
        9625    633 w  -            Chapter 2: Related Work / Section 2.1: B | 2 Related Work 2.1 Benchmarks on Long-Context and Memory In 
       13768    671 w  -            Agents with Memory Mechanisms            | 2.2 Agents with Memory Mechanisms Memory mechanisms are attr
       18642    702 w  -            MemoryAgentBench / Dataset Preperation   | 3 MemoryAgentBench 3.1 Dataset Preperation In this section, 
       23193    305 w  -            Different Categories of Memory Agents    | 3.2 Different Categories of Memory Agents We evaluate three 
       25233    391 w  -            Datasets and Agents Formulation          | 3.3 Datasets and Agents Formulation Datasets Formulation We 
       27774    654 w  -            Chapter 4: Experiments / Experimental Se | 4 Experiments 4.1 Experimental Setup The datasets are split 
       31444    236 w  -            Overall Performance Comparison           | 4.2 Overall Performance Comparison Table 3 presents the over
       33038    180 w  -            Analysis and Ablation Study              | 4.3 Analysis and Ablation Study In this section, we present 
       34171    130 w  -            Ablation Study on Input Chunk Size       | 4.3.1 Ablation Study on Input Chunk Size To understand how c
       35057    117 w  -            Ablation Study on Retrieval TopK         | 4.3.2 Ablation Study on Retrieval TopK In our experiments, a
       35768    251 w  -            Ablation Study on Backbone Model         | 4.3.3 Ablation Study on Backbone Model To investigate how di
       37441    177 w  -            4.3.4 Validation of Dataset FactConsolid | 4.3.4 Validation of Dataset FactConsolidation Table 5: Perfo
       38585    181 w  -            5 Conclusion                             | 5 Conclusion In this paper, we introduce MemoryAgentBench, a
    50 piece(s) after the end matter dropped

wu2026-proactive-memory-agent.pdf  ok  pieces 19  dropped 0  tries 1  toc None  chunks 4  $0.005
    class published | title 'Remember When It Matters: Proactive Memory\nAgent for Long-Horizon Agents' | author 'Yifan Wu, Lizhu Zhang, Yuhang Zhou, Mingyi Wang, Bo Peng, Serena Li, Xiangjun Fan, Zhuokai Zhao' | date 2026-07-10 from 'Date: July 10, 2026'
    body 177-40328 of 46405 (13% outside) | body_start 'In long-horizon tasks, decision-relevant state is often scattered across an expanding trajectory, while' | end matter 'References'
    contents None .. None at None-None
         177    199 w  -            opening                                  | In long-horizon tasks, decision-relevant state is often scat
        1595    763 w  -            Chapter 1: Introduction                  | 1 Introduction LLM agents are increasingly evaluated on long
        6755    118 w  -            Chapter 2: Related Work / Section 2.1: L | 2 Related Work 2.1 Long-horizon language agents. Language-mo
        7633    163 w  -            Section 2.2: Memory for language-model a | 2.2 Memory for language-model agents. A large body of work a
        8752    242 w  -            Section 2.3: Learned memory policies and | 2.3 Learned memory policies and context management. Long con
       10481    145 w  -            Section 2.4: Reflection, critics, and ad | 2.4 Reflection, critics, and advisor models. Another line of
       11501     94 w  -            Section 2.5: Positioning                 | 2.5 Positioning. Taken together, prior work shows that memor
       12190    244 w  -            Method                                   | 3 Method We introduce a memory intervention architecture for
       13787    317 w  -            Problem Setup                            | 3.1 Problem Setup We consider an action agent interacting wi
       15689    247 w  -            Memory Bank                              | 3.2 Memory Bank The memory bank is a compact, structured rep
       17323    486 w  -            Two-Phase Memory Agent                   | 3.3 Two-Phase Memory Agent At each memory step, the memory a
       20616     88 w  -            Triggering the Memory Agent              | 3.4 Triggering the Memory Agent The memory agent is invoked 
       21156    230 w  -            Learning Memory Intervention Policies    | 3.5 Learning Memory Intervention Policies The memory-interve
       22757    629 w  -            Experiments and Results / Benchmarks and | 4 Experiments and Results 4.1 Benchmarks and Setup We evalua
       26846    283 w  -            4.2 Main Results                         | 4.2 Main Results Table 1 reports the main results. Memory in
       28488    839 w  -            4.3 Ablations and Comparisons            | 4.3 Ablations and Comparisons We ablate the memory agent on 
       34220    519 w  -            4.4 Qualitative Analysis                 | 4.4 Qualitative Analysis We qualitatively inspect memory-ena
       37828    232 w  -            4.5 Training Open-Weight Memory Agents   | 4.5 Training Open-Weight Memory Agents We conduct an early e
       39405    132 w  -            5 Conclusion                             | 5 Conclusion We propose agent memory as proactive interventi

xie2026-pask.pdf  FLAGGED  pieces 30  dropped 0  tries 2  toc 38  chunks 8  $0.014
    class published | title 'PASK: Toward Intent-Aware Proactive Agents\nwith Long-Term Memory' | author 'Zhifei Xie2†,\nZongzheng Hu1,\nFangda Ye3,\nXin Zhang1,\nHaobo Chai1,\nZihang Liu3,\nPengcheng Wu2,\nGuibin Zhang3,\nYue Liao3,\nXiaobin Hu3‡,\nDeheng Ye2‡,\nChunyan Miao2‡,\nShuicheng Yan3‡' | date 2026-04-09 from 'arXiv:2604.08000v1  [cs.AI]  9 Apr 2026'
    body 307-82258 of 92120 (11% outside) | body_start '1\nIntroduction' | end matter 'References'
    contents 'Contents' .. None at 2508-None
         307    307 w  -            Abstract                                 | Abstract Proactivity is a core expectation for AGI. Prior wo
        2517   2715 w  -            Chapter 1: Introduction                  | 1 Introduction . . . . . . . . . . . . . . . . . . . . . . .
       15317    670 w  -            Chapter 2: DD-MM-PAS: A Paradigm for Pro | 2 DD-MM-PAS: A Paradigm for Proactive AI Proactivity is not 
       19804    424 w  -            Section 2.1: Problem Formulation         | 2.1 Problem Formulation We model human–AI interaction as a c
       22491    159 w  -            Section 2.2: The DD-MM-PAS Paradigm      | 2.2 The DD-MM-PAS Paradigm DD-MM-PAS decomposes proactive in
       23725    198 w  -            Chapter 3: Pask-DD: IntentFlow           | 3 Pask-DD: IntentFlow In this section, we present IntentFlow
       25122    681 w  -            Model Architecture                       | 3.1 Model Architecture To address accurate intent recognitio
       29811    189 w  -            Data Curation                            | 3.2 Data Curation High-quality data on human intent is essen
       31181    456 w  -            LatentNeeds-100k for Finetuning          | 3.2.1 LatentNeeds-100k for Finetuning: We first construct th
       34599    162 w  -            LatentNeeds-2K for Intent-alignment Rein | 3.2.2 LatentNeeds-2K for Intent-alignment Reinforcement Lear
       35760     24 w  -            Training Procedure                       | 3.3 Training Procedure We adopt a two-stage training strateg
       35938    187 w  -            3.3.1 Separate supervised fine-tuning    | 3.3.1 Separate supervised fine-tuning. We first train Demand
       37192    230 w  -            3.3.2 Reinforcement learning for deep hu | 3.3.2 Reinforcement learning for deep human intent alignment
       38773    351 w  -            Chapter 4: Pask-MM: Self-Evolving Hierar | 4 Pask-MM: Self-Evolving Hierarchical Memory Modeling A Proa
       41451    252 w  -            4.1 Architecture Definition              | 4.1 Architecture Definition The architecture of Pask-MM is d
       43306    330 w  -            4.2 Memory Access and Inference Mechanis | 4.2 Memory Access and Inference Mechanism The core challenge
       45255    495 w  -            4.3 Memory Self-Evolution and Maintenanc | 4.3 Memory Self-Evolution and Maintenance Continuous interac
       49034    448 w  -            Pask-PAS: System Implementation          | 5 Pask-PAS: System Implementation In this section, we introd
       52228    456 w  -            Experiments / Experimental Setup / Laten | 6 Experiments 6.1 Experimental Setup 6.1.1 LatentNeeds-Bench
       55152    645 w  -            Baselines                                | 6.1.2 Baselines IntentFlow is built on top of the Qwen3-30B-
       59214   1424 w  -            Main Result                              | 6.2 Main Result Table 1 studies the simplest form of intent-
       67506    540 w  -            Is LLM A Better Assistant or A Tutor?    | 6.3 Is LLM A Better Assistant or A Tutor? We next examine mo
       70908    451 w  -            Multi-round Analysis                     | 6.4 Multi-round Analysis We next study model behavior in rea
       74267    101 w  -            Additional Analyses / Latency Analysis   | 6.5 Additional Analyses 6.5.1 Latency Analysis Across models
       75006    141 w  -            Long-Term Memory Analysis                | 6.5.2 Long-Term Memory Analysis Evaluating long-term memory 
       76028    165 w  -            User Study                               | 6.5.3 User Study Figure 9 also presents the user study resul
       77085    154 w  -            Related Work / Proactive AI agents.      | 7 Related Work Proactive AI agents. Proactivity is a longsta
       78208    137 w  -            Agents with memory.                      | Agents with memory. LLM agents are increasingly modeled as i
       79119    100 w  -            Streaming models.                        | Streaming models. IntentFlow is motivated by two complementa
       79856    368 w  -            Conclusion and Next Steps                | 8 Conclusion and Next Steps We introduce Pask, a proactive A
    MISSING '8\nConclusion and Next Steps\n. . . . . . . . . . . . . . . . . . . . . . . . . . . . . . . . . . . . . . . . . . . .\n22'

xing2021-dialogue-segmentation.pdf  ok  pieces 15  dropped 0  tries 1  toc None  chunks 4  $0.005
    class published | title 'Improving Unsupervised Dialogue Topic Segmentation with\nUtterance-Pair Coherence Scoring' | author 'Linzi Xing and Giuseppe Carenini' | date 2021-06-12 from 'arXiv:2106.06719v1  [cs.CL]  12 Jun 2021'
    body 244-35149 of 46498 (25% outside) | body_start 'Abstract' | end matter 'Acknowledgments'
    contents None .. None at None-None
         244    118 w  -            Abstract                                 | Abstract Dialogue topic segmentation is critical in sev- era
        1077   1019 w  -            Chapter 1: Introduction                  | 1 Introduction Dialogue Topic Segmentation (DTS), as a funda
        7646    460 w  -            Chapter 2: Related Work / Dialogue Topic | 2 Related Work Dialogue Topic Segmentation (DTS) Similar to 
       10752    259 w  -            Coherence Scoring                        | Coherence Scoring Early on Barzilay and Lap- ata (2005, 2008
       12452    242 w  -            Methodology                              | 3 Methodology Following most of the previous work, we adopt 
       13817    970 w  -            Training Data for Coherence Scoring      | 3.1 Training Data for Coherence Scoring We follow previous w
       19672    381 w  -            Utterance-Pair Coherence Scoring Model   | 3.2 Utterance-Pair Coherence Scoring Model As illustrated in
       21974     21 w  -            Experiments                              | 4 Experiments We comprehensively test our proposal by empiri
       22115    183 w  -            Data for Evaluation                      | 4.1 Data for Evaluation DialSeg 711 (Xu et al., 2021): a rea
       23318    292 w  -            Baselines                                | 4.2 Baselines We compare our dialogue topic segmenter with f
       25199     87 w  -            Evaluation Metrics                       | 4.3 Evaluation Metrics We apply three standard metrics to ev
       25759    341 w  -            Experimental Setup                       | 4.4 Experimental Setup We ﬁne-tune the utterance-pair cohere
       27713    646 w  -            Results and Analysis                     | 4.5 Results and Analysis Table 4 compares the results of bas
       31843    325 w  -            Case Study                               | 4.6 Case Study To more intuitively analyze the performance o
       33917    192 w  -            Conclusions and Future Work              | 5 Conclusions and Future Work This paper addresses a key lim

xmemory-2026.pdf  ok  pieces 29  dropped 4  tries 2  toc 31  chunks 8  $0.012
    class published | title 'From Unstructured Recall to Schema-Grounded Memory:\nReliable AI Memory via Iterative, Schema-Aware Extraction' | author 'Alex Petrov1, Alexander Gusak1, Denis Mukha1, and Dima Korolev1' | date 2026-08-14 from 'August 14, 2026'
    body 238-75418 of 92731 (19% outside) | body_start 'Abstract' | end matter 'Acknowledgments'
    contents 'Contents' .. 'A.2 Overview of existing memory benchmarks: LoCoMo and LongMemEval\n. . . . .' at 2413-5246
         238   1079 w  -            Abstract                                 | Abstract Persistent AI memory is often reduced to a retrieva
        5329    589 w  -            Chapter 1: The memory problem in AI syst | 1 The memory problem in AI systems 1.1 Memory query types ex
        9217    286 w  -            Section 1.2: Summarisation and embedding | 1.2 Summarisation and embedding-based recall introduce unavo
       11069    265 w  -            Chapter 2: Why unstructured memory fails | 2 Why unstructured memory fails at factual recall 2.1 Implic
       12894    116 w  -            2.2 Limits of semantic similarity for pr | 2.2 Limits of semantic similarity for precise questions Simi
       13754    229 w  -            2.3 Why scale, reranking, or hybrid retr | 2.3 Why scale, reranking, or hybrid retrieval do not fix fac
       15344    448 w  -            3 Schema-grounded memory as explicit rel | 3 Schema-grounded memory as explicit relevance definition 3.
       18299    168 w  -            3.2 Memory as facts, not text            | 3.2 Memory as facts, not text Once relevance is defined by a
       19530    403 w  -            4 Architectural tradeoff: write-path com | 4 Architectural tradeoff: write-path complexity vs read-path
       22397    183 w  -            4.2 Graph RAG: introducing partial struc | 4.2 Graph RAG: introducing partial structure into retrieval 
       23711    403 w  -            4.3 Why not a general-purpose relational | 4.3 Why not a general-purpose relational database? The progr
       26590    225 w  -            Text-to-SQL as constrained retrieval     | 4.4 Text-to-SQL as constrained retrieval Once memory is stor
       28221    120 w  -            Empirical limits of single-pass structur | 5 Empirical limits of single-pass structured output Object e
       29029    729 w  -            Field accuracy vs object accuracy        | 5.1 Field accuracy vs object accuracy Single-pass structured
       33638    195 w  -            Compounding loss and memory corruption   | 5.2 Compounding loss and memory corruption Memory correctnes
       35012    451 w  -            Iterative, schema-aware extraction / Ove | 6 Iterative, schema-aware extraction 6.1 Overall architectur
       38197    286 w  -            Prompt engine role                       | 6.2 Prompt engine role Decomposition requires a control plan
       40231    448 w  -            Memory contexts: request, session, and m | 6.3 Memory contexts: request, session, and main Iterative ex
       43354    668 w  -            Real-workflow decision latency and token | 6.4 Real-workflow decision latency and token consumption The
       47567     60 w  -            Schema lifecycle: bootstrapping and evol | 7 Schema lifecycle: bootstrapping and evolution Section 6 tr
       47968     93 w  -            7.1 Bootstrapping the schema             | 7.1 Bootstrapping the schema Most systems start from one of 
       48574    100 w  -            7.2 Agent-assisted schema design from in | 7.2 Agent-assisted schema design from intended questions Use
       49269    161 w  -            7.3 Schema evolution from observed usage | 7.3 Schema evolution from observed usage Once deployed, real
       50440    280 w  -            8 Evaluation: memory quality improves wi | 8 Evaluation: memory quality improves with structure 8.1 Ben
       52516    663 w  -            8.2 Extraction results and comparison    | 8.2 Extraction results and comparison Extraction reporting s
       56925   1865 w  -            8.3 Tests of memory functions and compar | 8.3 Tests of memory functions and comparison with other memo
       69780    295 w  -            8.4 Model real-life use case experiment  | 8.4 Model real-life use case experiment The Splitwise experi
       71957    195 w  -            Limitations                              | 9 Limitations The results should be interpreted within the s
       73288    279 w  -            Conclusions and future work              | 10 Conclusions and future work Schema-grounded memory with a
    4 piece(s) after the end matter dropped

xu2024-kg-rag-customer-service.pdf  ok  pieces 16  dropped 0  tries 1  toc None  chunks 3  $0.004
    class published | title 'Retrieval-Augmented Generation with Knowledge Graphs for\nCustomer Service Question Answering' | author 'Zhentao Xu' | date 2024-07-14 from 'SIGIR ’24, July 14–18, 2024, Washington, DC, USA'
    body 615-21793 of 26751 (21% outside) | body_start 'ABSTRACT' | end matter 'REFERENCES'
    contents None .. None at None-None
         615    409 w  -            Abstract                                 | ABSTRACT In customer service technical support, swiftly and 
        3495    351 w  -            Introduction                             | 1 INTRODUCTION Effective technical support in customer servi
        5971    198 w  -            Related Work                             | 2 RELATED WORK Question answering (QA) with knowledge graphs
        7398    106 w  -            Methods                                  | 3 METHODS We introduce an LLM-based customer service questio
        8160    188 w  -            Knowledge Graph Construction / Graph Str | 3.1 Knowledge Graph Construction 3.1.1 Graph Structure Defin
        9462    171 w  -            Knowledge Graph Construction             | 3.1.2 Knowledge Graph Construction. Graph construction is de
       10691    863 w  -            Embedding Generation                     | 3.1.3 Embedding Generation. To support online embedding-base
       14410    174 w  -            Retrieval and Question Answering / Query | 3.2 Retrieval and Question Answering 3.2.1 Query Entity Iden
       15521    299 w  -            Embedding-based Retrieval of Sub-graphs  | 3.2.2 Embedding-based Retrieval of Sub-graphs. Our method ex
       17620     53 w  -            Answer Generation                        | 3.2.3 Answer Generation. Answers are synthesized by correlat
       17982    134 w  -            EXPERIMENT / Experiment Design           | 4 EXPERIMENT 4.1 Experiment Design Our evaluation employed a
       18915     88 w  -            Result and Analysis                      | 4.2 Result and Analysis The retrieval and question-answering
       19529     98 w  -            PRODUCTION USE CASE                      | 5 PRODUCTION USE CASE We deployed our method within LinkedIn
       20129     85 w  -            CONCLUSIONS AND FUTURE WORK              | 6 CONCLUSIONS AND FUTURE WORK In conclusion, our research si
       20757     98 w  -            COMPANY PORTRAIT                         | 7 COMPANY PORTRAIT About LinkedIn: Founded in 2003, LinkedIn
       21513     43 w  -            PRESENTER BIO                            | 8 PRESENTER BIO Zhentao Xu is a Senior Software Engineer at 

yang2026-asymmetric-capacity-allocation.pdf  ok  pieces 17  dropped 7  tries 1  toc None  chunks 6  $0.008
    class published | title 'Asymmetric Capacity Allocation in Self-Refinement Pipelines' | author 'Zhuoyi Yang1\nIan G. Harris1\nSalar Hashemitaheri1\nCassie Huang2\nYuangang Li1\nHyunwoo Oh1\nPaul Dourish1\nTony Givargis1\nMohsen Imani1\nLi Zhang2' | date 2026-08-21 from 'arXiv:2608.21345v1  [cs.LG]  21 Aug 2026'
    body 383-32959 of 69138 (53% outside) | body_start 'Abstract' | end matter 'References'
    contents None .. None at None-None
         383    204 w  -            opening                                  | Abstract Self-refinement, typically structured as genera- ti
        1777    540 w  -            Chapter 1: Introduction                  | 1 Introduction Large language models increasingly rely on it
        5425    485 w  -            Chapter 2: Related Works                 | 2 Related Works Self-refinement has become a widely adopted 
        8810     30 w  -            Chapter 3: Method                        | 3 Method This section describes our experimental framework f
        9045    214 w  -            Section 3.1: Self-Refinement Pipeline    | 3.1 Self-Refinement Pipeline Our self-refinement framework c
       10402    197 w  -            Section 3.2: Stage-wise Model Size Analy | 3.2 Stage-wise Model Size Analysis Protocol Our objective is
       11595    164 w  -            Section 3.3: No-Critique Baseline        | 3.3 No-Critique Baseline To determine whether explicit criti
       12660     74 w  -            Experimental Setup                       | 4 Experimental Setup We conduct stage-wise model size analys
       13192    183 w  -            Models                                   | 4.1 Models We evaluate our stage-wise scaling analysis using
       14401    858 w  -            Benchmarks and Evaluation                | 4.2 Benchmarks and Evaluation We evaluate stage-wise model s
       19855    291 w  -            Prompting Strategy                       | 4.3 Prompting Strategy All three stages use task-specific fe
       21672    177 w  -            Results                                  | 5 Results Figure 4 shows the effect of increasing model size
       22764    233 w  -            Model Size Analysis of The Generator     | 5.1 Model Size Analysis of The Generator Finding 1. Pipeline
       24147    735 w  -            Model Size Analysis of The Critic        | 5.2 Model Size Analysis of The Critic Finding 2.1 Pipeline p
       28990    356 w  -            Model Size Analysis of The Refiner       | 5.3 Model Size Analysis of The Refiner Finding 3.1 Pipeline 
       31376    107 w  -            Conclusion                               | 6 Conclusion We presented the first stage-wise model size an
       32129    114 w  -            Limitations                              | Limitations This work analyzes stage-wise model scaling in t
    7 piece(s) after the end matter dropped

yang2026-promem.pdf  ok  pieces 21  dropped 0  tries 1  toc None  chunks 4  $0.005
    class published | title 'Beyond Static Summarization: Proactive Memory Extraction\nfor LLM Agents' | author 'Chengyuan Yang†\nZequn Sun†, *\nWei Wei†\nWei Hu†, ‡' | date 2026-01-08 from 'arXiv:2601.04463v1  [cs.CL]  8 Jan 2026'
    body 335-35467 of 41814 (16% outside) | body_start 'Abstract' | end matter 'References'
    contents None .. None at None-None
         335    174 w  -            Abstract                                 | Abstract Memory management is vital for LLM agents to handle
        1530    799 w  -            Chapter 1: Introduction                  | 1 Introduction Memory management is a cornerstone for large 
        6886     20 w  -            Chapter 2: Related Work                  | 2 Related Work In this section, we discuss the related work 
        7020    317 w  -            Section 2.1: Summary-based Memory Manage | 2.1 Summary-based Memory Management To handle long-horizon t
        9158    155 w  -            Section 2.2: LLM-based Information Extra | 2.2 LLM-based Information Extraction Information extraction 
       10223     26 w  -            Chapter 3: Proactive Memory Extraction   | 3 Proactive Memory Extraction In this section, we first brie
       10396    257 w  -            Section 3.1: Motivation                  | 3.1 Motivation We draw inspiration from the recurrent proces
       12042    347 w  -            Section 3.2: Initial Memory Extraction   | 3.2 Initial Memory Extraction In this module, the agent acts
       14265    290 w  -            Section 3.3: Memory Completion via Seman | 3.3 Memory Completion via Semantic Matching Although the ini
       16002    380 w  -            Section 3.4: Memory Verification via Sel | 3.4 Memory Verification via Self-Questioning This is the cor
       18307    247 w  -            Section 3.5: Discussion on Computational | 3.5 Discussion on Computational Overhead We acknowledge that
       19929     16 w  -            Chapter 4: Experiments                   | 4 Experiments In this section, we present the experimental r
       20037    504 w  -            Section 4.1: Experimental Setup          | 4.1 Experimental Setup Datasets. To comprehensively assess o
       23406    201 w  -            Section 4.2: Main Results                | 4.2 Main Results Table 1 presents the main results on HaluMe
       24691    248 w  -            4.3 Ablation Study                       | 4.3 Ablation Study To assess each module in ProMem, we condu
       26249    304 w  -            4.4 Results with Token Compression       | 4.4 Results with Token Compression As discussed in Section 3
       28239    394 w  -            4.5 Results with SLMs                    | 4.5 Results with SLMs Building upon our previous analysis of
       30792    267 w  -            4.6 Results on LongMemEval               | 4.6 Results on LongMemEval While HaluMem focuses on evaluati
       32556    137 w  -            4.7 Case Study                           | 4.7 Case Study To intuitively show the superiority of our me
       33481    118 w  -            5 Conclusion and Future Work             | 5 Conclusion and Future Work In this paper, we identify the 
       34279    169 w  -            Limitations                              | Limitations Although our ProMem method demonstrates supe- ri

zhang2024-edc-kg-construction.pdf  ok  pieces 13  dropped 18  tries 2  toc None  chunks 6  $0.011
    class published | title 'Extract, Define, Canonicalize: An LLM-based Framework for Knowledge\nGraph Construction' | author 'Bowen Zhang1 and Harold Soh1,2' | date 2024-10 from 'arXiv:2404.03868v2  [cs.CL]  2 Oct 2024'
    body 246-35952 of 68759 (48% outside) | body_start 'Abstract' | end matter 'The datasets we used in the'
    contents None .. None at None-None
         246    256 w  -            Abstract                                 | Abstract In this work, we are interested in automated method
        1919    949 w  -            Chapter 1: Introduction                  | 1 Introduction Knowledge graphs (KGs) (Ji et al., 2021) are 
        8146    584 w  -            Chapter 2: Background                    | 2 Background In this section, we provide relevant background
       12008    100 w  -            Method: EDC for KGC                      | 3 Method: EDC for KGC This section outlines our primary cont
       12625    783 w  -            EDC: Extract-Define-Canonicalize         | 3.1 EDC: Extract-Define-Canonicalize At a high level, EDC de
       17660    426 w  -            EDC+R: iteratively refine EDC with Schem | 3.2 EDC+R: iteratively refine EDC with Schema Retriever The 
       20361     65 w  -            Experiments                              | 4 Experiments In this section, we describe experiments desig
       20803    322 w  -            Experimental Setup                       | 4.1 Experimental Setup Datasets. We evaluate EDC using three
       22866    638 w  -            Evaluation Criteria and Baselines        | 4.1.1 Evaluation Criteria and Baselines We evaluate our meth
       27008    789 w  -            Target Alignment                         | 4.2.1 Target Alignment The bar charts in Figure 2 summarize 
       32128    222 w  -            Self Canonicalization                    | 4.2.2 Self Canonicalization Here, we focus on evaluating EDC
       33581    100 w  -            Conclusion                               | 5 Conclusion In this work, we presented EDC, an LLM-based th
       34246    280 w  -            Limitations and Future Directions        | 6 Limitations and Future Directions There are several limita
    18 piece(s) after the end matter dropped

zhang2024-ocr-hinders-rag.pdf  ok  pieces 17  dropped 22  tries 1  toc None  chunks 7  $0.011
    class published | title 'OCR Hinders RAG: Evaluating the Cascading Impact of OCR on\nRetrieval-Augmented Generation' | author 'Junyuan Zhang1,3∗' | date 2025-08-30 from 'arXiv:2412.02592v4  [cs.CV]  30 Aug 2025'
    body 334-39224 of 83710 (54% outside) | body_start 'Abstract' | end matter 'Acknowledgments'
    contents None .. None at None-None
         334    234 w  -            Abstract                                 | Abstract Retrieval-augmented Generation (RAG) enhances Large
        1971   1217 w  -            Chapter 1: Introduction                  | 1. Introduction Retrieval Augmented Generation (RAG) enhance
       10039    167 w  -            Chapter 2: Related Works / Section 2.1:  | 2. Related Works 2.1. Retrieval-Augmented Generation Retriev
       11162    134 w  -            Section 2.2: Document parsing with OCR   | 2.2. Document parsing with OCR OCR-based document parsing is
       12072    145 w  -            2.3. Benchmark and evaluation of Retriev | 2.3. Benchmark and evaluation of Retrieval- Augmented Genera
       13122     64 w  -            3. OHRBench                              | 3. OHRBench Our OHRBench consists of 1) a number of unstruct
       13533    553 w  -            3.1. Data collection                     | 3.1. Data collection According to [27, 57], extracting struc
       17252    551 w  -            3.2. Q&A pairs generation                | 3.2. Q&A pairs generation The process of extracting structur
       21024    465 w  -            3.3. Data perturbation with OCR noise    | 3.3. Data perturbation with OCR noise Despite advancements i
       24294    535 w  -            Chapter 4: Experiments / Section 4.1: Ex | 4. Experiments 4.1. Experimental settings We evaluate the im
       27578    507 w  -            Section 4.2: Benchmarking current OCR so | 4.2. Benchmarking current OCR solutions In this section, we 
       31132    292 w  -            Section 4.3: In-depth analysis of OCR no | 4.3. In-depth analysis of OCR noise’s impact on RAG In this 
       33072    214 w  -            Section 4.3.1: Fine-grained impact on re | 4.3.1. Fine-grained impact on retrieval and generation Seman
       34626    169 w  -            Section 4.3.2: Impact on end-to-end eval | 4.3.2. Impact on end-to-end evaluation Semantic Noise consis
       35885    114 w  -            Section 4.3.3: Impact of table format    | 4.3.3. Impact of table format In addition to perturbations, 
       36636    288 w  -            4.3.4. Error analysis                    | 4.3.4. Error analysis We further conduct error analysis to u
       38414    123 w  -            5. Conclusion                            | 5. Conclusion In this paper, we present OHRBench to evaluate
    22 piece(s) after the end matter dropped

zheng2023-llm-as-judge.pdf  ok  pieces 18  dropped 17  tries 1  toc None  chunks 8  $0.011
    class published | title 'Judging LLM-as-a-Judge\nwith MT-Bench and Chatbot Arena' | author 'Lianmin Zheng1∗' | date 2023-12-24 from 'arXiv:2306.05685v4  [cs.CL]  24 Dec 2023'
    body 315-37608 of 87509 (57% outside) | body_start 'Abstract' | end matter 'References'
    contents None .. None at None-None
         315    184 w  -            Abstract                                 | Abstract Evaluating large language model (LLM) based chat as
        1652   1253 w  -            Chapter 1: Introduction                  | 1 Introduction There has been a proliferation of LLM-based c
        9868    285 w  -            Chapter 2: MT-Bench and Chatbot Arena /  | 2nd Turn Now, explain them again like I’m five. 2 MT-Bench a
       11927     78 w  -            Section 2.2: MT-Bench                    | 2.2 MT-Bench We create MT-bench, a benchmark consisting of 8
       12511    104 w  -            2.3 Chatbot Arena                        | 2.3 Chatbot Arena Our second approach is Chatbot Arena, a cr
       13176    137 w  -            3 LLM as a Judge                         | 3 LLM as a Judge While our initial evaluations using MT-benc
       14072    179 w  -            3.1 Types of LLM-as-a-Judge              | 3.1 Types of LLM-as-a-Judge We propose 3 LLM-as-a-judge vari
       15187     44 w  -            3.2 Advantages of LLM-as-a-Judge         | 3.2 Advantages of LLM-as-a-Judge LLM-as-a-judge offers two k
       15515    956 w  -            3.3 Limitations of LLM-as-a-Judge        | 3.3 Limitations of LLM-as-a-Judge We identify certain biases
       21387    408 w  -            3.4 Addressing limitations               | 3.4 Addressing limitations We present a few methods to addre
       23943    159 w  -            Multi-turn judge                         | 3.5 Multi-turn judge In MT-bench, every question involves tw
       24968     51 w  -            Agreement Evaluation                     | 4 Agreement Evaluation We study the agreement between differ
       25323    191 w  -            Setup                                    | 4.1 Setup MT-bench. We generate answers for all 80 questions
       26534    863 w  -            High agreement between GPT-4 and humans  | 4.2 High agreement between GPT-4 and humans We compute agree
       31651    241 w  -            Win rates under different judges         | 4.3 Win rates under different judges We plot the average win
       33172    309 w  -            Human Preference Benchmark and Standardi | 5 Human Preference Benchmark and Standardized Benchmark Huma
       35190    226 w  -            Discussion                               | 6 Discussion Limitations. This paper emphasizes helpfulness 
       36812    122 w  -            Conclusion                               | 7 Conclusion In this paper, we propose LLM-as-a-judge for ch
    17 piece(s) after the end matter dropped

zhong2023-kg-construction-survey.pdf  ok  pieces 59  dropped 0  tries 1  toc None  chunks 17  $0.024
    class published | title 'A Comprehensive Survey on Automatic Knowledge Graph\nConstruction' | author 'LINGFENG ZHONG, Macquarie University, Australia\nJIA WU, Macquarie University, Australia\nQIAN LI, Beihang University, China\nHAO PENG, Beihang University, China\nXINDONG WU, Hefei University of Technology, China' | date 2022-07 from 'ACM Comput. Surv., Vol. 36, No. 4, Article 66. Publication date: July 2022.'
    body 277-138903 of 202940 (32% outside) | body_start 'Automatic knowledge graph construction aims to manufacture structured human knowledge. To this end,' | end matter 'REFERENCES'
    contents None .. None at None-None
         277    285 w  -            opening                                  | Automatic knowledge graph construction aims to manufacture s
        2425   1556 w  -            Chapter 1: INTRODUCTION                  | 1 INTRODUCTION Knowledge graphs (KGs) provide well-organized
       12607    602 w  -            Major Differences and Contributions      | 1.1 Major Differences and Contributions Many surveys have pr
       17580    121 w  -            Organization of the Survey               | 1.2 Organization of the Survey We organize our survey as fol
       18451    320 w  -            Background / Definitions                 | 2 BACKGROUND 2.1 Definitions Many contributions have been ma
       20527     46 w  -            Practical Knowledge Graph Projects       | 2.2 Practical Knowledge Graph Projects In this section, we r
       20904    195 w  -            Encyclopedia KGs.                        | 2.2.1 Encyclopedia KGs. Encyclopedia knowledge graphs system
       22375    134 w  -            Linguistic KGs.                          | 2.2.2 Linguistic KGs. Linguistic knowledge graphs deliver kn
       23393    192 w  -            Enterprise support KGs.                  | 2.2.3 Enterprise support KGs. Knowledge graphs and their rel
       25274     86 w  -            Commonsense KGs.                         | 2.2.4 Commonsense KGs. Commonsense knowledge graphs depict w
       25909    149 w  -            Domain-specific KGs.                     | 2.2.5 Domain-specific KGs. Researchers also assemble specifi
       26971    170 w  -            Federated KGs.                           | 2.2.6 Federated KGs. Privacy protection plays a critical rol
       28258     44 w  -            Knowledge Graph Construction Tools       | 2.3 Knowledge Graph Construction Tools In this section, we r
       28567     89 w  -            Data Preprocessing.                      | 2.3.1 Data Preprocessing. Data pre-processing tasks remove n
       29228    286 w  -            Knowledge Acquisition.                   | 2.3.2 Knowledge Acquisition. The early toolkits for knowledg
       31434    108 w  -            Knowledge Refinement.                    | 2.3.3 Knowledge Refinement. Knowledge refinement tools refin
       32205     40 w  -            SEMI-STRUCTURED DATA PRE-PROCESSING      | 3 SEMI-STRUCTURED DATA PRE-PROCESSING Real-world raw data so
       32533    410 w  -            Content Extraction                       | 3.1 Content Extraction Many web pages contain non-content no
       35315    186 w  -            Structure Interpretation                 | 3.2 Structure Interpretation Many table forms in the web pag
       36625     57 w  -            Knowledge acquisition                    | 4 KNOWLEDGE ACQUISITION Knowledge acquisition is the general
       37076    122 w  -            Entity Discovery                         | 4.1 Entity Discovery Entity discovery acquires a subset of c
       37890    821 w  -            Named Entity Recognition from semi-struc | 4.1.1 Named Entity Recognition from semi-structured data vs 
       43481    555 w  -            Entity Typing                            | 4.1.2 Entity Typing. Entity typing (ET) tasks provide fine-g
       47495    647 w  -            Entity Linking from semi-structured data | 4.1.3 Entity Linking from semi-structured data vs unstructur
       51982    503 w  -            Other Advances.                          | 4.1.4 Other Advances. Few/Zero-shot entity typing is an intr
       55405     58 w  -            Coreference Resolution                   | 4.2 Coreference Resolution Coreference expressions often app
       55797    359 w  -            Statistic-based Models.                  | 4.2.1 Statistic-based Models. Early attempts to capture co-r
       58253    522 w  -            Deep Learning-based Models.              | 4.2.2 Deep Learning-based Models. Deep learning models autom
       61836     73 w  -            Relation Extraction                      | 4.3 Relation Extraction Relation extraction tasks extract re
       62397    717 w  -            Open Relation Extraction from semi-struc | 4.3.1 Open Relation Extraction from semi-structured data vs 
       67203    638 w  -            Domain-specific Relation Classification  | 4.3.2 Domain-specific Relation Classification from unstructu
       71862    805 w  -            Distant Supervised Relation Extraction/C | 4.3.3 Distant Supervised Relation Extraction/Classification.
       77562    845 w  -            Few-shot Relation Classification         | 4.3.4 Few-shot Relation Classification. Low-resource scenari
       83455    992 w  -            Joint Relation Extraction Models         | 4.3.5 Joint Relation Extraction Models. Conventional pipelin
       90061    554 w  -            4.3.6 Document-level Relation Extraction | 4.3.6 Document-level Relation Extraction. Entities in a docu
       94215     70 w  -            5 KNOWLEDGE GRAPH REFINEMENT FROM STRUCT | 5 KNOWLEDGE GRAPH REFINEMENT FROM STRUCTURED DATA Raw knowle
       94725     44 w  -            5.1 Knowledge Graph Completion           | 5.1 Knowledge Graph Completion Knowledge graph completion fi
       95051    317 w  -            5.1.1 Embedding-based Triple Completion  | 5.1.1 Embedding-based Triple Completion. An embedding-based 
       97285    633 w  -            Relation Path Reasoning                  | 5.1.2 Relation Path Reasoning. Relation path reasoning deduc
      101809    305 w  -            Interpretable Relation Reasoning         | 5.1.3 Interpretable Relation Reasoning. Interpretability ser
      104028    232 w  -            Triple Classification                    | 5.1.4 Triple Classification. Triple classification aims to d
      105670     77 w  -            Knowledge Fusion                         | 5.2 Knowledge Fusion Real-world knowledge is usually open fo
      106205    248 w  -            Attribute Alignment                      | 5.2.1 Attribute Alignment. An attribute triple indicates a p
      107906    724 w  -            5.2.2 Entity Matching with Small-scale K | 5.2.2 Entity Matching with Small-scale Knowledge Graph. In i
      112978    614 w  -            5.2.3 Entity Alignment with Large-scale  | 5.2.3 Entity Alignment with Large-scale Knowledge Graph. Lar
      117350     90 w  -            6 KNOWLEDGE EVOLUTION                    | 6 KNOWLEDGE EVOLUTION Recently, researchers have focused on 
      117955    368 w  -            6.1 Condition Knowledge Acquisition      | 6.1 Condition Knowledge Acquisition Many scientific facts ar
      120595    538 w  -            Condition Knowledge Graph Completion     | 6.2 Condition Knowledge Graph Completion Condition Knowledge
      124414    174 w  -            Knowledge Dynamic                        | 6.3 Knowledge Dynamic Many researchers have contributed to t
      125648    365 w  -            KNOWLEDGE GRAPH STORAGE                  | 7 KNOWLEDGE GRAPH STORAGE In this section, we provide a brie
      128254     31 w  -            DISCUSSION ON KNOWLEDGE GRAPH CONSTRUCTI | 8 DISCUSSION ON KNOWLEDGE GRAPH CONSTRUCTION Researchers hav
      128496    427 w  -            Long and Intricate Contexts for KG Const | 8.1 Long and Intricate Contexts for KG Construction Intricat
      131664    102 w  -            8.2 Multi-modal Knowledge Graph Construc | 8.2 Multi-modal Knowledge Graph Construction and Completion 
      132379    250 w  -            8.3 Federated Learning                   | 8.3 Federated Learning Federated Learning is an enlightening
      134149    163 w  -            8.4 Advanced Semantic and Dynamic in Kno | 8.4 Advanced Semantic and Dynamic in Knowledge Graph Constru
      135281    104 w  -            8.5 Human-machine Synergy for Knowledge  | 8.5 Human-machine Synergy for Knowledge Graph Construction A
      135989    112 w  -            8.6 Cross-lingual Knowledge Graph        | 8.6 Cross-lingual Knowledge Graph Building cross-lingual kno
      136853    110 w  -            8.7 End-to-end Unified Framework for Con | 8.7 End-to-end Unified Framework for Construction End-to-end
      137708    158 w  -            9 CONCLUSION                             | 9 CONCLUSION With this paper, we delivered a comprehensive s

zhou2024-universalner.pdf  ok  pieces 14  dropped 4  tries 1  toc None  chunks 6  $0.008
    class published | title 'UniversalNER: TARGETED DISTILLATION FROM\nLARGE LANGUAGE MODELS FOR OPEN NAMED\nENTITY RECOGNITION' | author 'Wenxuan Zhou1∗, Sheng Zhang2∗, Yu Gu2, Muhao Chen1,3, Hoifung Poon2' | date 2024-01-19 from 'arXiv:2308.03279v2  [cs.CL]  19 Jan 2024'
    body 366-35772 of 66060 (46% outside) | body_start 'ABSTRACT' | end matter 'ACKNOWLEDGEMENT'
    contents None .. None at None-None
         366    241 w  -            Abstract                                 | ABSTRACT Large language models (LLMs) have demonstrated rema
        2085    563 w  -            Introduction                             | 1 INTRODUCTION Large language models (LLMs) such as ChatGPT 
        6000    529 w  -            Related Work                             | 2 RELATED WORK Knowledge distillation. While LLMs such as Ch
        9513    147 w  -            Mission-Focused Instruction Tuning       | 3 MISSION-FOCUSED INSTRUCTION TUNING Instruction tuning (Ouy
       10382    681 w  -            Data Construction                        | 3.1 DATA CONSTRUCTION A typical instruction-tuning example i
       14757    674 w  -            3.2 INSTRUCTION TUNING                   | 3.2 INSTRUCTION TUNING Conversation-style Instruct Tuning Te
       18889    304 w  -            4 UNIVERSAL NER BENCHMARK                | 4 UNIVERSAL NER BENCHMARK To conduct a comprehensive evaluat
       20909    237 w  -            5 EXPERIMENTS                            | 5 EXPERIMENTS This section presents experimental evaluations
       22401    148 w  -            5.1 EXPERIMENTAL SETTINGS                | 5.1 EXPERIMENTAL SETTINGS Model configurations. We train mod
       23365    509 w  -            5.2 DISTILLATION                         | 5.2 DISTILLATION We first evaluate the models in a zero-shot
       26692    405 w  -            5.3 SUPERVISED FINETUNING                | 5.3 SUPERVISED FINETUNING We study whether our models can be
       29318    725 w  -            5.4 ANALYSIS                             | 5.4 ANALYSIS Strategy Movie Restaurant AI Literature Music P
       34067    170 w  -            5.5 CASE STUDY                           | 5.5 CASE STUDY Sensitivity to entity type paraphrasing. One 
       35213     82 w  -            6 CONCLUSION                             | 6 CONCLUSION We present a targeted distillation approach wit
    4 piece(s) after the end matter dropped

